{"head": [0.5030137896537781, 52, 56], "l_knee": [0.0065855905413627625, 32, 75], "r_hip": [0.08819225430488586, 68, 16], "l_ankle": [0.004707857966423035, 24, 16], "r_ankle": [0.006249062716960907, 92, 12], "r_shoulder": [0.48327934741973877, 64, 40], "r_knee": [0.07555575668811798, 48, 36], "l_elbow": [0.44263845682144165, 72, 72], "neck": [0.5090283155441284, 72, 52], "r_elbow": [0.6851043701171875, 68, 28], "l_shoulder": [0.4545212984085083, 76, 64], "l_hip": [0.008732093498110771, 48, 29], "r_wrist": [0.9489935636520386, 80, 32], "l_wrist": [0.6681209802627563, 84, 68]}