{"head": [0.5290542840957642, 52, 56], "l_knee": [0.008808601647615433, 58, 72], "r_hip": [0.03242386877536774, 68, 16], "l_ankle": [0.002580389380455017, 20, 20], "r_ankle": [0.002441607415676117, 28, 20], "l_elbow": [0.7369861006736755, 72, 72], "r_knee": [0.032636553049087524, 48, 20], "l_hip": [0.004040993750095367, 64, 76], "l_wrist": [1.0995484590530396, 84, 68], "r_shoulder": [0.7770610451698303, 60, 36], "neck": [0.6073854565620422, 72, 52], "l_shoulder": [0.4766049385070801, 68, 68], "r_elbow": [0.841036319732666, 68, 32], "r_wrist": [0.8966158628463745, 80, 32]}