{"head": [0.6413989067077637, 52, 56], "l_ankle": [0.0034503191709518433, 20, 16], "r_hip": [0.09220747649669647, 72, 20], "r_ankle": [0.004775278270244598, 92, 12], "l_knee": [0.002986118197441101, 44, 36], "r_knee": [0.04961080849170685, 48, 20], "r_shoulder": [0.4851416349411011, 64, 36], "l_shoulder": [0.4230116605758667, 68, 68], "neck": [0.41425442695617676, 72, 52], "r_elbow": [0.7684677243232727, 68, 28], "l_elbow": [0.6049331426620483, 72, 72], "r_wrist": [0.8896251916885376, 80, 32], "l_wrist": [1.027613639831543, 84, 68], "l_hip": [0.002167902886867523, 84, 84]}