{"head": [0.838804304599762, 20, 52], "r_ankle": [0.5474923253059387, 68, 44], "r_knee": [0.29391413927078247, 65, 43], "neck": [0.8428552746772766, 36, 52], "r_shoulder": [0.9491740465164185, 40, 40], "l_shoulder": [0.9941297769546509, 40, 64], "r_hip": [0.5980633497238159, 60, 44], "l_hip": [0.5969480276107788, 60, 56], "r_elbow": [1.017527461051941, 60, 36], "l_wrist": [0.7940706014633179, 84, 68], "l_elbow": [0.9128173589706421, 60, 64], "l_knee": [0.5107322931289673, 64, 56], "l_ankle": [0.5413707494735718, 68, 52], "r_wrist": [0.9772069454193115, 80, 32]}