{"head": [0.5868862867355347, 56, 56], "l_ankle": [0.0032086223363876343, 88, 72], "r_hip": [0.08138146996498108, 68, 16], "l_knee": [0.009572364389896393, 50, 24], "r_knee": [0.051515400409698486, 52, 36], "l_elbow": [0.4004719853401184, 72, 72], "r_shoulder": [0.4457201361656189, 68, 40], "l_hip": [0.018883146345615387, 84, 52], "r_wrist": [0.8543200492858887, 80, 32], "l_shoulder": [0.256830096244812, 68, 68], "l_wrist": [0.6332863569259644, 80, 68], "r_elbow": [0.661557674407959, 64, 28], "neck": [0.30791565775871277, 72, 52]}