{"head": [0.7592288255691528, 20, 52], "r_ankle": [0.7089048624038696, 68, 44], "r_shoulder": [1.022275686264038, 40, 40], "neck": [0.9581228494644165, 40, 52], "l_shoulder": [0.9739304780960083, 40, 64], "r_hip": [0.7577303051948547, 56, 44], "r_knee": [0.2789173424243927, 64, 42], "r_elbow": [1.0514404773712158, 60, 36], "l_hip": [0.7100062370300293, 56, 56], "l_elbow": [0.8581873178482056, 60, 64], "l_knee": [0.6412532329559326, 64, 56], "l_ankle": [0.67649906873703, 68, 52], "l_wrist": [0.9795331954956055, 84, 68], "r_wrist": [1.018696665763855, 80, 32]}