{"head": [0.9985653758049011, 20, 52], "r_ankle": [0.6650640368461609, 68, 44], "r_knee": [0.40429890155792236, 64, 44], "r_elbow": [0.9914761781692505, 60, 36], "neck": [0.8412087559700012, 40, 52], "l_wrist": [1.0570790767669678, 84, 68], "r_shoulder": [0.9779810905456543, 40, 40], "l_shoulder": [1.0096042156219482, 40, 64], "r_hip": [0.6993619203567505, 56, 44], "r_wrist": [1.0916757583618164, 80, 32], "l_hip": [0.7941115498542786, 56, 56], "l_elbow": [0.8598552942276001, 60, 64], "l_knee": [0.7113609910011292, 64, 56], "l_ankle": [0.39980149269104004, 68, 52]}