{"head": [0.490861177444458, 52, 56], "l_knee": [0.009319901466369629, 52, 24], "r_hip": [0.08270254731178284, 68, 16], "l_ankle": [0.004923298954963684, 24, 16], "r_ankle": [0.006487801671028137, 92, 12], "r_shoulder": [0.47367483377456665, 64, 40], "r_knee": [0.05913360416889191, 48, 36], "l_elbow": [0.4397425055503845, 72, 72], "neck": [0.5089461207389832, 72, 52], "r_elbow": [0.6804790496826172, 68, 28], "l_shoulder": [0.4619772434234619, 76, 64], "l_hip": [0.007563648745417595, 48, 29], "r_wrist": [0.9549411535263062, 80, 32], "l_wrist": [0.6596337556838989, 84, 68]}