{"head": [0.7988061904907227, 24, 52], "r_ankle": [0.5465711951255798, 68, 44], "r_elbow": [0.9217344522476196, 60, 36], "l_elbow": [0.6918707489967346, 60, 68], "r_shoulder": [0.9759008884429932, 40, 40], "neck": [0.8358621597290039, 40, 52], "l_shoulder": [0.8818991184234619, 40, 64], "r_hip": [0.6849806308746338, 60, 44], "r_knee": [0.4852102994918823, 68, 43], "l_hip": [0.6869449615478516, 60, 56], "l_knee": [0.5640064477920532, 64, 60], "l_ankle": [0.5677136778831482, 68, 52], "r_wrist": [0.9522751569747925, 80, 32], "l_wrist": [1.0703668594360352, 84, 68]}