{"head": [0.8175562620162964, 24, 52], "r_ankle": [0.6661114692687988, 68, 44], "r_elbow": [1.014407992362976, 60, 36], "r_shoulder": [0.969523549079895, 40, 40], "neck": [0.8847789168357849, 40, 52], "l_shoulder": [0.8883665800094604, 40, 64], "r_hip": [0.73248291015625, 56, 44], "r_knee": [0.27001428604125977, 64, 42], "l_elbow": [0.751901388168335, 60, 68], "l_hip": [0.6945973038673401, 56, 56], "l_ankle": [0.5524990558624268, 68, 52], "l_knee": [0.606073260307312, 68, 56], "l_wrist": [1.0728256702423096, 84, 68], "r_wrist": [1.065295934677124, 80, 32]}