{"head": [0.9074310660362244, 20, 52], "r_knee": [0.37660476565361023, 63, 44], "neck": [0.8763561248779297, 40, 52], "r_shoulder": [0.9520331621170044, 40, 40], "l_shoulder": [1.0381766557693481, 40, 64], "r_hip": [0.7394172549247742, 56, 44], "l_hip": [0.8276208639144897, 56, 56], "r_elbow": [0.9417272806167603, 60, 36], "l_elbow": [0.8847146034240723, 60, 64], "l_knee": [0.7223302125930786, 64, 56], "r_ankle": [0.7308293581008911, 68, 44], "l_ankle": [0.4840930104255676, 68, 52], "l_wrist": [1.0035029649734497, 84, 68], "r_wrist": [1.080172061920166, 80, 32]}