{"head": [1.155790090560913, 28, 48], "r_ankle": [0.060354866087436676, 68, 32], "neck": [1.0804067850112915, 40, 48], "l_shoulder": [0.9857720136642456, 40, 56], "r_shoulder": [1.0109813213348389, 44, 40], "r_knee": [0.751645028591156, 76, 44], "l_elbow": [0.8738114833831787, 52, 56], "r_elbow": [0.8971903324127197, 52, 36], "l_wrist": [0.4403209984302521, 64, 56], "r_wrist": [0.9603570699691772, 64, 40], "r_hip": [0.8279158473014832, 60, 44], "l_hip": [0.8047809600830078, 60, 52], "l_ankle": [0.14780333638191223, 68, 52], "l_knee": [0.808721661567688, 72, 52]}