{"head": [0.9992738366127014, 20, 52], "r_ankle": [0.7029433846473694, 68, 44], "r_knee": [0.38703280687332153, 64, 44], "r_elbow": [0.9746655225753784, 60, 36], "neck": [0.852577269077301, 40, 52], "l_wrist": [1.0454883575439453, 84, 68], "r_shoulder": [0.9776351451873779, 40, 40], "l_shoulder": [1.0041823387145996, 40, 64], "r_hip": [0.7697532176971436, 56, 44], "l_hip": [0.8190121054649353, 56, 56], "l_elbow": [0.886972963809967, 60, 64], "l_knee": [0.674404501914978, 64, 56], "l_ankle": [0.46492940187454224, 68, 52], "r_wrist": [1.0833770036697388, 80, 32]}