{"head": [0.5932539105415344, 56, 56], "l_knee": [0.01336650550365448, 56, 72], "r_hip": [0.11091384291648865, 68, 16], "l_ankle": [0.00384598970413208, 24, 16], "r_ankle": [0.00809817761182785, 92, 12], "r_knee": [0.03904525935649872, 84, 16], "l_elbow": [0.3237198293209076, 72, 72], "r_elbow": [0.7669195532798767, 68, 28], "r_wrist": [0.911707878112793, 80, 32], "l_wrist": [0.7680798768997192, 84, 68], "r_shoulder": [0.4333195090293884, 64, 40], "l_shoulder": [0.3791919946670532, 76, 60], "neck": [0.5132773518562317, 72, 52]}