{"head": [0.9718315005302429, 12, 52], "r_ankle": [0.2611132264137268, 72, 46], "r_wrist": [1.0821499824523926, 80, 32], "r_hip": [0.765165388584137, 60, 44], "neck": [0.9011619091033936, 36, 52], "r_shoulder": [0.826989471912384, 36, 40], "l_shoulder": [0.7672041654586792, 36, 68], "l_elbow": [0.9010673761367798, 60, 68], "l_wrist": [0.9344809055328369, 84, 72], "r_elbow": [1.020467758178711, 60, 36], "r_knee": [0.6036866903305054, 68, 44], "l_hip": [0.782042384147644, 60, 56], "l_knee": [0.9465875625610352, 76, 52], "l_ankle": [0.3461693525314331, 72, 55]}