{"head": [0.7125756144523621, 20, 48], "l_wrist": [0.8970080614089966, 84, 68], "r_shoulder": [1.0017980337142944, 40, 36], "neck": [0.8132062554359436, 40, 48], "l_shoulder": [0.816498875617981, 40, 60], "l_ankle": [0.39022737741470337, 68, 52], "l_elbow": [0.8119108080863953, 60, 64], "r_knee": [0.8388307094573975, 72, 44], "r_elbow": [0.8970077037811279, 60, 36], "r_hip": [0.7790796160697937, 60, 40], "r_ankle": [0.14016836881637573, 68, 45], "l_hip": [0.8441962599754333, 60, 52], "l_knee": [0.2776980996131897, 68, 56], "r_wrist": [1.1014991998672485, 80, 32]}