{"head": [0.9954890608787537, 20, 52], "r_ankle": [0.7495280504226685, 68, 44], "l_elbow": [0.8963316679000854, 60, 64], "r_shoulder": [1.0156402587890625, 40, 40], "neck": [1.0073343515396118, 40, 52], "l_shoulder": [0.995559811592102, 40, 64], "r_hip": [0.552845299243927, 56, 44], "r_knee": [0.2620857357978821, 67, 41], "r_elbow": [0.9868086576461792, 60, 36], "l_wrist": [0.8609641790390015, 84, 68], "l_hip": [0.6686697006225586, 60, 56], "l_knee": [0.46812939643859863, 64, 52], "l_ankle": [0.6359766125679016, 68, 52], "r_wrist": [0.9850481748580933, 80, 32]}