{"head": [0.7690989971160889, 20, 48], "r_knee": [0.5787003040313721, 76, 44], "l_wrist": [0.7538630962371826, 80, 68], "r_shoulder": [0.9497647285461426, 40, 36], "neck": [0.8076905012130737, 40, 48], "l_shoulder": [0.83951336145401, 40, 60], "r_elbow": [0.8805316686630249, 56, 32], "r_hip": [0.5801462531089783, 60, 40], "l_hip": [0.6421117782592773, 64, 48], "l_elbow": [0.8361364603042603, 60, 64], "r_ankle": [0.06404703110456467, 68, 32], "r_wrist": [0.8943533897399902, 68, 40], "l_knee": [0.015853382647037506, 68, 68], "l_ankle": [0.01538924127817154, 72, 51]}