{"head": [0.6609330773353577, 40, 56], "l_knee": [0.007612355053424835, 16, 16], "r_hip": [0.5384821891784668, 68, 44], "r_shoulder": [0.9391820430755615, 56, 36], "r_knee": [0.026567935943603516, 84, 16], "l_shoulder": [0.9240362644195557, 56, 68], "l_elbow": [1.0296825170516968, 68, 72], "neck": [0.6420175433158875, 56, 52], "r_elbow": [0.8945111036300659, 68, 32], "l_hip": [0.4308309257030487, 68, 56], "r_wrist": [0.8754953145980835, 80, 32], "l_ankle": [0.04037298262119293, 76, 52], "r_ankle": [0.01051405817270279, 80, 48], "l_wrist": [1.0869407653808594, 84, 68]}