{"head": [0.9409164786338806, 28, 52], "r_elbow": [1.038120150566101, 64, 32], "r_shoulder": [0.9219516515731812, 44, 40], "neck": [0.7653295993804932, 48, 52], "l_shoulder": [0.860089898109436, 48, 64], "r_hip": [0.5446399450302124, 64, 44], "r_knee": [0.39291709661483765, 68, 40], "l_hip": [0.6241984367370605, 64, 56], "l_wrist": [1.092507243156433, 84, 68], "l_knee": [0.4067511558532715, 68, 60], "l_elbow": [0.9345095157623291, 64, 68], "r_ankle": [0.004214584827423096, 72, 28], "r_wrist": [0.8424417972564697, 84, 32], "l_ankle": [0.05412066727876663, 75, 52]}