{"head": [0.9696926474571228, 20, 52], "r_ankle": [0.6871654391288757, 68, 44], "l_elbow": [0.880760908126831, 60, 64], "r_shoulder": [1.0208768844604492, 40, 40], "neck": [1.0207220315933228, 40, 52], "l_shoulder": [0.9931389093399048, 40, 64], "r_hip": [0.6066179871559143, 60, 44], "r_knee": [0.28320103883743286, 68, 41], "r_elbow": [0.9900555610656738, 60, 36], "l_hip": [0.6557608842849731, 60, 52], "l_wrist": [0.8275738954544067, 84, 68], "l_knee": [0.43337780237197876, 66, 52], "l_ankle": [0.600114107131958, 68, 52], "r_wrist": [0.9630956649780273, 80, 32]}