{"head": [0.9600791335105896, 20, 52], "r_knee": [0.2022339403629303, 65, 41], "l_elbow": [0.8665964007377625, 60, 64], "r_shoulder": [1.0648014545440674, 40, 40], "neck": [0.9713332653045654, 40, 52], "l_shoulder": [1.0032267570495605, 40, 64], "r_hip": [0.6067277193069458, 56, 44], "r_elbow": [0.9609807729721069, 60, 36], "l_hip": [0.6788374185562134, 60, 56], "l_wrist": [0.9083577394485474, 84, 68], "r_ankle": [0.737431526184082, 68, 44], "l_knee": [0.48653876781463623, 64, 56], "l_ankle": [0.5908094048500061, 68, 52], "r_wrist": [0.9950077533721924, 80, 32]}