{"head": [0.6232216954231262, 36, 56], "r_elbow": [0.908972978591919, 64, 32], "r_hip": [0.5567858815193176, 68, 44], "r_knee": [0.025397032499313354, 48, 24], "neck": [0.7617135047912598, 56, 52], "r_shoulder": [0.9021283388137817, 52, 36], "l_shoulder": [0.8503900766372681, 52, 68], "l_elbow": [1.1585289239883423, 68, 72], "l_hip": [0.6364856362342834, 68, 60], "r_wrist": [0.7802661657333374, 84, 32], "l_ankle": [0.0560944527387619, 76, 52], "l_knee": [0.013545215129852295, 80, 76], "r_ankle": [0.007206950336694717, 78, 48], "l_wrist": [1.0887528657913208, 84, 68]}