{"head": [0.8485340476036072, 20, 52], "r_ankle": [0.7304232120513916, 68, 44], "r_shoulder": [0.9955743551254272, 40, 40], "neck": [1.009966492652893, 40, 52], "l_shoulder": [0.960838794708252, 40, 64], "r_hip": [0.5649396181106567, 60, 44], "r_knee": [0.24614255130290985, 68, 40], "r_elbow": [0.921423077583313, 60, 36], "l_wrist": [0.8767948150634766, 84, 68], "l_hip": [0.652755618095398, 60, 52], "l_elbow": [0.8915974497795105, 60, 64], "l_knee": [0.40622782707214355, 67, 53], "l_ankle": [0.5877075791358948, 68, 52], "r_wrist": [0.9809937477111816, 80, 32]}