{"head": [1.1281638145446777, 28, 48], "r_ankle": [0.12311872094869614, 68, 32], "neck": [1.0973789691925049, 40, 48], "l_shoulder": [0.9791958332061768, 44, 56], "r_shoulder": [0.9534021615982056, 44, 40], "r_knee": [0.7598109841346741, 76, 44], "r_elbow": [0.9240330457687378, 52, 36], "l_elbow": [0.9384850263595581, 52, 60], "r_hip": [0.796299934387207, 60, 44], "l_hip": [0.771602988243103, 60, 52], "l_wrist": [0.783550500869751, 60, 56], "r_wrist": [0.9027749300003052, 64, 40], "l_ankle": [0.18939423561096191, 68, 52], "l_knee": [0.8028125762939453, 72, 52]}