{"head": [1.0860936641693115, 28, 48], "r_ankle": [0.0833706483244896, 68, 32], "r_knee": [0.7442558407783508, 76, 44], "neck": [1.0754189491271973, 40, 48], "r_shoulder": [0.9012144804000854, 40, 40], "l_shoulder": [0.986424446105957, 44, 56], "r_elbow": [0.8755369782447815, 52, 40], "l_elbow": [0.845125675201416, 52, 56], "l_wrist": [0.5452353954315186, 56, 60], "r_hip": [0.795285701751709, 60, 44], "l_hip": [0.8327953815460205, 60, 52], "r_wrist": [0.9141845703125, 64, 40], "l_ankle": [0.14050984382629395, 68, 52], "l_knee": [0.9023053646087646, 72, 52]}