{"head": [0.985939085483551, 20, 52], "r_ankle": [0.6097269058227539, 68, 44], "l_elbow": [0.8530049324035645, 60, 64], "r_wrist": [1.008492350578308, 80, 32], "neck": [0.9011163711547852, 40, 52], "r_shoulder": [0.9893574714660645, 40, 40], "l_shoulder": [0.9913588762283325, 40, 64], "r_hip": [0.6276835799217224, 56, 44], "r_knee": [0.41128820180892944, 65, 44], "r_elbow": [1.0281733274459839, 60, 36], "l_hip": [0.6559874415397644, 60, 56], "l_wrist": [0.9049338102340698, 84, 68], "l_knee": [0.49248361587524414, 64, 56], "l_ankle": [0.5985704064369202, 68, 52]}