{"head": [0.9271183609962463, 20, 52], "l_wrist": [0.8380736112594604, 84, 68], "neck": [0.888227105140686, 40, 52], "r_shoulder": [0.9951118230819702, 40, 40], "l_shoulder": [0.9930768013000488, 40, 64], "r_hip": [0.6419326066970825, 56, 44], "r_knee": [0.3779592216014862, 66, 43], "r_elbow": [1.043775200843811, 60, 36], "l_hip": [0.6266875267028809, 60, 56], "r_ankle": [0.5904203057289124, 68, 44], "l_elbow": [0.8953628540039062, 60, 64], "l_knee": [0.5186541080474854, 64, 56], "l_ankle": [0.5842516422271729, 68, 52], "r_wrist": [0.9926658868789673, 80, 32]}