{"head": [0.6486697793006897, 56, 56], "l_ankle": [0.0020427703857421875, 24, 16], "l_knee": [0.009020380675792694, 32, 75], "r_hip": [0.09319423139095306, 68, 16], "r_shoulder": [0.4900161027908325, 64, 40], "l_shoulder": [0.4123604893684387, 76, 64], "r_knee": [0.025741949677467346, 84, 16], "l_elbow": [0.4364243745803833, 72, 72], "r_elbow": [0.7483158111572266, 68, 28], "neck": [0.6394029259681702, 72, 52], "r_wrist": [0.9580947160720825, 80, 32], "l_hip": [0.002627156674861908, 84, 84], "l_wrist": [0.684882640838623, 84, 68], "r_ankle": [0.007482320070266724, 92, 12]}