{"head": [0.9751167893409729, 20, 52], "r_ankle": [0.6720224022865295, 68, 44], "r_elbow": [0.9885034561157227, 60, 36], "neck": [0.8663175106048584, 40, 52], "l_wrist": [1.0514613389968872, 84, 68], "r_shoulder": [0.9730890989303589, 40, 40], "l_shoulder": [1.0174275636672974, 40, 64], "r_hip": [0.755251407623291, 56, 44], "r_knee": [0.4039289951324463, 64, 44], "l_hip": [0.852723240852356, 56, 56], "l_elbow": [0.8649599552154541, 60, 64], "l_knee": [0.6801377534866333, 64, 56], "l_ankle": [0.42698609828948975, 68, 52], "r_wrist": [1.0883523225784302, 80, 32]}