{"head": [0.7424657344818115, 48, 52], "l_ankle": [0.009823217988014221, 84, 52], "l_wrist": [1.0258885622024536, 84, 68], "l_knee": [0.007214762270450592, 32, 72], "r_knee": [0.02659033238887787, 48, 20], "r_elbow": [0.9231090545654297, 68, 28], "r_ankle": [0.0026529058814048767, 92, 16], "l_elbow": [0.8057354688644409, 72, 72], "r_hip": [0.4217591881752014, 76, 44], "l_shoulder": [0.931672215461731, 64, 68], "r_shoulder": [0.9659847021102905, 60, 36], "neck": [0.5531315207481384, 64, 52], "l_hip": [0.46800127625465393, 76, 56], "r_wrist": [0.8545194864273071, 80, 32]}