{"head": [1.0916249752044678, 28, 48], "r_ankle": [0.07822973281145096, 68, 32], "r_shoulder": [0.9044413566589355, 40, 40], "neck": [1.0769816637039185, 40, 48], "l_shoulder": [1.001746654510498, 44, 56], "r_knee": [0.7551484107971191, 76, 44], "r_elbow": [0.8721989989280701, 52, 36], "l_elbow": [0.8361492156982422, 52, 60], "l_wrist": [0.6091982126235962, 56, 60], "r_wrist": [0.8773418664932251, 64, 40], "r_hip": [0.8369413614273071, 60, 44], "l_hip": [0.84446120262146, 60, 52], "l_ankle": [0.13302358984947205, 68, 52], "l_knee": [0.8908024430274963, 72, 52]}