{"head": [0.5499783158302307, 44, 52], "r_ankle": [0.020847849547863007, 80, 48], "l_wrist": [1.0426641702651978, 84, 68], "l_knee": [0.005079731345176697, 16, 16], "r_hip": [0.3989969491958618, 72, 44], "r_shoulder": [0.9719322919845581, 56, 36], "r_knee": [0.03960804641246796, 84, 16], "l_hip": [0.5077327489852905, 76, 56], "neck": [0.6267747282981873, 64, 52], "l_shoulder": [0.9452333450317383, 60, 68], "r_elbow": [0.8762745261192322, 68, 28], "l_elbow": [1.0359575748443604, 68, 72], "r_wrist": [0.8186761140823364, 80, 32], "l_ankle": [0.044981688261032104, 80, 52]}