{"head": [0.9273856282234192, 24, 52], "l_wrist": [1.0058468580245972, 84, 68], "r_shoulder": [0.8750205039978027, 40, 36], "neck": [0.7411020398139954, 40, 52], "l_shoulder": [0.8579691648483276, 40, 64], "r_hip": [0.7736191749572754, 60, 44], "r_knee": [0.7613248825073242, 72, 44], "r_elbow": [0.8081671595573425, 60, 32], "l_hip": [0.8391464948654175, 60, 52], "l_elbow": [0.9507218599319458, 60, 64], "l_ankle": [0.31229230761528015, 68, 52], "l_knee": [0.8756511211395264, 72, 52], "r_ankle": [0.2174111306667328, 72, 47], "r_wrist": [1.0029575824737549, 80, 32]}