{"head": [0.8782832026481628, 20, 52], "r_wrist": [1.0090152025222778, 80, 32], "neck": [0.9654430150985718, 40, 52], "r_shoulder": [0.9272178411483765, 40, 40], "l_shoulder": [0.9708390235900879, 40, 64], "r_hip": [0.6553541421890259, 60, 44], "r_knee": [0.410982608795166, 68, 40], "r_elbow": [0.9710830450057983, 60, 36], "l_hip": [0.6817228198051453, 60, 56], "l_elbow": [0.7185524106025696, 64, 68], "r_ankle": [0.6961097717285156, 68, 44], "l_knee": [0.5382132530212402, 68, 56], "l_ankle": [0.5909104347229004, 68, 52], "l_wrist": [1.0708067417144775, 84, 68]}