{"head": [1.1053380966186523, 28, 48], "r_ankle": [0.09048961848020554, 68, 32], "r_shoulder": [0.9362705945968628, 40, 40], "neck": [1.0308376550674438, 40, 48], "l_shoulder": [1.0233157873153687, 40, 56], "r_knee": [0.8020788431167603, 72, 44], "r_elbow": [0.9319019317626953, 52, 36], "l_elbow": [0.9871488809585571, 52, 60], "r_hip": [0.8061186075210571, 60, 44], "l_hip": [0.831024169921875, 60, 52], "l_wrist": [0.839501142501831, 60, 56], "r_wrist": [1.0031071901321411, 60, 40], "l_ankle": [0.11495301127433777, 68, 52], "l_knee": [0.9129581451416016, 72, 52]}