{"head": [0.45083391666412354, 48, 56], "l_knee": [0.0171828493475914, 16, 16], "r_ankle": [0.014323659241199493, 80, 48], "r_hip": [0.20145244896411896, 72, 44], "r_knee": [0.02386559545993805, 84, 16], "l_shoulder": [0.6319922804832458, 64, 68], "r_shoulder": [0.9448961019515991, 60, 36], "l_wrist": [1.1130508184432983, 84, 68], "neck": [0.7305708527565002, 68, 52], "l_hip": [0.48971477150917053, 76, 56], "r_elbow": [1.0313066244125366, 68, 32], "l_elbow": [0.7776365876197815, 68, 72], "r_wrist": [0.839205265045166, 80, 32], "l_ankle": [0.047927409410476685, 80, 52]}