{"head": [1.1691569089889526, 28, 48], "r_ankle": [0.06615974009037018, 70, 48], "neck": [1.0727437734603882, 40, 48], "l_shoulder": [0.9820535182952881, 40, 56], "r_shoulder": [0.9960795640945435, 44, 40], "r_knee": [0.70759516954422, 76, 44], "l_elbow": [0.8372827172279358, 52, 56], "r_elbow": [0.8197543025016785, 52, 36], "l_wrist": [0.5623471736907959, 56, 60], "r_wrist": [0.8258121013641357, 64, 40], "r_hip": [0.8143609166145325, 60, 44], "l_hip": [0.7253580689430237, 60, 52], "l_knee": [0.6034437417984009, 72, 52], "l_ankle": [0.1828104704618454, 69, 52]}