{"head": [0.9986441731452942, 20, 52], "r_ankle": [0.6752796769142151, 68, 44], "r_elbow": [1.002616047859192, 60, 36], "neck": [0.8695482611656189, 40, 52], "l_wrist": [1.0458104610443115, 84, 68], "r_shoulder": [0.9677340984344482, 40, 40], "l_shoulder": [0.9808002710342407, 40, 64], "r_hip": [0.8013112545013428, 56, 44], "r_knee": [0.3736056685447693, 64, 44], "l_hip": [0.853171169757843, 56, 56], "l_elbow": [0.8922433257102966, 60, 64], "l_knee": [0.7469146847724915, 64, 56], "l_ankle": [0.4692569375038147, 68, 52], "r_wrist": [1.0976130962371826, 80, 32]}