{"head": [0.8669471144676208, 20, 52], "r_ankle": [0.7093544602394104, 68, 44], "r_elbow": [0.9932558536529541, 60, 36], "l_wrist": [1.0013790130615234, 84, 68], "r_shoulder": [0.9669549465179443, 40, 40], "neck": [0.8587638139724731, 40, 52], "l_shoulder": [0.9901292324066162, 40, 64], "r_hip": [0.7859174013137817, 56, 44], "r_knee": [0.3529030978679657, 64, 45], "l_elbow": [0.9043270349502563, 60, 64], "l_hip": [0.8442070484161377, 56, 56], "l_knee": [0.5514559745788574, 68, 56], "l_ankle": [0.4919406771659851, 68, 52], "r_wrist": [1.0773531198501587, 80, 32]}