{"head": [0.9489580988883972, 20, 52], "r_ankle": [0.5399079322814941, 68, 44], "r_knee": [0.4008730351924896, 65, 44], "neck": [0.8360282182693481, 40, 52], "r_shoulder": [0.9746190309524536, 40, 40], "l_shoulder": [1.0042310953140259, 40, 64], "r_hip": [0.6401707530021667, 60, 44], "r_elbow": [1.022587776184082, 60, 36], "l_hip": [0.5945480465888977, 60, 52], "l_elbow": [0.9536423683166504, 60, 64], "l_knee": [0.5012840032577515, 64, 56], "l_ankle": [0.5764679312705994, 68, 52], "l_wrist": [0.8238413333892822, 84, 68], "r_wrist": [0.9781100749969482, 80, 32]}