{"head": [0.889004647731781, 20, 52], "r_ankle": [0.6200621128082275, 68, 44], "r_knee": [0.41116863489151, 65, 44], "l_elbow": [0.8374443650245667, 60, 64], "r_shoulder": [1.0394498109817505, 40, 40], "neck": [0.9617351293563843, 40, 52], "l_shoulder": [0.9796973466873169, 40, 64], "r_hip": [0.7115742564201355, 56, 44], "r_elbow": [1.049399971961975, 60, 36], "l_hip": [0.6591821908950806, 60, 56], "l_knee": [0.6086552143096924, 64, 56], "l_ankle": [0.6027889847755432, 68, 52], "r_wrist": [1.021822214126587, 80, 32], "l_wrist": [0.9431314468383789, 84, 68]}