{"head": [1.1244834661483765, 28, 48], "r_ankle": [0.06743008643388748, 68, 32], "l_knee": [1.019987940788269, 76, 52], "neck": [1.1168879270553589, 40, 48], "r_shoulder": [1.027474284172058, 44, 40], "l_shoulder": [0.9968039989471436, 44, 56], "r_knee": [0.8062664866447449, 72, 44], "l_elbow": [0.9582382440567017, 52, 60], "r_elbow": [1.0886807441711426, 56, 36], "r_hip": [0.8076595664024353, 60, 44], "l_hip": [0.7835881114006042, 60, 52], "l_wrist": [0.9534438848495483, 64, 56], "r_wrist": [1.0079545974731445, 64, 40], "l_ankle": [0.014287292957305908, 68, 64]}