{"head": [0.638238787651062, 44, 52], "l_ankle": [0.04760971665382385, 78, 52], "l_knee": [0.014567472040653229, 12, 16], "r_hip": [0.3781590461730957, 72, 44], "r_knee": [0.029080688953399658, 84, 16], "r_shoulder": [1.0237977504730225, 56, 36], "l_wrist": [1.0847070217132568, 84, 68], "neck": [0.7402134537696838, 64, 52], "l_shoulder": [0.8805264830589294, 60, 68], "r_elbow": [1.078919768333435, 68, 32], "l_hip": [0.5560939311981201, 72, 56], "l_elbow": [0.9565541744232178, 68, 72], "r_wrist": [0.8502225875854492, 80, 32], "r_ankle": [0.0025808215141296387, 88, 40]}