{"head": [0.5586642622947693, 40, 56], "l_knee": [0.015635065734386444, 16, 16], "l_ankle": [0.03298504650592804, 76, 52], "r_hip": [0.5246618390083313, 68, 44], "l_elbow": [0.9016842842102051, 68, 72], "r_shoulder": [0.998428225517273, 56, 36], "r_knee": [0.023871436715126038, 84, 16], "neck": [0.8919333219528198, 60, 52], "l_shoulder": [0.7736169695854187, 60, 68], "r_elbow": [1.0764923095703125, 68, 32], "l_hip": [0.4467039406299591, 68, 56], "r_wrist": [0.8597332239151001, 80, 32], "r_ankle": [0.004885315895080566, 76, 48], "l_wrist": [1.1122405529022217, 84, 68]}