{"head": [0.9219202399253845, 20, 52], "r_ankle": [0.6030035018920898, 68, 44], "r_knee": [0.3706180453300476, 68, 40], "l_wrist": [0.8296369314193726, 84, 68], "neck": [0.9623539447784424, 40, 52], "r_shoulder": [1.0057084560394287, 40, 40], "l_shoulder": [0.9755346775054932, 40, 64], "r_hip": [0.5697940587997437, 60, 44], "r_elbow": [0.9685008525848389, 60, 36], "l_elbow": [0.8716942667961121, 60, 64], "l_hip": [0.6629031896591187, 60, 56], "l_knee": [0.48160678148269653, 67, 52], "l_ankle": [0.5478586554527283, 68, 52], "r_wrist": [0.9399540424346924, 80, 32]}