{"head": [0.9452220797538757, 20, 52], "r_ankle": [0.6771806478500366, 68, 44], "r_knee": [0.3323995769023895, 64, 45], "r_elbow": [0.962205171585083, 60, 36], "l_wrist": [1.0117944478988647, 84, 68], "r_shoulder": [0.9849183559417725, 40, 40], "neck": [0.8740167617797852, 40, 52], "l_shoulder": [0.9927946329116821, 40, 64], "r_hip": [0.780103862285614, 56, 44], "l_hip": [0.8378355503082275, 56, 56], "l_elbow": [0.8865453004837036, 60, 64], "l_knee": [0.6772317290306091, 64, 56], "l_ankle": [0.4662218689918518, 68, 52], "r_wrist": [1.0933386087417603, 80, 32]}