{"head": [0.9806050658226013, 24, 48], "l_elbow": [0.9294085502624512, 60, 64], "l_wrist": [0.9729020595550537, 84, 68], "r_shoulder": [0.9143692255020142, 40, 36], "neck": [0.9376267194747925, 40, 48], "l_shoulder": [0.9135583639144897, 40, 60], "r_hip": [0.7599512338638306, 60, 40], "r_knee": [0.7285465598106384, 76, 44], "r_elbow": [1.0609294176101685, 60, 32], "l_hip": [0.9038350582122803, 60, 52], "l_ankle": [0.2769453823566437, 72, 48], "r_ankle": [0.06689330190420151, 68, 44], "l_knee": [0.9124670028686523, 72, 52], "r_wrist": [1.0278871059417725, 84, 32]}