{"head": [1.1565639972686768, 28, 48], "r_ankle": [0.06295933574438095, 68, 32], "neck": [1.067138671875, 40, 48], "l_shoulder": [1.0062223672866821, 40, 56], "r_shoulder": [1.010183572769165, 44, 40], "r_knee": [0.7072082161903381, 76, 44], "l_elbow": [0.8230587244033813, 52, 60], "r_elbow": [0.9206280708312988, 52, 36], "l_wrist": [0.5815495252609253, 56, 60], "r_wrist": [0.9258314371109009, 64, 40], "r_hip": [0.8447403311729431, 60, 44], "l_hip": [0.7934803366661072, 60, 52], "l_ankle": [0.1761295199394226, 68, 52], "l_knee": [0.8498952388763428, 72, 52]}