{"head": [1.0738475322723389, 28, 48], "r_ankle": [0.08779539912939072, 68, 32], "r_shoulder": [0.8968132734298706, 40, 40], "neck": [1.0950595140457153, 40, 48], "l_shoulder": [0.9809386730194092, 44, 56], "r_knee": [0.7517309784889221, 72, 44], "r_elbow": [0.8833703398704529, 52, 40], "l_elbow": [0.8783194422721863, 52, 60], "l_wrist": [0.6235593557357788, 60, 56], "r_hip": [0.8528673052787781, 60, 44], "l_hip": [0.8802645206451416, 60, 52], "r_wrist": [0.8761553764343262, 60, 40], "l_ankle": [0.13843035697937012, 68, 52], "l_knee": [0.9023907780647278, 72, 52]}