{"head": [0.8078418970108032, 20, 48], "l_wrist": [0.8877679109573364, 80, 68], "r_shoulder": [0.9906812906265259, 40, 36], "neck": [0.8858749866485596, 40, 48], "l_shoulder": [0.9122098684310913, 40, 60], "l_ankle": [0.3218711018562317, 72, 49], "r_knee": [0.7787596583366394, 72, 44], "r_elbow": [0.9038429260253906, 60, 32], "r_hip": [0.6914390921592712, 60, 44], "l_hip": [0.8764469027519226, 60, 52], "l_elbow": [1.023516058921814, 60, 64], "r_ankle": [0.10816233605146408, 68, 44], "l_knee": [0.8969230651855469, 72, 52], "r_wrist": [1.0206478834152222, 80, 32]}