{"head": [0.7078807950019836, 40, 52], "l_knee": [0.004847042262554169, 76, 76], "l_elbow": [0.8722873330116272, 68, 68], "r_elbow": [0.9864909648895264, 68, 32], "r_hip": [0.5487498044967651, 68, 44], "r_knee": [0.02495691180229187, 84, 16], "r_shoulder": [0.8684128522872925, 56, 36], "neck": [0.778298020362854, 60, 52], "l_shoulder": [0.9588117599487305, 56, 68], "l_wrist": [1.1448009014129639, 84, 68], "l_hip": [0.45753219723701477, 68, 56], "l_ankle": [0.0362662672996521, 76, 52], "r_wrist": [0.8802640438079834, 80, 32], "r_ankle": [0.0022131502628326416, 88, 40]}