{"head": [0.8379083871841431, 20, 52], "r_ankle": [0.6718571782112122, 68, 44], "r_knee": [0.3074693977832794, 64, 43], "l_elbow": [0.8171569108963013, 60, 64], "r_shoulder": [1.0377647876739502, 40, 40], "neck": [0.978071928024292, 40, 52], "l_shoulder": [0.9794082641601562, 40, 64], "r_hip": [0.7009800672531128, 56, 44], "r_elbow": [1.0107818841934204, 60, 36], "l_hip": [0.6968149542808533, 60, 56], "l_knee": [0.54848712682724, 64, 56], "l_ankle": [0.6309836506843567, 68, 52], "l_wrist": [0.9705932140350342, 84, 68], "r_wrist": [0.9886667728424072, 80, 32]}