{"head": [0.9070597290992737, 24, 52], "r_elbow": [0.8224344253540039, 60, 36], "l_elbow": [0.9723925590515137, 64, 68], "r_wrist": [0.9635157585144043, 80, 32], "r_shoulder": [0.9421429634094238, 40, 40], "neck": [0.7743347883224487, 44, 52], "r_hip": [0.6887423396110535, 60, 44], "l_shoulder": [0.9190727472305298, 44, 64], "r_knee": [0.4557647705078125, 68, 40], "l_wrist": [1.0753284692764282, 84, 68], "l_hip": [0.6190043091773987, 60, 56], "l_knee": [0.4915335178375244, 68, 60], "r_ankle": [0.4719335436820984, 68, 44], "l_ankle": [0.46620607376098633, 68, 48]}