{"head": [0.9210415482521057, 24, 48], "l_elbow": [0.9129838943481445, 60, 64], "l_wrist": [0.9139233827590942, 84, 68], "r_shoulder": [0.978717565536499, 40, 36], "neck": [0.9172368049621582, 40, 48], "l_shoulder": [0.905015230178833, 40, 60], "r_knee": [0.8008928894996643, 72, 40], "r_hip": [0.8107410073280334, 60, 40], "r_elbow": [1.0130870342254639, 60, 32], "l_hip": [0.9281173944473267, 60, 52], "r_ankle": [0.1483839452266693, 68, 44], "l_ankle": [0.32912248373031616, 70, 48], "l_knee": [0.9410852193832397, 72, 52], "r_wrist": [1.0251662731170654, 84, 32]}