{"head": [1.0038480758666992, 20, 52], "r_ankle": [0.675734281539917, 68, 44], "l_wrist": [0.8531882762908936, 84, 68], "r_shoulder": [1.0338674783706665, 40, 40], "neck": [0.9951378107070923, 40, 52], "l_shoulder": [1.0055615901947021, 40, 64], "r_hip": [0.5606999397277832, 60, 44], "r_knee": [0.29778581857681274, 68, 41], "r_elbow": [0.9780776500701904, 60, 36], "l_hip": [0.6561293601989746, 60, 56], "l_elbow": [0.8785673379898071, 60, 64], "l_knee": [0.4292457699775696, 66, 52], "l_ankle": [0.5864489674568176, 68, 52], "r_wrist": [0.9928809404373169, 80, 32]}