{"head": [0.5748686194419861, 52, 52], "l_knee": [0.011669084429740906, 56, 72], "r_hip": [0.08125311136245728, 72, 20], "l_ankle": [0.0029482990503311157, 24, 16], "r_ankle": [0.005525300279259682, 91, 12], "r_knee": [0.04229797422885895, 48, 20], "l_wrist": [0.9334021806716919, 84, 68], "l_hip": [0.005469217896461487, 48, 32], "r_shoulder": [0.7802832722663879, 64, 36], "l_shoulder": [0.46395784616470337, 76, 64], "neck": [0.6195836067199707, 76, 52], "l_elbow": [0.5673004984855652, 68, 72], "r_elbow": [0.8828986287117004, 68, 28], "r_wrist": [0.8435173034667969, 80, 32]}