{"head": [0.9113288521766663, 24, 52], "r_elbow": [0.8208204507827759, 60, 36], "l_elbow": [0.9718408584594727, 64, 68], "r_wrist": [0.9644489288330078, 80, 32], "r_shoulder": [0.9410867691040039, 40, 40], "neck": [0.7721626162528992, 44, 52], "r_hip": [0.6837677955627441, 60, 44], "l_shoulder": [0.9185793399810791, 44, 64], "r_knee": [0.4559367895126343, 68, 40], "l_wrist": [1.0762763023376465, 84, 68], "l_hip": [0.6163029670715332, 60, 56], "l_knee": [0.4792584180831909, 68, 60], "r_ankle": [0.4656779170036316, 68, 44], "l_ankle": [0.4701886773109436, 68, 48]}