{"head": [0.9130217432975769, 24, 52], "r_elbow": [1.0828291177749634, 64, 32], "neck": [0.7596797943115234, 44, 52], "r_shoulder": [0.9045454263687134, 44, 40], "l_shoulder": [0.7392974495887756, 44, 64], "r_hip": [0.5271371006965637, 64, 40], "r_knee": [0.4419281482696533, 68, 40], "l_hip": [0.6958001255989075, 64, 56], "l_elbow": [0.8838616609573364, 64, 68], "l_knee": [0.3962946832180023, 68, 60], "l_ankle": [0.14225345849990845, 72, 52], "r_wrist": [0.7942178249359131, 80, 32], "r_ankle": [0.004171455278992653, 91, 16], "l_wrist": [1.06452214717865, 84, 68]}