{"head": [0.963946521282196, 20, 52], "r_ankle": [0.7288246750831604, 68, 44], "r_knee": [0.19661802053451538, 64, 41], "l_elbow": [0.8341152667999268, 60, 64], "r_shoulder": [1.0495851039886475, 40, 40], "neck": [0.9912137985229492, 40, 52], "l_shoulder": [1.0048614740371704, 40, 64], "r_hip": [0.5762618780136108, 56, 44], "r_elbow": [0.9475500583648682, 60, 36], "l_hip": [0.651263952255249, 60, 56], "l_knee": [0.45110565423965454, 64, 56], "l_ankle": [0.6091565489768982, 68, 52], "l_wrist": [0.863731861114502, 84, 68], "r_wrist": [0.9936809539794922, 80, 32]}