{"head": [0.33273082971572876, 60, 56], "l_knee": [0.010645556263625622, 89, 13], "l_ankle": [0.00372941792011261, 24, 20], "r_hip": [0.044656217098236084, 72, 20], "r_shoulder": [0.13939110934734344, 64, 40], "l_elbow": [0.2807990312576294, 72, 72], "r_knee": [0.14680935442447662, 52, 36], "r_ankle": [0.013630159199237823, 52, 16], "l_wrist": [0.7089152336120605, 80, 68], "neck": [0.23706620931625366, 68, 56], "l_shoulder": [0.21682235598564148, 68, 68], "r_elbow": [0.5660523772239685, 64, 28], "r_wrist": [0.6640154123306274, 80, 32], "l_hip": [0.062040261924266815, 84, 56]}