{"head": [0.814378023147583, 24, 52], "r_ankle": [0.7492801547050476, 68, 44], "r_elbow": [0.9264676570892334, 60, 36], "neck": [0.9430643320083618, 40, 52], "r_shoulder": [0.939085841178894, 40, 40], "l_shoulder": [1.0568175315856934, 40, 64], "r_hip": [0.8530427813529968, 56, 44], "r_knee": [0.4631093144416809, 64, 44], "l_hip": [0.7680225372314453, 56, 56], "l_wrist": [0.9794718027114868, 84, 68], "l_elbow": [0.871583878993988, 60, 64], "l_knee": [0.6618972420692444, 64, 56], "l_ankle": [0.518947958946228, 68, 52], "r_wrist": [1.077176570892334, 80, 32]}