{"head": [0.22164975106716156, 56, 56], "l_ankle": [0.001957640051841736, 32, 16], "r_hip": [0.04947453737258911, 84, 16], "l_elbow": [0.2728680968284607, 68, 72], "l_knee": [0.01667681522667408, 52, 29], "r_ankle": [0.005931055173277855, 48, 7], "r_knee": [0.15737347304821014, 64, 32], "neck": [0.19489362835884094, 64, 56], "l_shoulder": [0.0987347736954689, 68, 60], "r_shoulder": [0.0605059415102005, 64, 64], "l_wrist": [0.7460691928863525, 80, 68], "r_elbow": [0.41380003094673157, 64, 28], "r_wrist": [0.5261197090148926, 80, 32]}