{"head": [0.46924030780792236, 56, 52], "l_ankle": [0.005529493093490601, 20, 16], "r_hip": [0.08252260088920593, 68, 16], "r_ankle": [0.0070929136127233505, 91, 12], "l_knee": [0.010915756225585938, 32, 75], "r_knee": [0.03645193576812744, 48, 20], "l_elbow": [0.3357751965522766, 64, 68], "r_shoulder": [0.5287306904792786, 64, 36], "l_wrist": [0.9514261484146118, 84, 68], "l_shoulder": [0.3502175807952881, 76, 64], "neck": [0.6166804432868958, 76, 52], "r_elbow": [0.8484596610069275, 68, 28], "r_wrist": [0.8281399011611938, 80, 32]}