{"head": [0.9045544266700745, 20, 52], "r_ankle": [0.7193595767021179, 68, 44], "l_elbow": [0.8662848472595215, 60, 64], "r_shoulder": [1.0644402503967285, 40, 40], "neck": [0.9820266962051392, 40, 52], "l_shoulder": [1.0109694004058838, 40, 64], "r_hip": [0.6930490732192993, 56, 44], "r_knee": [0.18873082101345062, 65, 41], "r_elbow": [0.9666001796722412, 60, 36], "l_hip": [0.6782395243644714, 60, 56], "l_wrist": [0.9229831695556641, 84, 68], "l_knee": [0.568880021572113, 64, 56], "l_ankle": [0.6115193963050842, 68, 52], "r_wrist": [1.0124987363815308, 80, 32]}