{"head": [0.9572600722312927, 20, 52], "r_ankle": [0.6495054960250854, 68, 44], "r_knee": [0.310371071100235, 64, 43], "r_elbow": [0.9769573211669922, 60, 36], "neck": [0.8701193928718567, 40, 52], "l_wrist": [1.0277546644210815, 84, 68], "r_shoulder": [0.9784365892410278, 40, 40], "l_shoulder": [0.9934288263320923, 40, 64], "r_hip": [0.7582939267158508, 56, 44], "l_elbow": [0.850218653678894, 60, 64], "l_hip": [0.839127242565155, 56, 56], "l_knee": [0.6308865547180176, 64, 56], "l_ankle": [0.3762049078941345, 68, 51], "r_wrist": [1.0825014114379883, 80, 32]}