{"head": [0.8768280148506165, 20, 52], "r_ankle": [0.7872116565704346, 68, 44], "r_knee": [0.46320652961730957, 64, 44], "neck": [0.8633842468261719, 40, 52], "r_shoulder": [0.9677542448043823, 40, 40], "l_shoulder": [1.0134608745574951, 40, 64], "r_hip": [0.7562660574913025, 56, 44], "l_hip": [0.8019495010375977, 56, 56], "r_elbow": [0.9282656908035278, 60, 36], "l_elbow": [0.8650213479995728, 60, 68], "l_knee": [0.7463046908378601, 64, 56], "l_ankle": [0.5291394591331482, 68, 52], "r_wrist": [1.0863200426101685, 80, 32], "l_wrist": [1.0274873971939087, 84, 68]}