{"head": [0.7257570028305054, 32, 52], "r_hip": [0.5133086442947388, 68, 44], "neck": [0.6279579401016235, 48, 52], "r_knee": [0.21809601783752441, 70, 40], "r_shoulder": [0.8413624167442322, 48, 40], "l_shoulder": [0.7327253818511963, 52, 68], "r_elbow": [1.0094904899597168, 64, 32], "l_hip": [0.6346930265426636, 68, 56], "l_elbow": [0.8764324188232422, 64, 68], "l_knee": [0.06627842038869858, 72, 60], "l_ankle": [0.0563664585351944, 76, 52], "r_wrist": [0.8283244371414185, 84, 32], "l_wrist": [1.106319785118103, 84, 68], "r_ankle": [0.003746042028069496, 91, 16]}