{"head": [1.0089409351348877, 20, 52], "r_ankle": [0.7021336555480957, 68, 44], "r_knee": [0.3880602717399597, 64, 44], "r_elbow": [0.95259690284729, 60, 36], "neck": [0.8560333251953125, 40, 52], "l_wrist": [1.0296574831008911, 84, 68], "r_shoulder": [0.9768741130828857, 40, 40], "l_shoulder": [1.0002570152282715, 40, 64], "r_hip": [0.7926120162010193, 56, 44], "l_elbow": [0.8653967976570129, 60, 64], "l_hip": [0.8417733311653137, 56, 56], "l_knee": [0.6429097652435303, 64, 56], "r_wrist": [1.0848095417022705, 80, 32], "l_ankle": [0.44305336475372314, 68, 52]}