{"head": [1.164367437362671, 28, 48], "r_ankle": [0.0666484460234642, 70, 48], "neck": [1.057757019996643, 40, 48], "l_shoulder": [0.9869461059570312, 40, 56], "r_shoulder": [1.0061765909194946, 44, 40], "r_knee": [0.7457889914512634, 76, 44], "l_elbow": [0.8455662727355957, 52, 56], "r_elbow": [0.8865640759468079, 52, 36], "l_wrist": [0.5379984378814697, 56, 60], "r_wrist": [0.9220868349075317, 64, 40], "r_hip": [0.8161106705665588, 60, 44], "l_hip": [0.7516520619392395, 60, 52], "l_knee": [0.6846846342086792, 72, 52], "l_ankle": [0.16416558623313904, 68, 52]}