{"head": [1.1673531532287598, 28, 48], "r_ankle": [0.13201504945755005, 72, 48], "neck": [1.0794299840927124, 40, 48], "l_shoulder": [0.9788552522659302, 40, 56], "r_shoulder": [0.9520813226699829, 44, 40], "r_knee": [0.8151147365570068, 76, 44], "l_elbow": [0.8920517563819885, 52, 56], "r_elbow": [0.9195007085800171, 52, 40], "l_wrist": [0.9098492860794067, 56, 60], "r_wrist": [0.9009337425231934, 56, 36], "r_hip": [0.8704653978347778, 60, 44], "l_hip": [0.9545474052429199, 60, 52], "l_ankle": [0.14248812198638916, 68, 52], "l_knee": [0.8857529759407043, 76, 52]}