{"head": [0.8420948386192322, 20, 52], "r_ankle": [0.6685163974761963, 68, 44], "r_knee": [0.31268399953842163, 68, 41], "l_elbow": [0.8224106431007385, 60, 64], "r_shoulder": [1.040131688117981, 40, 40], "neck": [0.9751549959182739, 40, 52], "l_shoulder": [0.9782283306121826, 40, 64], "r_hip": [0.7087008357048035, 56, 44], "r_elbow": [1.0135806798934937, 60, 36], "l_hip": [0.6907907128334045, 60, 56], "l_knee": [0.5594398379325867, 64, 56], "l_ankle": [0.6227864623069763, 68, 52], "l_wrist": [0.9718818664550781, 84, 68], "r_wrist": [1.0021780729293823, 80, 32]}