{"head": [0.9614236950874329, 20, 52], "r_ankle": [0.5716875195503235, 68, 44], "neck": [0.9554673433303833, 40, 52], "r_shoulder": [0.9794296026229858, 40, 40], "l_shoulder": [0.999902606010437, 40, 64], "r_hip": [0.6518025994300842, 60, 44], "r_knee": [0.4173772931098938, 67, 43], "r_elbow": [1.0060334205627441, 60, 36], "l_hip": [0.6142957210540771, 60, 52], "l_elbow": [0.8682587146759033, 60, 64], "l_knee": [0.514022707939148, 64, 52], "l_ankle": [0.553571343421936, 68, 52], "l_wrist": [0.9507831335067749, 84, 68], "r_wrist": [1.008177638053894, 80, 32]}