{"head": [0.589693546295166, 48, 56], "l_ankle": [0.061283811926841736, 80, 52], "l_knee": [0.015176542103290558, 16, 16], "l_elbow": [0.7993638515472412, 72, 72], "r_hip": [0.3033917546272278, 72, 44], "r_knee": [0.029893428087234497, 84, 16], "l_shoulder": [0.717083215713501, 64, 68], "r_shoulder": [1.0033923387527466, 60, 36], "l_wrist": [1.1022684574127197, 84, 68], "neck": [0.7945526838302612, 68, 52], "r_elbow": [0.982035756111145, 68, 32], "l_hip": [0.4187922775745392, 76, 56], "r_wrist": [0.8331786394119263, 80, 32], "r_ankle": [0.006244465708732605, 80, 48]}