{"head": [1.1730470657348633, 28, 48], "r_ankle": [0.09900454431772232, 68, 32], "neck": [1.0685975551605225, 40, 48], "l_shoulder": [0.966160774230957, 40, 56], "r_shoulder": [1.009116530418396, 44, 40], "r_knee": [0.7606412172317505, 76, 44], "l_elbow": [0.8114669322967529, 52, 56], "r_elbow": [0.8700641393661499, 52, 36], "l_wrist": [0.6092846393585205, 56, 60], "r_wrist": [0.8687245845794678, 64, 40], "r_hip": [0.8277866244316101, 60, 44], "l_hip": [0.7639196515083313, 60, 52], "l_knee": [0.7121401429176331, 72, 52], "l_ankle": [0.16971227526664734, 68, 52]}