{"head": [0.676883339881897, 20, 56], "r_knee": [0.2297484576702118, 64, 43], "r_shoulder": [1.0241827964782715, 40, 40], "r_hip": [0.7321265339851379, 56, 44], "neck": [0.9208530187606812, 40, 52], "l_shoulder": [0.9331930875778198, 40, 64], "l_elbow": [0.7899302840232849, 60, 68], "l_wrist": [1.009455680847168, 84, 68], "l_hip": [0.7440812587738037, 60, 56], "r_elbow": [1.0713070631027222, 60, 36], "r_ankle": [0.7222918272018433, 68, 44], "l_ankle": [0.1456281840801239, 69, 50], "l_knee": [0.8918354511260986, 76, 52], "r_wrist": [1.0621463060379028, 80, 32]}