{"head": [0.6798710227012634, 56, 56], "l_knee": [0.006293036043643951, 16, 16], "r_hip": [0.11158362030982971, 68, 16], "l_ankle": [0.003537222743034363, 24, 16], "r_ankle": [0.008418567478656769, 91, 16], "r_shoulder": [0.4649698734283447, 64, 40], "r_knee": [0.035237088799476624, 84, 16], "l_shoulder": [0.44215500354766846, 76, 64], "l_elbow": [0.48026734590530396, 72, 72], "r_elbow": [0.7658758759498596, 68, 28], "r_wrist": [0.9240591526031494, 80, 32], "l_hip": [0.0027337223291397095, 84, 84], "l_wrist": [0.6509155035018921, 84, 68], "neck": [0.5948383212089539, 72, 52]}