{"head": [0.5563685297966003, 52, 52], "l_ankle": [0.0044799745082855225, 20, 16], "l_knee": [0.011753100901842117, 32, 75], "r_hip": [0.052918776869773865, 80, 40], "l_elbow": [0.4895358085632324, 76, 68], "r_knee": [0.0414079874753952, 48, 20], "r_shoulder": [0.5868711471557617, 64, 36], "l_wrist": [0.9751852750778198, 84, 68], "l_shoulder": [0.2967159152030945, 68, 68], "neck": [0.4651618003845215, 76, 52], "r_elbow": [0.8606087565422058, 68, 28], "r_wrist": [0.8199138641357422, 80, 32], "r_ankle": [0.006759779527783394, 91, 16]}