{"head": [0.5366095900535583, 52, 52], "l_ankle": [0.006085522472858429, 24, 17], "l_knee": [0.008477099239826202, 32, 74], "r_hip": [0.10359016060829163, 80, 40], "r_ankle": [0.006596431136131287, 24, 16], "l_elbow": [0.7058810591697693, 68, 72], "r_knee": [0.0507681667804718, 48, 20], "l_wrist": [0.9617948532104492, 84, 68], "l_shoulder": [0.5090758204460144, 72, 64], "r_shoulder": [0.7932599782943726, 64, 36], "neck": [0.5651923418045044, 72, 52], "l_hip": [0.004926130175590515, 84, 60], "r_elbow": [0.9777020215988159, 68, 28], "r_wrist": [0.7701355218887329, 80, 32]}