{"head": [1.1705671548843384, 28, 48], "r_ankle": [0.07972008734941483, 68, 32], "neck": [1.0884497165679932, 40, 48], "l_shoulder": [0.9719250202178955, 40, 56], "r_shoulder": [1.0152044296264648, 44, 40], "r_knee": [0.7608241438865662, 76, 44], "l_elbow": [0.8571435809135437, 52, 56], "r_elbow": [0.8356677889823914, 52, 36], "l_wrist": [0.42549797892570496, 56, 60], "r_wrist": [0.8916268348693848, 64, 40], "r_hip": [0.7811053991317749, 60, 44], "l_hip": [0.7055315971374512, 60, 52], "l_knee": [0.6926370859146118, 72, 52], "l_ankle": [0.17656156420707703, 68, 52]}