{"head": [0.9755741953849792, 20, 52], "r_ankle": [0.1032232940196991, 75, 48], "r_elbow": [0.8494924306869507, 60, 32], "l_elbow": [0.9744164943695068, 60, 64], "l_wrist": [0.9936203956604004, 84, 68], "r_shoulder": [0.8912709951400757, 40, 40], "neck": [0.9024368524551392, 40, 52], "l_shoulder": [1.0293467044830322, 40, 64], "r_hip": [0.7287834286689758, 60, 44], "r_knee": [0.7676346302032471, 72, 44], "l_hip": [0.7945829629898071, 60, 52], "l_ankle": [0.2400047928094864, 71, 49], "l_knee": [0.8584542870521545, 72, 52], "r_wrist": [1.0364280939102173, 80, 32]}