{"head": [0.9172125458717346, 20, 52], "r_ankle": [0.6837680339813232, 68, 44], "r_knee": [0.21600854396820068, 66, 41], "l_elbow": [0.8925117254257202, 60, 64], "r_wrist": [0.9983580112457275, 80, 32], "r_shoulder": [1.062377691268921, 40, 40], "neck": [0.9739397764205933, 40, 52], "l_shoulder": [1.0013049840927124, 40, 64], "r_hip": [0.6560923457145691, 56, 44], "l_hip": [0.6545397639274597, 60, 56], "l_wrist": [0.9279377460479736, 84, 68], "r_elbow": [0.9643431901931763, 60, 36], "l_knee": [0.5622428059577942, 64, 56], "l_ankle": [0.589674711227417, 68, 52]}