{"head": [0.9418341517448425, 24, 52], "r_ankle": [0.5884454846382141, 68, 44], "r_elbow": [0.8784942030906677, 60, 36], "r_shoulder": [0.8961186408996582, 40, 40], "neck": [0.8066105246543884, 40, 52], "l_shoulder": [0.926496148109436, 44, 64], "r_hip": [0.6615954637527466, 56, 44], "r_knee": [0.2961671054363251, 67, 40], "l_hip": [0.6293186545372009, 56, 56], "l_elbow": [0.8691949248313904, 64, 68], "l_ankle": [0.5557006001472473, 68, 48], "l_knee": [0.4992106556892395, 68, 53], "r_wrist": [1.0121225118637085, 80, 32], "l_wrist": [1.0640548467636108, 84, 68]}