{"head": [0.9056827425956726, 20, 52], "r_ankle": [0.6838234663009644, 68, 44], "r_knee": [0.28732091188430786, 64, 46], "r_elbow": [0.9549658298492432, 60, 36], "r_shoulder": [0.9620065689086914, 40, 40], "neck": [0.8750188946723938, 40, 52], "l_shoulder": [0.9755212068557739, 40, 64], "r_hip": [0.7647917866706848, 56, 44], "l_wrist": [1.0289547443389893, 84, 68], "l_hip": [0.8426861763000488, 56, 56], "l_elbow": [0.8822627067565918, 60, 64], "l_knee": [0.5849787592887878, 64, 56], "l_ankle": [0.44099563360214233, 68, 52], "r_wrist": [1.0770949125289917, 80, 32]}