{"head": [0.7728046178817749, 20, 48], "l_wrist": [0.9036263227462769, 84, 68], "r_shoulder": [0.9935150146484375, 40, 36], "neck": [0.9137940406799316, 40, 48], "l_shoulder": [0.8897576332092285, 40, 60], "l_elbow": [0.907480001449585, 60, 64], "r_knee": [0.7752545475959778, 72, 40], "r_elbow": [1.0130771398544312, 60, 32], "r_hip": [0.7982709407806396, 60, 40], "l_hip": [0.7702157497406006, 60, 52], "l_knee": [0.7728672027587891, 68, 52], "r_ankle": [0.146354079246521, 68, 44], "r_wrist": [1.0143532752990723, 84, 32], "l_ankle": [0.5379586815834045, 72, 52]}