{"head": [0.48052334785461426, 52, 56], "l_knee": [0.006039291620254517, 32, 75], "r_hip": [0.07270075380802155, 68, 16], "l_ankle": [0.0037861913442611694, 24, 16], "r_knee": [0.09410145878791809, 52, 36], "l_elbow": [0.4102744460105896, 72, 72], "l_wrist": [0.6475328207015991, 84, 68], "r_shoulder": [0.44439810514450073, 68, 40], "l_shoulder": [0.24772682785987854, 76, 64], "r_elbow": [0.7120069265365601, 68, 28], "r_ankle": [0.005952760577201843, 92, 12], "l_hip": [0.005146782845258713, 49, 28], "neck": [0.5216689109802246, 72, 52], "r_wrist": [0.9134200811386108, 80, 32]}