{"head": [0.38009965419769287, 56, 56], "r_hip": [0.08336392045021057, 68, 16], "l_ankle": [0.000437319278717041, 24, 20], "r_shoulder": [0.12897466123104095, 64, 40], "l_elbow": [0.15620280802249908, 70, 72], "l_knee": [0.011113118380308151, 89, 12], "r_ankle": [0.008904051035642624, 91, 16], "r_knee": [0.16182802617549896, 52, 36], "l_wrist": [0.6325474977493286, 80, 68], "l_shoulder": [0.21003064513206482, 68, 72], "r_elbow": [0.6425155401229858, 64, 28], "neck": [0.20216897130012512, 68, 56], "l_hip": [0.04723786562681198, 72, 24], "r_wrist": [0.6650435924530029, 80, 32]}