{"head": [0.6165951490402222, 56, 56], "l_knee": [0.015594415366649628, 56, 72], "l_ankle": [0.002461835741996765, 20, 16], "r_hip": [0.1073622852563858, 68, 16], "r_knee": [0.038375839591026306, 84, 16], "r_ankle": [0.007515132427215576, 92, 12], "l_elbow": [0.34967055916786194, 68, 72], "r_elbow": [0.7832952737808228, 68, 28], "r_wrist": [0.9027373790740967, 80, 32], "r_shoulder": [0.442202091217041, 64, 40], "l_shoulder": [0.41061437129974365, 76, 64], "neck": [0.6080791354179382, 72, 52], "l_wrist": [0.7328115701675415, 84, 68], "l_hip": [0.003749370574951172, 88, 36]}