{"head": [0.5668704509735107, 56, 56], "l_ankle": [0.00526997447013855, 28, 16], "r_hip": [0.12870727479457855, 68, 16], "r_ankle": [0.00836385041475296, 92, 12], "l_knee": [0.011689502745866776, 51, 24], "r_knee": [0.08790655434131622, 52, 36], "l_elbow": [0.4789324402809143, 68, 72], "l_shoulder": [0.2776147723197937, 76, 64], "l_hip": [0.021900184452533722, 76, 24], "r_wrist": [0.896233320236206, 80, 32], "l_wrist": [0.66563880443573, 80, 72], "r_elbow": [0.7865374088287354, 64, 28], "r_shoulder": [0.5595897436141968, 68, 40], "neck": [0.5788096189498901, 76, 52]}