{"head": [0.9864999651908875, 20, 52], "r_ankle": [0.6926568746566772, 68, 44], "r_knee": [0.29748278856277466, 68, 41], "l_elbow": [0.8445723652839661, 60, 64], "r_shoulder": [1.0251835584640503, 40, 40], "neck": [0.9909114837646484, 40, 52], "l_shoulder": [1.0129793882369995, 40, 64], "r_hip": [0.5171818733215332, 60, 44], "r_elbow": [0.9732493162155151, 60, 36], "l_wrist": [0.8494073152542114, 84, 68], "l_hip": [0.6433026194572449, 60, 56], "l_knee": [0.4384014904499054, 66, 52], "l_ankle": [0.5968976616859436, 68, 52], "r_wrist": [0.9927209615707397, 80, 32]}