{"head": [0.4701163172721863, 56, 56], "l_knee": [0.008511386811733246, 56, 72], "r_hip": [0.12674996256828308, 68, 16], "l_ankle": [0.0038691163063049316, 24, 16], "r_knee": [0.05560080707073212, 48, 20], "r_ankle": [0.009110286831855774, 91, 16], "l_elbow": [0.4007812738418579, 72, 72], "r_wrist": [0.8845417499542236, 80, 32], "r_elbow": [0.7624715566635132, 68, 28], "r_shoulder": [0.4249899983406067, 64, 40], "l_shoulder": [0.27958944439888, 72, 64], "l_wrist": [0.8247311115264893, 84, 68], "neck": [0.42729371786117554, 72, 52], "l_hip": [0.004418708384037018, 88, 36]}