{"head": [0.677529513835907, 20, 56], "r_knee": [0.22334791719913483, 63, 44], "r_shoulder": [1.0228978395462036, 40, 40], "r_hip": [0.7350957989692688, 56, 44], "neck": [0.9231524467468262, 40, 52], "l_shoulder": [0.9369689226150513, 40, 64], "l_elbow": [0.7935067415237427, 60, 68], "l_wrist": [1.0133193731307983, 84, 68], "l_hip": [0.765751302242279, 60, 56], "r_elbow": [1.0671155452728271, 60, 36], "r_ankle": [0.7689912915229797, 68, 44], "l_ankle": [0.14015734195709229, 69, 50], "l_knee": [0.9089162349700928, 76, 52], "r_wrist": [1.0580894947052002, 80, 32]}