{"head": [0.8281277418136597, 24, 52], "r_ankle": [0.08355576545000076, 65, 44], "r_knee": [0.7949076294898987, 72, 44], "r_shoulder": [0.8522204756736755, 40, 36], "neck": [0.698639452457428, 40, 52], "l_shoulder": [0.9434731006622314, 40, 64], "r_hip": [0.7252160310745239, 56, 44], "r_elbow": [1.023986577987671, 60, 36], "l_wrist": [0.9644954204559326, 84, 68], "l_hip": [0.7917333245277405, 56, 52], "l_elbow": [0.9666327238082886, 60, 64], "l_knee": [0.6419338583946228, 64, 56], "l_ankle": [0.7312129139900208, 68, 52], "r_wrist": [1.0799942016601562, 80, 32]}