{"head": [0.9978545308113098, 20, 52], "r_ankle": [0.7261735200881958, 68, 44], "l_elbow": [0.8727115392684937, 60, 64], "r_shoulder": [1.0158594846725464, 40, 40], "neck": [0.9948559999465942, 40, 52], "l_shoulder": [0.9828598499298096, 40, 64], "r_hip": [0.5529292821884155, 56, 44], "r_knee": [0.2819873094558716, 68, 41], "r_elbow": [0.9687390327453613, 60, 36], "l_wrist": [0.8776239156723022, 84, 68], "l_hip": [0.6702770590782166, 60, 56], "l_knee": [0.4410208463668823, 66, 52], "l_ankle": [0.5831661820411682, 68, 52], "r_wrist": [0.9934303760528564, 80, 32]}