{"head": [0.5454559922218323, 56, 56], "r_hip": [0.13217206299304962, 68, 16], "l_ankle": [0.00410829484462738, 28, 16], "r_ankle": [0.009367473423480988, 92, 16], "l_knee": [0.013289153575897217, 56, 72], "l_elbow": [0.47572118043899536, 68, 72], "r_knee": [0.05564296245574951, 48, 20], "l_shoulder": [0.4052462577819824, 80, 64], "l_wrist": [0.6838397979736328, 80, 72], "l_hip": [0.028643794357776642, 76, 24], "r_wrist": [0.9215312004089355, 80, 32], "r_elbow": [0.829245924949646, 64, 28], "r_shoulder": [0.6007229685783386, 68, 40], "neck": [0.6067699790000916, 76, 52]}