{"head": [0.9179297089576721, 20, 52], "r_ankle": [0.6602582335472107, 68, 44], "r_knee": [0.19600239396095276, 66, 41], "l_elbow": [0.860901951789856, 60, 64], "r_shoulder": [1.0590968132019043, 40, 40], "neck": [0.9691188335418701, 40, 52], "l_shoulder": [0.9918218851089478, 40, 64], "r_hip": [0.6598349213600159, 56, 44], "r_elbow": [0.9660303592681885, 60, 36], "l_hip": [0.6882374286651611, 60, 56], "l_wrist": [0.9343571662902832, 84, 68], "l_knee": [0.5332678556442261, 64, 56], "l_ankle": [0.5833507776260376, 68, 52], "r_wrist": [0.9865617752075195, 80, 32]}