{"head": [0.9030569195747375, 24, 52], "r_ankle": [0.6015169620513916, 68, 44], "r_elbow": [0.9664899110794067, 60, 36], "r_shoulder": [0.9422330856323242, 40, 40], "neck": [0.8599671125411987, 40, 52], "l_shoulder": [0.8950890302658081, 44, 64], "r_hip": [0.7060667872428894, 56, 44], "r_knee": [0.32097190618515015, 64, 43], "l_hip": [0.7175775766372681, 56, 56], "l_wrist": [1.071456789970398, 84, 68], "l_elbow": [0.7713152170181274, 64, 68], "l_ankle": [0.5115430355072021, 68, 48], "l_knee": [0.49848222732543945, 68, 56], "r_wrist": [1.0377308130264282, 80, 32]}