{"head": [0.9484702944755554, 20, 52], "r_ankle": [0.6154223680496216, 68, 44], "r_wrist": [1.0080857276916504, 80, 32], "l_elbow": [0.9177089929580688, 60, 64], "neck": [0.9240392446517944, 40, 52], "r_shoulder": [0.9876264333724976, 40, 40], "l_shoulder": [1.0027365684509277, 40, 64], "r_hip": [0.6369362473487854, 56, 44], "r_knee": [0.36429667472839355, 67, 42], "r_elbow": [1.0016483068466187, 60, 36], "l_hip": [0.6107337474822998, 60, 56], "l_wrist": [0.8831191062927246, 84, 68], "l_knee": [0.5537771582603455, 64, 56], "l_ankle": [0.5810674428939819, 68, 52]}