{"head": [0.975050151348114, 20, 52], "r_ankle": [0.7210323810577393, 68, 44], "r_knee": [0.41623759269714355, 64, 44], "r_elbow": [0.9786474704742432, 60, 36], "neck": [0.8770017623901367, 40, 52], "l_wrist": [1.013370156288147, 84, 68], "r_shoulder": [0.9809720516204834, 40, 40], "l_shoulder": [1.0102763175964355, 40, 64], "r_hip": [0.7901198267936707, 56, 44], "l_hip": [0.8694378733634949, 56, 56], "l_elbow": [0.8785582184791565, 60, 64], "l_knee": [0.6999577879905701, 64, 56], "r_wrist": [1.0977116823196411, 80, 32], "l_ankle": [0.47331005334854126, 68, 52]}