{"head": [0.5024592280387878, 56, 56], "l_ankle": [0.004085049033164978, 28, 16], "r_hip": [0.10174950957298279, 68, 16], "r_ankle": [0.008486781269311905, 92, 13], "l_knee": [0.014255939051508904, 49, 40], "r_knee": [0.04443301260471344, 48, 20], "l_elbow": [0.30043789744377136, 68, 72], "r_shoulder": [0.5403705835342407, 68, 40], "l_wrist": [0.6033409833908081, 80, 68], "l_shoulder": [0.32747477293014526, 76, 64], "l_hip": [0.008488543331623077, 52, 28], "r_wrist": [0.8881248235702515, 80, 32], "r_elbow": [0.7479049563407898, 64, 28], "neck": [0.5964685082435608, 76, 52]}