{"head": [0.9262978434562683, 24, 52], "r_ankle": [0.14354300498962402, 72, 48], "l_wrist": [1.0197583436965942, 84, 68], "r_shoulder": [0.9128786325454712, 40, 40], "neck": [0.8413695693016052, 40, 52], "l_shoulder": [0.8830686807632446, 44, 64], "r_hip": [0.7066033482551575, 60, 44], "r_knee": [0.7489262819290161, 72, 44], "r_elbow": [0.8250793814659119, 60, 36], "l_hip": [0.7412275671958923, 60, 52], "l_elbow": [0.9295327663421631, 60, 64], "l_ankle": [0.1385663002729416, 71, 48], "l_knee": [0.9501160383224487, 72, 52], "r_wrist": [1.0255393981933594, 80, 32]}