{"head": [1.0806853771209717, 28, 48], "r_ankle": [0.09112802892923355, 68, 32], "r_knee": [0.7754852771759033, 72, 44], "neck": [1.090994954109192, 40, 48], "l_shoulder": [0.9811546802520752, 44, 56], "r_shoulder": [0.8824820518493652, 40, 40], "r_elbow": [0.8800494074821472, 52, 40], "l_elbow": [0.8111417293548584, 52, 56], "l_wrist": [0.6031665802001953, 56, 60], "r_hip": [0.8512791991233826, 60, 44], "l_hip": [0.9183465242385864, 60, 52], "r_wrist": [0.9560186862945557, 60, 40], "l_ankle": [0.14806771278381348, 68, 52], "l_knee": [0.9178758859634399, 72, 52]}