{"head": [1.157629132270813, 28, 48], "r_ankle": [0.07507918030023575, 70, 48], "neck": [1.0673441886901855, 40, 48], "l_shoulder": [1.0222347974777222, 40, 56], "r_shoulder": [1.031307339668274, 44, 40], "r_knee": [0.79889315366745, 72, 44], "l_elbow": [1.025168776512146, 52, 60], "r_elbow": [0.9065252542495728, 52, 36], "r_hip": [0.8613254427909851, 60, 44], "l_hip": [0.8588831424713135, 60, 52], "l_wrist": [0.5800796747207642, 60, 56], "r_wrist": [0.8991526365280151, 64, 40], "l_ankle": [0.1460801661014557, 68, 52], "l_knee": [0.9529891014099121, 72, 52]}