{"head": [0.8741961121559143, 24, 52], "r_ankle": [0.054830342531204224, 65, 48], "r_elbow": [1.0166021585464478, 60, 36], "r_shoulder": [0.9111087322235107, 40, 40], "neck": [0.9004043340682983, 40, 52], "l_shoulder": [1.0598647594451904, 40, 64], "r_hip": [0.7435786724090576, 56, 44], "r_knee": [0.8573054671287537, 68, 44], "l_hip": [0.7240259051322937, 56, 52], "l_wrist": [1.002195119857788, 84, 68], "l_elbow": [0.8523659110069275, 60, 64], "l_knee": [0.5404055714607239, 64, 56], "l_ankle": [0.40708428621292114, 68, 52], "r_wrist": [1.0891450643539429, 80, 32]}