{"head": [1.147711992263794, 28, 48], "r_ankle": [0.07671437412500381, 68, 32], "neck": [1.080026388168335, 40, 48], "l_shoulder": [0.9848103523254395, 40, 56], "r_shoulder": [0.990004301071167, 44, 40], "r_knee": [0.7682818174362183, 76, 44], "l_elbow": [0.8648552894592285, 52, 56], "r_elbow": [0.9417088031768799, 52, 36], "l_wrist": [0.5034757852554321, 64, 56], "r_hip": [0.837817907333374, 60, 44], "l_hip": [0.8005015850067139, 60, 52], "r_wrist": [0.9297764301300049, 64, 40], "l_ankle": [0.17399731278419495, 68, 52], "l_knee": [0.7826385498046875, 72, 52]}