{"head": [0.5281806588172913, 56, 52], "l_knee": [0.007038772106170654, 90, 12], "r_hip": [0.12050114572048187, 68, 16], "l_ankle": [0.004376664757728577, 24, 20], "r_ankle": [0.005666494369506836, 92, 16], "l_elbow": [0.4854876399040222, 64, 72], "r_knee": [0.056024789810180664, 48, 20], "l_hip": [0.018248893320560455, 76, 24], "l_wrist": [0.891505241394043, 84, 68], "l_shoulder": [0.488963782787323, 76, 64], "r_shoulder": [0.6676356196403503, 64, 36], "r_elbow": [0.8729842305183411, 68, 28], "neck": [0.6689928770065308, 76, 52], "r_wrist": [0.7732878923416138, 80, 32]}