{"head": [0.7927526235580444, 24, 52], "l_elbow": [1.060607671737671, 60, 64], "l_wrist": [1.0068120956420898, 84, 68], "r_shoulder": [0.8906716108322144, 40, 36], "neck": [0.808330237865448, 40, 48], "l_shoulder": [0.7622528672218323, 44, 64], "r_knee": [0.720098614692688, 72, 40], "r_elbow": [0.8590173721313477, 60, 32], "r_hip": [0.7554283142089844, 60, 44], "l_hip": [0.764208972454071, 60, 52], "l_ankle": [0.2999510169029236, 68, 52], "r_ankle": [0.22576215863227844, 72, 47], "l_knee": [0.909781813621521, 72, 52], "r_wrist": [0.9975870847702026, 80, 32]}