{"head": [0.9920262694358826, 20, 52], "r_ankle": [0.07884306460618973, 68, 44], "r_elbow": [0.8487082719802856, 60, 36], "l_wrist": [1.0294301509857178, 84, 68], "r_shoulder": [0.9053751230239868, 40, 40], "neck": [0.9528770446777344, 40, 52], "l_shoulder": [1.021852970123291, 40, 64], "r_hip": [0.730286180973053, 60, 44], "r_knee": [0.7583175897598267, 72, 44], "l_hip": [0.7850646376609802, 60, 52], "l_elbow": [0.9327429533004761, 60, 64], "l_ankle": [0.2891315221786499, 72, 49], "l_knee": [0.8298587799072266, 72, 52], "r_wrist": [1.0350629091262817, 80, 32]}