{"head": [0.9198039174079895, 20, 52], "r_ankle": [0.7012450098991394, 68, 44], "r_knee": [0.33725056052207947, 64, 45], "r_elbow": [0.9613766670227051, 60, 36], "l_wrist": [1.0184016227722168, 84, 68], "r_shoulder": [0.9825628995895386, 40, 40], "neck": [0.8932433128356934, 40, 52], "l_shoulder": [1.003521203994751, 40, 64], "r_hip": [0.7844950556755066, 56, 44], "l_hip": [0.8211365938186646, 56, 56], "l_elbow": [0.8648794293403625, 60, 64], "l_knee": [0.6255613565444946, 64, 56], "l_ankle": [0.4683007001876831, 68, 52], "r_wrist": [1.0794323682785034, 80, 32]}