{"head": [0.7263796925544739, 32, 52], "r_hip": [0.5145702958106995, 68, 44], "neck": [0.6286453604698181, 48, 52], "r_knee": [0.21828967332839966, 70, 40], "r_shoulder": [0.8405737280845642, 48, 40], "l_shoulder": [0.731628954410553, 52, 68], "r_elbow": [1.0105537176132202, 64, 32], "l_hip": [0.6369674205780029, 68, 56], "l_elbow": [0.8771331906318665, 64, 68], "l_knee": [0.06449245661497116, 72, 60], "l_ankle": [0.05617223680019379, 76, 52], "r_wrist": [0.8269690275192261, 84, 32], "l_wrist": [1.1065232753753662, 84, 68], "r_ankle": [0.0041745975613594055, 91, 16]}