{"head": [1.0560972690582275, 20, 52], "r_ankle": [0.6522937417030334, 68, 44], "r_elbow": [0.9997062683105469, 60, 36], "neck": [0.839522659778595, 40, 52], "r_shoulder": [0.9649170637130737, 40, 40], "l_shoulder": [1.006605625152588, 40, 64], "r_hip": [0.7588627338409424, 56, 44], "r_knee": [0.41956162452697754, 65, 44], "l_hip": [0.8299939632415771, 56, 56], "l_elbow": [0.8912723064422607, 60, 64], "l_knee": [0.7075968384742737, 64, 56], "l_ankle": [0.42881500720977783, 68, 52], "r_wrist": [1.0925019979476929, 80, 32], "l_wrist": [1.033154010772705, 84, 68]}