{"head": [0.9266878962516785, 20, 52], "r_ankle": [0.6837514042854309, 68, 44], "r_knee": [0.38868606090545654, 64, 44], "r_elbow": [0.9643641710281372, 60, 36], "l_wrist": [1.03435218334198, 84, 68], "r_shoulder": [0.9800169467926025, 40, 40], "neck": [0.8894848227500916, 40, 52], "l_shoulder": [1.000562071800232, 40, 64], "r_hip": [0.7817625403404236, 56, 44], "l_hip": [0.8084838390350342, 56, 56], "l_elbow": [0.873069167137146, 60, 64], "l_knee": [0.6350100636482239, 64, 56], "r_wrist": [1.0789620876312256, 80, 32], "l_ankle": [0.43223994970321655, 68, 52]}