{"head": [0.9482602477073669, 12, 52], "r_ankle": [0.1793166548013687, 72, 46], "r_shoulder": [0.8905057907104492, 40, 40], "neck": [0.847010612487793, 36, 52], "l_shoulder": [0.9537683725357056, 40, 68], "l_wrist": [0.17565113306045532, 64, 68], "r_hip": [0.7221226692199707, 60, 44], "l_elbow": [0.4196709990501404, 56, 72], "r_knee": [0.8278621435165405, 72, 40], "r_wrist": [1.0504997968673706, 80, 32], "r_elbow": [1.1162673234939575, 60, 36], "l_hip": [0.7027638554573059, 60, 60], "l_knee": [0.9548598527908325, 76, 52], "l_ankle": [0.3883625864982605, 72, 68]}