{"head": [1.1215614080429077, 28, 48], "r_ankle": [0.14306175708770752, 72, 48], "r_knee": [0.8546231985092163, 72, 44], "neck": [1.1118711233139038, 40, 48], "l_shoulder": [0.9842499494552612, 44, 56], "r_shoulder": [0.8994836807250977, 40, 40], "r_elbow": [0.7750377655029297, 52, 40], "l_elbow": [0.7683228254318237, 52, 56], "r_wrist": [0.6545933485031128, 56, 36], "l_wrist": [0.8671988248825073, 56, 60], "r_hip": [0.9016116857528687, 60, 44], "l_hip": [1.0012202262878418, 60, 52], "l_ankle": [0.1352097988128662, 68, 52], "l_knee": [0.9075855016708374, 72, 52]}