{"head": [0.4630163908004761, 60, 56], "l_ankle": [0.0029415935277938843, 20, 16], "r_hip": [0.06527823209762573, 80, 44], "r_shoulder": [0.22002635896205902, 64, 40], "l_knee": [0.008634530007839203, 32, 76], "r_knee": [0.15210263431072235, 52, 36], "l_elbow": [0.32704123854637146, 68, 72], "r_ankle": [0.009038738906383514, 92, 12], "l_shoulder": [0.26253318786621094, 68, 68], "neck": [0.31175413727760315, 68, 56], "l_wrist": [0.7899161577224731, 80, 68], "r_elbow": [0.7700603008270264, 64, 28], "r_wrist": [0.8368664979934692, 80, 32], "l_hip": [0.11998637765645981, 84, 56]}