{"head": [0.7698854804039001, 20, 48], "l_elbow": [0.8730435967445374, 60, 64], "l_wrist": [0.9562070369720459, 84, 68], "r_shoulder": [1.0030452013015747, 40, 36], "neck": [0.7790727019309998, 40, 48], "l_shoulder": [0.9357496500015259, 40, 64], "l_ankle": [0.5161455273628235, 68, 52], "r_hip": [0.7570707201957703, 60, 44], "r_knee": [0.7662627100944519, 72, 44], "r_elbow": [0.9134141206741333, 60, 36], "r_ankle": [0.20035752654075623, 68, 44], "l_hip": [0.8175289034843445, 60, 52], "l_knee": [0.43185025453567505, 68, 56], "r_wrist": [1.0368059873580933, 80, 32]}