{"head": [0.49907708168029785, 56, 56], "r_hip": [0.12752221524715424, 68, 16], "l_ankle": [0.0016227662563323975, 24, 16], "l_knee": [0.01766371726989746, 56, 72], "r_knee": [0.03399936854839325, 84, 16], "r_ankle": [0.007660314440727234, 92, 12], "l_elbow": [0.5013887882232666, 68, 72], "r_elbow": [0.7414280772209167, 68, 28], "r_wrist": [0.9018335342407227, 80, 32], "r_shoulder": [0.44773805141448975, 64, 40], "l_shoulder": [0.4058823585510254, 76, 64], "l_hip": [0.002856956794857979, 52, 27], "l_wrist": [0.7522622346878052, 84, 68], "neck": [0.49287867546081543, 72, 52]}