{"head": [0.8230578303337097, 20, 52], "r_ankle": [0.2090158462524414, 72, 42], "r_elbow": [1.01676344871521, 60, 36], "neck": [0.8987647294998169, 40, 52], "r_shoulder": [0.9435445070266724, 40, 40], "l_shoulder": [1.033351182937622, 40, 64], "r_hip": [0.6807186007499695, 56, 44], "r_knee": [0.8327710032463074, 68, 44], "l_hip": [0.6484668254852295, 56, 56], "l_wrist": [0.9833921194076538, 84, 68], "l_elbow": [0.8590293526649475, 60, 64], "l_knee": [0.6269098520278931, 64, 56], "l_ankle": [0.461875855922699, 68, 52], "r_wrist": [1.1071584224700928, 80, 32]}