{"head": [0.6312664151191711, 56, 56], "l_knee": [0.01017405092716217, 52, 24], "r_hip": [0.08536915481090546, 68, 16], "l_ankle": [0.003042861819267273, 24, 16], "r_shoulder": [0.4690980315208435, 64, 40], "r_knee": [0.08536648750305176, 52, 36], "r_elbow": [0.6831767559051514, 68, 28], "l_shoulder": [0.36919084191322327, 76, 64], "neck": [0.632805585861206, 72, 52], "l_elbow": [0.3803330957889557, 72, 72], "l_hip": [0.008374527096748352, 52, 25], "r_wrist": [0.9328372478485107, 80, 32], "l_wrist": [0.6225577592849731, 80, 68], "r_ankle": [0.006884530186653137, 92, 12]}