{"head": [0.9465907216072083, 20, 52], "r_ankle": [0.7046602368354797, 68, 44], "r_knee": [0.360385000705719, 64, 44], "r_elbow": [1.0041965246200562, 60, 36], "r_shoulder": [0.9666595458984375, 40, 40], "neck": [0.8844628930091858, 40, 52], "l_shoulder": [0.990898847579956, 40, 64], "r_hip": [0.7926665544509888, 56, 44], "l_hip": [0.8716945052146912, 56, 56], "l_elbow": [0.8496786952018738, 60, 64], "l_knee": [0.7609103918075562, 64, 56], "l_ankle": [0.4720945358276367, 68, 52], "r_wrist": [1.0869226455688477, 80, 32], "l_wrist": [1.0515737533569336, 84, 68]}