{"head": [0.507483959197998, 52, 52], "l_knee": [0.011824291199445724, 32, 74], "r_hip": [0.04007233679294586, 52, 40], "r_ankle": [0.004603931214660406, 91, 13], "l_ankle": [0.006187468767166138, 20, 16], "r_knee": [0.03930498659610748, 48, 20], "l_elbow": [0.4223255515098572, 64, 72], "r_shoulder": [0.5106057524681091, 64, 36], "l_wrist": [0.9114680290222168, 84, 68], "l_shoulder": [0.3317319452762604, 72, 64], "neck": [0.4228358864784241, 72, 52], "l_hip": [0.002026014029979706, 60, 76], "r_elbow": [0.8178490996360779, 68, 28], "r_wrist": [0.8572320938110352, 80, 32]}