{"head": [0.9067088961601257, 24, 52], "r_ankle": [0.31720978021621704, 72, 47], "r_shoulder": [0.8385539054870605, 40, 36], "neck": [0.7522687911987305, 40, 52], "l_shoulder": [0.9489437341690063, 40, 64], "r_hip": [0.8083411455154419, 56, 44], "r_knee": [0.7498557567596436, 72, 44], "r_elbow": [1.0517133474349976, 60, 36], "l_hip": [0.7771066427230835, 56, 56], "l_elbow": [0.960280179977417, 60, 64], "l_knee": [0.6748048663139343, 64, 56], "l_ankle": [0.684283435344696, 68, 52], "r_wrist": [1.0972470045089722, 80, 32], "l_wrist": [0.998153805732727, 84, 68]}