{"head": [1.0798712968826294, 28, 48], "r_ankle": [0.07839735597372055, 72, 28], "neck": [1.067710280418396, 40, 48], "l_shoulder": [0.9943017959594727, 44, 56], "r_shoulder": [0.9123892784118652, 40, 40], "r_knee": [0.7365989685058594, 72, 44], "r_elbow": [0.8952797651290894, 52, 40], "l_elbow": [0.8382922410964966, 52, 56], "l_wrist": [0.5532400608062744, 56, 60], "r_hip": [0.8056071400642395, 60, 44], "l_hip": [0.8562809228897095, 60, 52], "r_wrist": [0.9102267026901245, 64, 40], "l_ankle": [0.1290893852710724, 68, 52], "l_knee": [0.8918858170509338, 72, 52]}