{"head": [0.9470506310462952, 20, 52], "r_ankle": [0.6449305415153503, 68, 44], "r_knee": [0.42753732204437256, 64, 44], "r_elbow": [1.0039069652557373, 60, 36], "neck": [0.8628053069114685, 40, 52], "l_wrist": [1.0390480756759644, 84, 68], "r_shoulder": [0.9680618047714233, 40, 40], "l_shoulder": [1.004258155822754, 40, 64], "r_hip": [0.7181827425956726, 56, 44], "l_hip": [0.8314453363418579, 56, 56], "l_elbow": [0.8667021989822388, 60, 64], "l_knee": [0.6892640590667725, 64, 56], "l_ankle": [0.4108843207359314, 68, 52], "r_wrist": [1.0962333679199219, 80, 32]}