{"head": [0.5617678165435791, 56, 56], "l_ankle": [0.0013203024864196777, 20, 16], "l_knee": [0.011651232838630676, 55, 72], "r_hip": [0.10313935577869415, 68, 16], "r_knee": [0.027638539671897888, 84, 16], "l_elbow": [0.29758691787719727, 76, 72], "r_elbow": [0.7134393453598022, 68, 28], "r_wrist": [0.9660367965698242, 80, 32], "r_shoulder": [0.5102225542068481, 64, 40], "l_shoulder": [0.2612813413143158, 76, 64], "neck": [0.6192072629928589, 76, 52], "l_wrist": [0.7665859460830688, 84, 68], "l_hip": [0.0042372941970825195, 84, 84], "r_ankle": [0.007182382047176361, 92, 12]}