{"head": [0.8699126839637756, 20, 52], "r_ankle": [0.6990335583686829, 68, 44], "r_knee": [0.3381772041320801, 64, 45], "r_elbow": [0.9576544761657715, 60, 36], "r_shoulder": [0.9602246284484863, 40, 40], "neck": [0.8487383127212524, 40, 52], "l_shoulder": [0.9910720586776733, 40, 64], "r_hip": [0.7877137660980225, 56, 44], "l_hip": [0.8744373321533203, 56, 56], "l_wrist": [1.0513404607772827, 84, 68], "l_elbow": [0.8976339101791382, 60, 64], "l_knee": [0.6123380661010742, 64, 56], "l_ankle": [0.4654577374458313, 68, 52], "r_wrist": [1.0863900184631348, 80, 32]}