{"head": [0.5571600794792175, 56, 56], "l_ankle": [0.0018849372863769531, 20, 16], "l_knee": [0.010073862969875336, 32, 76], "r_hip": [0.09501181542873383, 68, 16], "r_ankle": [0.006821192800998688, 92, 12], "l_elbow": [0.30647340416908264, 76, 72], "r_knee": [0.027265552431344986, 51, 18], "r_elbow": [0.7091379165649414, 68, 28], "r_wrist": [0.9672023057937622, 80, 32], "l_shoulder": [0.25976336002349854, 76, 64], "r_shoulder": [0.5108655691146851, 64, 40], "neck": [0.6248847246170044, 76, 52], "l_wrist": [0.7745338678359985, 84, 68], "l_hip": [0.0044648051261901855, 84, 84]}