{"head": [0.7955562472343445, 24, 52], "r_ankle": [0.634227991104126, 68, 44], "r_elbow": [1.026432752609253, 60, 36], "r_shoulder": [0.968017578125, 40, 40], "neck": [0.8786923885345459, 40, 52], "l_shoulder": [0.9582715034484863, 40, 64], "r_hip": [0.7469863891601562, 56, 44], "r_knee": [0.31321367621421814, 64, 43], "r_wrist": [1.0504974126815796, 80, 32], "l_elbow": [0.7981997728347778, 60, 68], "l_hip": [0.7409369945526123, 56, 56], "l_ankle": [0.5337221622467041, 68, 52], "l_knee": [0.5947586297988892, 68, 56], "l_wrist": [1.0702518224716187, 84, 68]}