{"head": [0.7554852962493896, 36, 52], "r_shoulder": [0.9136137962341309, 52, 36], "r_elbow": [1.0458482503890991, 64, 32], "r_hip": [0.6846821308135986, 68, 44], "r_knee": [0.018450886011123657, 84, 16], "neck": [0.7304425835609436, 56, 52], "l_shoulder": [0.7606710195541382, 52, 68], "l_hip": [0.6456156373023987, 68, 56], "l_elbow": [0.9300040006637573, 68, 72], "l_knee": [0.007910892367362976, 76, 80], "r_wrist": [0.8366782665252686, 80, 32], "l_ankle": [0.08080685138702393, 76, 52], "l_wrist": [1.1320208311080933, 84, 68], "r_ankle": [0.0028700828552246094, 88, 40]}