{"head": [0.8638139367103577, 20, 52], "r_ankle": [0.08722662180662155, 75, 48], "r_elbow": [0.8551806807518005, 60, 36], "l_elbow": [0.9371241331100464, 60, 64], "l_wrist": [1.021814227104187, 84, 68], "r_shoulder": [0.8999036550521851, 40, 40], "neck": [0.839919924736023, 40, 52], "l_shoulder": [0.9717254638671875, 40, 64], "r_hip": [0.7461891174316406, 60, 44], "r_knee": [0.7706038355827332, 72, 44], "l_hip": [0.7593250870704651, 60, 52], "l_ankle": [0.24049627780914307, 68, 52], "l_knee": [0.9248398542404175, 72, 52], "r_wrist": [1.0448459386825562, 80, 32]}