{"head": [1.159511685371399, 28, 48], "r_ankle": [0.11868003755807877, 72, 48], "r_shoulder": [0.9398982524871826, 44, 40], "neck": [1.067022681236267, 40, 48], "l_shoulder": [1.0088865756988525, 40, 56], "r_knee": [0.8191702365875244, 72, 44], "l_elbow": [0.8726590275764465, 52, 56], "r_elbow": [0.9078128337860107, 52, 36], "l_wrist": [0.6882429122924805, 56, 60], "r_hip": [0.8881274461746216, 60, 44], "l_hip": [0.972551703453064, 60, 52], "r_wrist": [0.9925979375839233, 60, 36], "l_ankle": [0.11282303929328918, 68, 52], "l_knee": [0.926148533821106, 76, 52]}