{"head": [0.8434670567512512, 32, 52], "r_ankle": [0.015358977019786835, 76, 48], "r_elbow": [0.9761810302734375, 64, 32], "r_hip": [0.632144033908844, 68, 44], "r_knee": [0.0267803817987442, 48, 24], "r_shoulder": [0.8289840221405029, 48, 36], "neck": [0.6654019355773926, 52, 52], "l_shoulder": [0.8753609657287598, 52, 68], "l_hip": [0.6158173084259033, 68, 60], "l_elbow": [1.0354472398757935, 68, 72], "l_knee": [0.050980888307094574, 80, 76], "l_ankle": [0.048338934779167175, 76, 52], "r_wrist": [0.75513756275177, 84, 32], "l_wrist": [1.0572941303253174, 84, 68]}