{"head": [0.8835530877113342, 20, 52], "r_ankle": [0.7346631288528442, 68, 44], "l_elbow": [0.8035922050476074, 60, 64], "r_shoulder": [1.0480577945709229, 40, 40], "neck": [0.9947292804718018, 40, 52], "l_shoulder": [0.9880517721176147, 40, 64], "r_hip": [0.6943061947822571, 56, 44], "r_knee": [0.23541122674942017, 66, 41], "r_elbow": [1.002244234085083, 60, 36], "l_hip": [0.720946729183197, 60, 56], "l_wrist": [0.974166750907898, 84, 68], "l_knee": [0.5153729915618896, 64, 56], "l_ankle": [0.6181328892707825, 68, 52], "r_wrist": [0.9827097654342651, 80, 32]}