{"head": [0.9677587151527405, 28, 48], "r_ankle": [0.023281939327716827, 44, 20], "neck": [0.8688158988952637, 40, 48], "r_hip": [0.8745191097259521, 60, 44], "r_shoulder": [1.0495113134384155, 44, 40], "l_shoulder": [0.9619855880737305, 44, 60], "r_knee": [0.8620823621749878, 76, 44], "l_elbow": [0.7314682006835938, 56, 64], "r_elbow": [0.8970866203308105, 60, 36], "l_hip": [1.017041563987732, 60, 52], "l_wrist": [0.9632881879806519, 72, 64], "r_wrist": [1.2222986221313477, 72, 36], "l_ankle": [0.07718878984451294, 68, 48], "l_knee": [0.884662389755249, 72, 52]}