{"head": [0.5621166825294495, 56, 56], "l_ankle": [0.004748046398162842, 28, 16], "r_hip": [0.12807337939739227, 68, 16], "r_ankle": [0.008280698210000992, 92, 15], "r_knee": [0.0939498096704483, 52, 36], "l_knee": [0.014384724199771881, 84, 76], "l_elbow": [0.5129091739654541, 68, 72], "l_hip": [0.023205764591693878, 76, 24], "l_shoulder": [0.34608951210975647, 76, 64], "l_wrist": [0.710584282875061, 80, 68], "r_wrist": [0.8934271335601807, 80, 32], "r_elbow": [0.7704923748970032, 64, 28], "r_shoulder": [0.5480058193206787, 68, 40], "neck": [0.568644642829895, 76, 52]}