{"head": [0.9384827017784119, 20, 52], "r_ankle": [0.05870991200208664, 76, 48], "l_elbow": [0.8914984464645386, 60, 64], "l_wrist": [1.0230118036270142, 84, 68], "r_shoulder": [0.892297625541687, 40, 40], "neck": [0.9127713441848755, 40, 52], "l_shoulder": [1.0217679738998413, 40, 64], "r_hip": [0.7249863147735596, 56, 44], "r_knee": [0.7644005417823792, 72, 44], "r_elbow": [0.8302518129348755, 60, 36], "l_hip": [0.7486202716827393, 60, 52], "l_ankle": [0.2840428054332733, 68, 52], "r_wrist": [1.0383577346801758, 80, 32], "l_knee": [0.8744207620620728, 72, 52]}