{"head": [0.6087604761123657, 56, 56], "l_knee": [0.013377197086811066, 56, 72], "r_hip": [0.12792065739631653, 68, 16], "l_ankle": [0.003567516803741455, 20, 16], "r_knee": [0.05410389602184296, 84, 16], "l_elbow": [0.4032628536224365, 72, 72], "r_elbow": [0.8110354542732239, 68, 28], "r_wrist": [0.866253137588501, 80, 32], "r_shoulder": [0.5072308778762817, 64, 40], "l_shoulder": [0.4485859274864197, 76, 64], "l_wrist": [0.8709993362426758, 84, 68], "neck": [0.6382524967193604, 76, 52], "r_ankle": [0.009223587810993195, 92, 12]}