{"head": [0.9660869240760803, 20, 52], "r_ankle": [0.6726885437965393, 68, 44], "r_knee": [0.41120922565460205, 64, 44], "r_elbow": [1.0098247528076172, 60, 36], "neck": [0.8727515339851379, 40, 52], "l_wrist": [1.04915452003479, 84, 68], "r_shoulder": [0.9742060899734497, 40, 40], "l_shoulder": [1.0030509233474731, 40, 64], "r_hip": [0.7497915625572205, 56, 44], "l_hip": [0.8506332635879517, 56, 56], "l_elbow": [0.8964141011238098, 60, 64], "l_knee": [0.693727433681488, 64, 56], "l_ankle": [0.41500043869018555, 68, 52], "r_wrist": [1.0826770067214966, 80, 32]}