{"head": [0.9154439568519592, 20, 52], "r_ankle": [0.7322156429290771, 68, 44], "r_knee": [0.1972344070672989, 65, 41], "l_elbow": [0.865129292011261, 60, 64], "r_shoulder": [1.056395411491394, 40, 40], "neck": [0.9826273918151855, 40, 52], "l_shoulder": [0.9992966651916504, 40, 64], "r_hip": [0.6533157229423523, 56, 44], "l_hip": [0.6619775891304016, 60, 56], "l_wrist": [0.9344480037689209, 84, 68], "r_elbow": [0.9603253602981567, 60, 36], "l_knee": [0.5630416870117188, 64, 56], "l_ankle": [0.6185295581817627, 68, 52], "r_wrist": [1.0022528171539307, 80, 32]}