{"head": [0.5205488801002502, 52, 52], "l_knee": [0.010220551863312721, 32, 75], "r_hip": [0.062099114060401917, 72, 20], "l_ankle": [0.0041685402393341064, 24, 16], "l_elbow": [0.30092909932136536, 68, 72], "r_knee": [0.044810593128204346, 48, 20], "r_ankle": [0.008025184273719788, 91, 16], "r_shoulder": [0.6381650567054749, 64, 36], "l_wrist": [0.9272322654724121, 84, 68], "l_shoulder": [0.33974525332450867, 76, 64], "neck": [0.4883752465248108, 72, 52], "l_hip": [0.0006386786699295044, 60, 76], "r_elbow": [0.8576774597167969, 68, 28], "r_wrist": [0.7481735944747925, 80, 32]}