{"head": [0.5386974215507507, 60, 56], "r_shoulder": [0.39752858877182007, 68, 40], "l_ankle": [0.0025512129068374634, 28, 20], "r_hip": [0.06512466073036194, 68, 16], "l_knee": [0.011715047061443329, 84, 76], "r_ankle": [0.009069018065929413, 92, 12], "r_knee": [0.08842451870441437, 52, 36], "l_elbow": [0.37131714820861816, 72, 72], "l_shoulder": [0.19887512922286987, 68, 68], "neck": [0.3444023132324219, 76, 52], "l_wrist": [0.7356454133987427, 80, 68], "r_elbow": [0.785703718662262, 64, 28], "r_wrist": [0.83931565284729, 80, 32], "l_hip": [0.028446190059185028, 84, 52]}