{"head": [1.0282611846923828, 20, 52], "r_ankle": [0.636655330657959, 68, 44], "r_knee": [0.41268008947372437, 64, 44], "r_elbow": [1.0007139444351196, 60, 36], "neck": [0.8138148784637451, 40, 52], "r_shoulder": [0.9598572254180908, 40, 40], "l_shoulder": [1.01125967502594, 40, 64], "r_hip": [0.7158098816871643, 56, 44], "l_hip": [0.83584064245224, 56, 56], "l_elbow": [0.9076288938522339, 60, 64], "l_knee": [0.698562502861023, 64, 56], "l_ankle": [0.366810142993927, 68, 52], "l_wrist": [1.0134917497634888, 84, 68], "r_wrist": [1.092856764793396, 80, 32]}