{"head": [0.9563919901847839, 20, 52], "neck": [0.9604979753494263, 40, 52], "r_shoulder": [0.9783706665039062, 40, 40], "l_shoulder": [1.0012768507003784, 40, 64], "r_hip": [0.6229874491691589, 60, 44], "r_knee": [0.4088454246520996, 68, 42], "r_ankle": [0.5847695469856262, 68, 44], "l_hip": [0.6482530236244202, 60, 56], "r_elbow": [0.9993420839309692, 60, 36], "l_elbow": [0.7974197268486023, 60, 68], "l_knee": [0.5898222327232361, 68, 52], "l_ankle": [0.4727630019187927, 68, 51], "l_wrist": [1.0151020288467407, 84, 68], "r_wrist": [0.9855151176452637, 80, 32]}