{"head": [0.9460775256156921, 20, 52], "r_knee": [0.43848204612731934, 66, 44], "r_wrist": [0.9760044813156128, 80, 32], "l_wrist": [0.8832360506057739, 84, 68], "neck": [0.878593921661377, 40, 52], "r_shoulder": [0.9858423471450806, 40, 40], "l_shoulder": [0.9815075397491455, 40, 64], "r_hip": [0.6293606162071228, 56, 44], "r_elbow": [1.0194013118743896, 60, 36], "l_hip": [0.65996915102005, 60, 56], "r_ankle": [0.5708022713661194, 68, 44], "l_elbow": [0.8573804497718811, 60, 64], "l_knee": [0.5173357129096985, 68, 56], "l_ankle": [0.5375970005989075, 68, 52]}