{"head": [0.5467081665992737, 52, 56], "l_ankle": [0.00285257026553154, 23, 16], "l_knee": [0.012136384844779968, 60, 72], "r_hip": [0.12499630451202393, 68, 16], "r_ankle": [0.00867200642824173, 92, 16], "r_shoulder": [0.6874627470970154, 64, 40], "l_elbow": [0.5058422684669495, 68, 72], "r_knee": [0.04670421779155731, 48, 20], "l_wrist": [1.0132743120193481, 84, 68], "l_hip": [0.014172695577144623, 48, 32], "l_shoulder": [0.5531463623046875, 76, 64], "neck": [0.6190207600593567, 72, 52], "r_elbow": [0.8604663014411926, 68, 28], "r_wrist": [0.8929740190505981, 80, 32]}