{"head": [0.8800962567329407, 24, 52], "r_ankle": [0.7331926822662354, 68, 44], "r_shoulder": [1.0136897563934326, 40, 40], "r_hip": [0.7822531461715698, 56, 44], "neck": [0.9077517986297607, 40, 52], "l_shoulder": [0.8980528116226196, 40, 64], "r_knee": [0.2557228207588196, 62, 44], "r_elbow": [1.0698858499526978, 60, 36], "l_wrist": [0.9099764823913574, 84, 68], "l_hip": [0.769153892993927, 56, 56], "l_elbow": [0.7530553340911865, 60, 64], "l_ankle": [0.24336984753608704, 68, 48], "l_knee": [0.844738781452179, 72, 52], "r_wrist": [1.0264732837677002, 80, 32]}