{"head": [1.0005244016647339, 20, 52], "r_ankle": [0.11128558218479156, 75, 48], "r_elbow": [0.8546306490898132, 60, 36], "l_wrist": [1.0141701698303223, 84, 68], "r_shoulder": [0.8910931348800659, 40, 40], "neck": [0.8958761692047119, 40, 52], "l_shoulder": [1.011931300163269, 40, 64], "r_hip": [0.7317585945129395, 60, 44], "r_knee": [0.7456834316253662, 72, 44], "l_hip": [0.7750089764595032, 60, 52], "l_elbow": [0.9638059139251709, 60, 64], "l_ankle": [0.2837982475757599, 68, 52], "l_knee": [0.897429883480072, 72, 52], "r_wrist": [1.0430747270584106, 80, 32]}