{"head": [0.708863377571106, 24, 48], "r_ankle": [0.11424168199300766, 72, 48], "r_knee": [0.8070791959762573, 76, 44], "l_elbow": [0.9585139751434326, 60, 64], "l_shoulder": [0.7899118661880493, 44, 64], "r_shoulder": [0.7929826378822327, 40, 36], "neck": [0.7250937223434448, 40, 48], "r_hip": [0.7272157073020935, 60, 44], "l_wrist": [0.9705722332000732, 84, 68], "r_elbow": [0.7903987169265747, 60, 32], "l_hip": [0.8852927684783936, 60, 52], "l_ankle": [0.08889031410217285, 71, 48], "l_knee": [0.9572267532348633, 72, 52], "r_wrist": [1.0328634977340698, 84, 32]}