{"head": [0.8437548875808716, 20, 48], "l_wrist": [0.9402948617935181, 84, 68], "r_shoulder": [0.9941989183425903, 40, 36], "neck": [0.9138164520263672, 40, 48], "l_shoulder": [0.8983193635940552, 40, 60], "l_elbow": [0.9050260782241821, 60, 64], "r_knee": [0.7846237421035767, 72, 40], "r_elbow": [0.9982396364212036, 60, 32], "r_hip": [0.8363107442855835, 60, 40], "l_hip": [0.800152599811554, 60, 52], "l_knee": [0.7199162244796753, 68, 52], "r_ankle": [0.13485613465309143, 68, 44], "r_wrist": [1.0005173683166504, 84, 32], "l_ankle": [0.6082601547241211, 72, 52]}