{"head": [0.8649243712425232, 28, 52], "r_ankle": [0.013540618121623993, 76, 48], "r_elbow": [1.0731276273727417, 64, 32], "r_hip": [0.5961311459541321, 68, 44], "r_knee": [0.10959117114543915, 72, 40], "r_shoulder": [0.8159008622169495, 48, 36], "neck": [0.7055335640907288, 48, 52], "l_shoulder": [0.7978965044021606, 48, 64], "l_hip": [0.5806884169578552, 68, 60], "l_elbow": [0.8265357613563538, 64, 72], "l_knee": [0.01864730566740036, 80, 76], "l_ankle": [0.051607489585876465, 76, 52], "r_wrist": [0.772571325302124, 84, 32], "l_wrist": [1.059958577156067, 84, 68]}