{"head": [1.0881112813949585, 28, 48], "r_ankle": [0.05064472183585167, 69, 48], "neck": [1.0635697841644287, 40, 48], "r_shoulder": [1.0517383813858032, 44, 40], "l_shoulder": [0.9892913103103638, 44, 56], "r_knee": [0.7285270690917969, 72, 44], "r_elbow": [1.0777605772018433, 56, 36], "l_elbow": [1.0718326568603516, 56, 60], "r_hip": [0.987330436706543, 60, 44], "l_hip": [0.9447652101516724, 60, 52], "r_wrist": [1.091504454612732, 68, 36], "l_wrist": [0.9404910802841187, 68, 60], "l_ankle": [0.04450792074203491, 68, 52], "l_knee": [0.9885283708572388, 76, 52]}