{"head": [1.0321571826934814, 20, 52], "r_ankle": [0.6923254728317261, 68, 44], "r_knee": [0.2844480574131012, 68, 41], "l_elbow": [0.8880096077919006, 60, 64], "r_shoulder": [1.0270429849624634, 40, 40], "neck": [0.9994258880615234, 40, 52], "l_shoulder": [1.0076615810394287, 40, 64], "r_hip": [0.5761523842811584, 56, 44], "r_elbow": [1.0077770948410034, 60, 36], "l_wrist": [0.8469455242156982, 84, 68], "l_hip": [0.6823803186416626, 60, 56], "l_knee": [0.44690898060798645, 66, 52], "l_ankle": [0.6016431450843811, 68, 52], "r_wrist": [0.9907529354095459, 80, 32]}