{"head": [0.5687869191169739, 56, 56], "r_hip": [0.12686556577682495, 68, 16], "l_ankle": [0.004363700747489929, 24, 16], "r_ankle": [0.007986493408679962, 92, 16], "r_knee": [0.09339076280593872, 52, 36], "l_knee": [0.017328083515167236, 48, 24], "l_elbow": [0.5391720533370972, 68, 72], "l_shoulder": [0.33254268765449524, 76, 64], "l_wrist": [0.7141194343566895, 80, 68], "l_hip": [0.020120717585086823, 76, 24], "r_wrist": [0.904212474822998, 80, 32], "r_elbow": [0.7486014366149902, 64, 28], "r_shoulder": [0.501315176486969, 68, 40], "neck": [0.41801130771636963, 76, 52]}