{"head": [0.6207846999168396, 56, 56], "l_knee": [0.01333523541688919, 56, 72], "r_hip": [0.04375965893268585, 72, 20], "l_ankle": [0.0029248446226119995, 20, 16], "r_ankle": [0.007904368452727795, 90, 15], "r_knee": [0.047792911529541016, 48, 20], "l_elbow": [0.36552903056144714, 68, 72], "r_wrist": [0.9077606201171875, 80, 32], "r_shoulder": [0.5020225048065186, 64, 40], "l_shoulder": [0.3549230694770813, 76, 64], "l_wrist": [0.7789825201034546, 84, 68], "r_elbow": [0.813096284866333, 68, 28], "neck": [0.5710351467132568, 72, 52], "l_hip": [0.0022812243551015854, 83, 84]}