{"head": [1.1040719747543335, 28, 48], "r_ankle": [0.09750484675168991, 68, 32], "neck": [1.1233348846435547, 40, 48], "l_shoulder": [0.9820560216903687, 40, 56], "r_shoulder": [0.9869822263717651, 44, 40], "r_knee": [0.7266982197761536, 76, 44], "l_elbow": [0.9849966764450073, 52, 60], "r_elbow": [0.8801318407058716, 52, 36], "r_hip": [0.7538665533065796, 60, 44], "l_hip": [0.7826737761497498, 60, 52], "l_wrist": [0.8706583976745605, 60, 56], "r_wrist": [0.8843955993652344, 64, 40], "l_ankle": [0.14020204544067383, 68, 52], "l_knee": [0.9106873273849487, 72, 52]}