{"head": [1.1366889476776123, 28, 48], "r_ankle": [0.0792989432811737, 70, 48], "neck": [1.13859224319458, 40, 48], "r_shoulder": [1.0320643186569214, 44, 40], "l_shoulder": [1.022167444229126, 44, 56], "r_knee": [0.7455050349235535, 76, 44], "r_elbow": [0.8173455595970154, 52, 36], "l_elbow": [1.0061044692993164, 52, 60], "r_hip": [0.8415984511375427, 60, 44], "l_hip": [0.8190868496894836, 60, 52], "l_wrist": [0.7440090179443359, 64, 56], "r_wrist": [0.9930785894393921, 64, 40], "l_knee": [0.8002945780754089, 76, 52], "l_ankle": [0.1833869218826294, 68, 52]}