{"head": [0.9341017603874207, 20, 52], "r_ankle": [0.07624892145395279, 76, 48], "r_elbow": [0.844017744064331, 60, 36], "l_elbow": [0.8926176428794861, 60, 64], "l_wrist": [1.0153261423110962, 84, 68], "r_shoulder": [0.8948713541030884, 40, 40], "neck": [0.9151594638824463, 40, 52], "l_shoulder": [0.9890046119689941, 40, 64], "r_hip": [0.7886826395988464, 60, 44], "r_knee": [0.7678091526031494, 76, 44], "l_hip": [0.7617337703704834, 60, 52], "l_ankle": [0.21937406063079834, 71, 49], "l_knee": [0.8605051636695862, 72, 52], "r_wrist": [1.0610010623931885, 80, 32]}