{"head": [0.9757975935935974, 20, 52], "r_ankle": [0.6733452677726746, 68, 44], "r_elbow": [0.9923516511917114, 60, 36], "neck": [0.8266831636428833, 40, 52], "l_wrist": [1.0376957654953003, 84, 68], "r_shoulder": [0.9645332098007202, 40, 40], "l_shoulder": [1.0080897808074951, 40, 64], "r_hip": [0.7034014463424683, 56, 44], "r_knee": [0.43155455589294434, 64, 44], "l_hip": [0.8025432229042053, 56, 56], "l_elbow": [0.8805490136146545, 60, 64], "l_knee": [0.7022676467895508, 64, 56], "l_ankle": [0.4364304542541504, 68, 52], "r_wrist": [1.0954984426498413, 80, 32]}