{"head": [0.9359787106513977, 20, 52], "r_ankle": [0.053850091993808746, 76, 48], "r_elbow": [0.8611459732055664, 60, 36], "l_elbow": [0.8946654200553894, 60, 64], "l_wrist": [1.0320899486541748, 84, 68], "r_shoulder": [0.9045065641403198, 40, 40], "neck": [0.935663104057312, 40, 52], "l_shoulder": [1.0061750411987305, 40, 64], "r_hip": [0.7665325999259949, 60, 44], "r_knee": [0.7960526943206787, 76, 44], "l_hip": [0.7725064754486084, 60, 52], "l_ankle": [0.26058146357536316, 68, 52], "l_knee": [0.8499906063079834, 72, 52], "r_wrist": [1.056035041809082, 80, 32]}