{"head": [0.7140903472900391, 40, 52], "l_knee": [0.004935279488563538, 76, 76], "l_elbow": [0.8715353012084961, 68, 68], "r_elbow": [0.9851765632629395, 68, 32], "r_hip": [0.5526453256607056, 68, 44], "r_knee": [0.02519160509109497, 84, 16], "r_shoulder": [0.8697810173034668, 56, 36], "neck": [0.7764886617660522, 60, 52], "l_shoulder": [0.9606384038925171, 56, 68], "l_wrist": [1.1443710327148438, 84, 68], "l_hip": [0.4568970501422882, 68, 56], "r_wrist": [0.8840497732162476, 80, 32], "l_ankle": [0.03737515211105347, 76, 52], "r_ankle": [0.002207346260547638, 88, 40]}