{"head": [0.7974438667297363, 20, 52], "l_elbow": [0.8079637885093689, 60, 64], "l_wrist": [0.8454315662384033, 84, 68], "r_shoulder": [0.9487775564193726, 40, 40], "neck": [0.7411580085754395, 40, 48], "l_shoulder": [0.7096170783042908, 40, 60], "r_knee": [0.8229074478149414, 72, 44], "r_elbow": [0.8635215759277344, 56, 32], "r_hip": [0.7728955149650574, 60, 40], "l_hip": [0.7074699401855469, 60, 52], "r_ankle": [0.09032144397497177, 68, 44], "l_ankle": [0.3266916275024414, 72, 52], "l_knee": [0.008435018360614777, 68, 68], "r_wrist": [0.7468461990356445, 80, 28]}