{"head": [0.6504374146461487, 56, 56], "l_ankle": [0.0016257911920547485, 24, 16], "l_knee": [0.009511744603514671, 32, 75], "r_hip": [0.09612470865249634, 68, 16], "r_shoulder": [0.49306541681289673, 64, 40], "r_knee": [0.026496201753616333, 84, 16], "r_elbow": [0.7524688839912415, 68, 28], "l_shoulder": [0.400823712348938, 76, 64], "l_elbow": [0.4298020005226135, 72, 72], "neck": [0.6377829909324646, 72, 52], "r_wrist": [0.9586648941040039, 80, 32], "l_hip": [0.00282490998506546, 84, 84], "l_wrist": [0.6963826417922974, 84, 68], "r_ankle": [0.007704786956310272, 92, 12]}