{"head": [0.5431629419326782, 52, 56], "l_knee": [0.012427974492311478, 59, 72], "r_hip": [0.12028947472572327, 68, 16], "l_ankle": [0.0025520026683807373, 20, 16], "r_ankle": [0.00736294686794281, 92, 16], "r_knee": [0.0434078574180603, 48, 20], "l_elbow": [0.4193603992462158, 68, 72], "r_shoulder": [0.7358499765396118, 64, 40], "l_wrist": [0.9114400148391724, 84, 68], "r_wrist": [0.8721194267272949, 80, 32], "l_hip": [0.007640920579433441, 52, 28], "l_shoulder": [0.3853539228439331, 76, 64], "neck": [0.5752516388893127, 72, 52], "r_elbow": [0.8234458565711975, 68, 28]}