{"head": [0.5583869218826294, 52, 52], "l_knee": [0.009184293448925018, 58, 72], "r_hip": [0.07176145911216736, 72, 20], "l_ankle": [0.003121301531791687, 24, 16], "r_ankle": [0.006650086492300034, 90, 12], "r_shoulder": [0.5311775803565979, 64, 36], "r_knee": [0.04098750650882721, 48, 20], "l_elbow": [0.3984675407409668, 68, 72], "l_wrist": [0.9340064525604248, 84, 68], "l_shoulder": [0.2705329358577728, 76, 64], "neck": [0.5071712732315063, 76, 52], "r_elbow": [0.8330314755439758, 68, 28], "r_wrist": [0.8338710069656372, 80, 32]}