{"head": [0.47993767261505127, 56, 56], "l_ankle": [0.003467172384262085, 24, 16], "l_knee": [0.014924779534339905, 56, 72], "r_hip": [0.12644022703170776, 68, 16], "r_knee": [0.04290729761123657, 84, 16], "r_ankle": [0.010430142283439636, 91, 16], "l_elbow": [0.3955618143081665, 68, 72], "r_elbow": [0.7949594855308533, 68, 28], "r_wrist": [0.873803973197937, 80, 32], "r_shoulder": [0.45624107122421265, 64, 40], "l_shoulder": [0.4103279709815979, 76, 64], "l_wrist": [0.8395113945007324, 84, 68], "neck": [0.517730712890625, 72, 52], "l_hip": [0.020024903118610382, 76, 24]}