{"head": [0.6925275325775146, 16, 52], "r_ankle": [0.7994165420532227, 68, 44], "l_elbow": [0.8995896577835083, 60, 68], "neck": [0.8886526823043823, 40, 52], "r_shoulder": [0.9592911005020142, 40, 40], "l_shoulder": [1.0075105428695679, 40, 64], "r_hip": [0.6217305064201355, 60, 44], "r_knee": [0.33018064498901367, 68, 40], "r_elbow": [0.9403544664382935, 60, 36], "l_hip": [0.6634179949760437, 60, 52], "l_knee": [0.5449167490005493, 68, 56], "l_ankle": [0.6319152116775513, 68, 52], "l_wrist": [0.9282540082931519, 84, 68], "r_wrist": [0.990211009979248, 80, 32]}