{"head": [0.8673252463340759, 24, 52], "r_shoulder": [1.0234867334365845, 40, 40], "r_hip": [0.7876322865486145, 56, 44], "neck": [0.8952234983444214, 40, 52], "l_shoulder": [0.9333813190460205, 40, 64], "r_knee": [0.23293131589889526, 62, 44], "r_elbow": [1.0510718822479248, 60, 36], "l_elbow": [0.7548742294311523, 60, 64], "l_wrist": [0.915619969367981, 84, 68], "l_hip": [0.8530898094177246, 56, 56], "r_ankle": [0.7552708387374878, 68, 44], "l_knee": [0.7372152209281921, 68, 52], "l_ankle": [0.3963030278682709, 72, 49], "r_wrist": [1.0206247568130493, 80, 32]}