{"head": [0.9100796580314636, 20, 52], "r_ankle": [0.7365158200263977, 68, 44], "r_knee": [0.19587905704975128, 65, 41], "l_elbow": [0.8671885132789612, 60, 64], "r_shoulder": [1.0560942888259888, 40, 40], "neck": [0.9853544235229492, 40, 52], "l_shoulder": [1.0012364387512207, 40, 64], "r_hip": [0.6596423983573914, 56, 44], "l_hip": [0.6653091907501221, 60, 56], "l_wrist": [0.945159912109375, 84, 68], "r_elbow": [0.9586226940155029, 60, 36], "l_knee": [0.565488874912262, 64, 56], "l_ankle": [0.6198297142982483, 68, 52], "r_wrist": [1.0007455348968506, 80, 32]}