{"head": [0.9898806214332581, 20, 52], "r_ankle": [0.7537702322006226, 68, 44], "l_elbow": [0.8946093916893005, 60, 64], "r_shoulder": [1.0172582864761353, 40, 40], "neck": [1.0072239637374878, 40, 52], "l_shoulder": [0.9926215410232544, 40, 64], "r_hip": [0.5620774030685425, 56, 44], "r_knee": [0.26505613327026367, 67, 41], "r_elbow": [0.9875563383102417, 60, 36], "l_wrist": [0.8584623336791992, 84, 68], "l_hip": [0.6764246225357056, 60, 56], "l_knee": [0.47135424613952637, 64, 52], "l_ankle": [0.6384748220443726, 68, 52], "r_wrist": [0.9834957122802734, 80, 32]}