{"head": [1.028978705406189, 20, 52], "r_ankle": [0.637412965297699, 68, 44], "r_elbow": [1.000529170036316, 60, 36], "neck": [0.8127424716949463, 40, 52], "r_shoulder": [0.9606155157089233, 40, 40], "l_shoulder": [1.0139524936676025, 40, 64], "r_hip": [0.713060736656189, 56, 44], "r_knee": [0.43053826689720154, 65, 44], "l_hip": [0.8349935412406921, 56, 56], "l_elbow": [0.910966157913208, 60, 64], "l_knee": [0.7072136998176575, 64, 56], "l_ankle": [0.37181276082992554, 68, 52], "l_wrist": [1.012166142463684, 84, 68], "r_wrist": [1.0945537090301514, 80, 32]}