{"head": [0.850086510181427, 24, 48], "l_wrist": [0.9389134645462036, 84, 68], "r_shoulder": [1.0219066143035889, 40, 36], "neck": [0.929706335067749, 40, 48], "l_shoulder": [0.9379627704620361, 40, 60], "r_hip": [0.853827953338623, 60, 40], "r_elbow": [1.0300174951553345, 60, 32], "l_hip": [0.8993258476257324, 60, 52], "l_elbow": [0.9248270988464355, 60, 64], "r_knee": [0.8013837337493896, 72, 40], "l_ankle": [0.29021385312080383, 75, 49], "r_ankle": [0.16315990686416626, 68, 44], "l_knee": [0.8552441596984863, 72, 52], "r_wrist": [1.0186467170715332, 84, 32]}