{"head": [0.821118950843811, 20, 52], "r_ankle": [0.6959581971168518, 68, 44], "r_elbow": [0.9957138299942017, 60, 36], "r_shoulder": [0.9671652317047119, 40, 40], "neck": [0.9063304662704468, 40, 52], "l_shoulder": [0.9870069026947021, 40, 64], "r_hip": [0.7751906514167786, 56, 44], "r_knee": [0.2795400321483612, 64, 42], "l_elbow": [0.8297874331474304, 60, 64], "l_hip": [0.7747102379798889, 56, 56], "l_knee": [0.6165952086448669, 68, 56], "l_ankle": [0.5921900272369385, 68, 52], "l_wrist": [1.066512107849121, 84, 68], "r_wrist": [1.0786688327789307, 80, 32]}