{"head": [0.41966915130615234, 44, 52], "l_knee": [0.006534874439239502, 16, 16], "l_ankle": [0.010842629708349705, 83, 51], "r_hip": [0.2940707206726074, 76, 44], "r_ankle": [0.0038647502660751343, 24, 16], "r_shoulder": [0.7965492606163025, 60, 36], "r_knee": [0.03837031126022339, 48, 20], "r_wrist": [0.8790078163146973, 80, 32], "l_elbow": [0.8441177606582642, 68, 72], "l_shoulder": [0.7953706383705139, 60, 68], "l_hip": [0.4947564899921417, 76, 56], "neck": [0.485931932926178, 64, 52], "r_elbow": [0.8954553604125977, 68, 28], "l_wrist": [1.0346958637237549, 84, 68]}