{"head": [0.871837317943573, 20, 52], "r_ankle": [0.6931946277618408, 68, 44], "r_knee": [0.33647966384887695, 64, 45], "r_elbow": [0.9575953483581543, 60, 36], "r_shoulder": [0.9575595855712891, 40, 40], "neck": [0.84670090675354, 40, 52], "l_shoulder": [0.9968806505203247, 40, 64], "r_hip": [0.7808379530906677, 56, 44], "l_hip": [0.8757461309432983, 56, 56], "l_wrist": [1.0528041124343872, 84, 68], "l_elbow": [0.8984953165054321, 60, 64], "l_knee": [0.6177390217781067, 64, 56], "l_ankle": [0.4603419899940491, 68, 52], "r_wrist": [1.0875294208526611, 80, 32]}