{"head": [0.5439245104789734, 56, 56], "l_knee": [0.007791517302393913, 32, 75], "r_hip": [0.11286558210849762, 68, 16], "l_ankle": [0.002681344747543335, 20, 16], "r_knee": [0.09284496307373047, 52, 36], "r_shoulder": [0.5186947584152222, 64, 40], "l_elbow": [0.34609127044677734, 72, 72], "r_elbow": [0.6709032654762268, 68, 28], "r_wrist": [0.9660781621932983, 80, 32], "l_shoulder": [0.35430675745010376, 76, 64], "l_hip": [0.006296016275882721, 80, 84], "neck": [0.5559424757957458, 76, 52], "l_wrist": [0.6694904565811157, 84, 68], "r_ankle": [0.007327761501073837, 91, 16]}