{"head": [0.7983580231666565, 20, 52], "r_ankle": [0.12739256024360657, 75, 48], "r_elbow": [0.8219037652015686, 60, 36], "l_wrist": [1.0115910768508911, 84, 68], "r_shoulder": [0.8819434642791748, 40, 40], "neck": [0.8171080946922302, 40, 52], "l_shoulder": [0.9873650074005127, 40, 64], "r_hip": [0.8095890283584595, 60, 44], "r_knee": [0.7305892705917358, 76, 44], "l_hip": [0.8019605875015259, 60, 52], "l_elbow": [0.9372016191482544, 60, 64], "l_ankle": [0.340466171503067, 68, 52], "l_knee": [0.8504248261451721, 72, 52], "r_wrist": [1.0193138122558594, 80, 32]}