{"head": [0.8997445702552795, 20, 52], "r_ankle": [0.6949102878570557, 68, 44], "neck": [0.9524368047714233, 40, 52], "r_shoulder": [1.0072370767593384, 40, 40], "l_shoulder": [0.9686909914016724, 40, 64], "r_hip": [0.5904867649078369, 60, 44], "r_knee": [0.37468641996383667, 60, 20], "r_elbow": [0.9102575778961182, 60, 36], "l_hip": [0.6786547303199768, 60, 56], "l_elbow": [0.9349871873855591, 60, 64], "l_knee": [0.4566461443901062, 68, 54], "l_ankle": [0.6330381631851196, 68, 52], "r_wrist": [0.9014570713043213, 80, 32], "l_wrist": [0.8488401174545288, 84, 68]}