{"head": [0.7669327855110168, 20, 52], "r_ankle": [0.6774055361747742, 68, 44], "r_knee": [0.29123950004577637, 67, 41], "l_elbow": [0.9633054733276367, 60, 64], "l_wrist": [0.8412437438964844, 84, 68], "neck": [0.8973071575164795, 36, 52], "r_shoulder": [0.9783660173416138, 40, 40], "l_shoulder": [1.0142349004745483, 40, 64], "r_hip": [0.6218968629837036, 56, 44], "l_hip": [0.6000105142593384, 60, 56], "r_elbow": [0.9875105619430542, 60, 36], "l_knee": [0.5330981612205505, 64, 56], "l_ankle": [0.6218078136444092, 68, 52], "r_wrist": [0.9482225179672241, 80, 32]}