{"head": [0.8487779498100281, 28, 52], "r_elbow": [0.9353317022323608, 64, 32], "neck": [0.667077898979187, 44, 52], "r_shoulder": [0.9454176425933838, 44, 40], "l_shoulder": [0.8738973140716553, 44, 64], "r_hip": [0.600802481174469, 60, 44], "r_knee": [0.35538673400878906, 68, 40], "r_ankle": [0.21126863360404968, 68, 44], "l_hip": [0.5538138151168823, 64, 56], "l_wrist": [1.0807286500930786, 84, 68], "l_elbow": [0.9562536478042603, 64, 68], "l_knee": [0.501944899559021, 68, 60], "l_ankle": [0.3114088177680969, 68, 48], "r_wrist": [0.8260656595230103, 84, 32]}