{"head": [0.9675793051719666, 20, 52], "r_ankle": [0.6679266095161438, 68, 44], "l_elbow": [0.7829606533050537, 60, 68], "r_shoulder": [1.001366138458252, 40, 40], "neck": [0.9575170278549194, 40, 52], "l_shoulder": [0.958115816116333, 40, 64], "r_hip": [0.6341009140014648, 60, 44], "r_knee": [0.3689734935760498, 68, 41], "r_elbow": [1.0046466588974, 60, 36], "l_hip": [0.7471703290939331, 60, 56], "l_knee": [0.5964723825454712, 68, 52], "l_ankle": [0.5357187390327454, 68, 51], "l_wrist": [1.0372916460037231, 84, 68], "r_wrist": [0.9802908897399902, 80, 32]}