{"head": [0.790726363658905, 32, 52], "r_ankle": [0.003460267558693886, 91, 16], "r_elbow": [1.005971074104309, 64, 32], "r_hip": [0.5991855263710022, 68, 44], "r_knee": [0.1704111248254776, 71, 42], "r_shoulder": [0.818710207939148, 48, 40], "neck": [0.7800991535186768, 52, 52], "l_shoulder": [0.859265923500061, 52, 68], "l_hip": [0.6043577194213867, 68, 56], "l_elbow": [0.9132307767868042, 68, 68], "l_ankle": [0.03135295212268829, 76, 52], "r_wrist": [0.8375189304351807, 80, 32], "l_wrist": [1.1414542198181152, 84, 68]}