{"head": [1.0690819025039673, 28, 48], "r_ankle": [0.07797341793775558, 68, 32], "neck": [1.0708943605422974, 40, 48], "l_shoulder": [0.9919986724853516, 44, 56], "r_shoulder": [0.8952046632766724, 40, 40], "r_knee": [0.7336380481719971, 72, 44], "r_elbow": [0.8817159533500671, 52, 40], "l_elbow": [0.8047037720680237, 52, 56], "l_wrist": [0.5933455228805542, 56, 60], "r_wrist": [0.8845621347427368, 64, 40], "r_hip": [0.8075134754180908, 60, 44], "l_hip": [0.8234304189682007, 60, 52], "l_ankle": [0.11338472366333008, 68, 52], "l_knee": [0.8690137267112732, 72, 52]}