{"head": [0.49754834175109863, 56, 56], "l_ankle": [0.004153415560722351, 28, 16], "r_hip": [0.08999960124492645, 68, 16], "r_ankle": [0.009652189910411835, 92, 16], "l_knee": [0.01636413484811783, 56, 72], "r_knee": [0.03356821835041046, 48, 20], "l_elbow": [0.45806020498275757, 68, 72], "l_shoulder": [0.34350332617759705, 76, 64], "l_wrist": [0.6760941743850708, 80, 68], "r_shoulder": [0.44492971897125244, 68, 40], "neck": [0.5043774843215942, 76, 52], "r_wrist": [0.8590342998504639, 80, 32], "l_hip": [0.004778668284416199, 52, 28], "r_elbow": [0.6762110590934753, 64, 28]}