{"head": [1.1456156969070435, 28, 48], "r_ankle": [0.1614760160446167, 72, 48], "neck": [1.1111184358596802, 40, 48], "l_shoulder": [0.9909765720367432, 40, 56], "r_shoulder": [0.949053168296814, 44, 40], "r_elbow": [0.9165992736816406, 52, 36], "l_elbow": [0.8805493116378784, 52, 56], "l_wrist": [0.8640841245651245, 56, 60], "r_wrist": [0.8651304244995117, 56, 36], "r_hip": [0.9147371053695679, 60, 44], "l_hip": [0.981245756149292, 60, 52], "l_ankle": [0.17152369022369385, 68, 52], "r_knee": [0.8180660605430603, 72, 44], "l_knee": [0.8583859801292419, 76, 52]}