{"head": [0.9327532649040222, 20, 52], "r_ankle": [0.05416729301214218, 76, 48], "r_elbow": [0.8476473093032837, 60, 36], "l_elbow": [0.9127509593963623, 60, 64], "l_wrist": [1.0214728116989136, 84, 68], "r_shoulder": [0.8988295793533325, 40, 40], "neck": [0.9122936725616455, 40, 52], "l_shoulder": [1.0248708724975586, 40, 64], "r_hip": [0.7562185525894165, 60, 44], "r_knee": [0.748476505279541, 76, 44], "l_hip": [0.7784408926963806, 60, 52], "l_ankle": [0.2709534764289856, 68, 52], "l_knee": [0.8443803191184998, 72, 52], "r_wrist": [1.0580753087997437, 80, 32]}