{"head": [1.1157147884368896, 28, 48], "r_ankle": [0.13697874546051025, 72, 48], "neck": [1.0915969610214233, 40, 48], "l_shoulder": [0.994721531867981, 40, 56], "r_shoulder": [0.9028760194778442, 44, 40], "r_elbow": [0.9496959447860718, 52, 40], "l_elbow": [0.9238104820251465, 52, 56], "l_wrist": [0.9165554046630859, 56, 60], "r_wrist": [1.009100079536438, 56, 36], "r_hip": [0.9050107002258301, 60, 44], "l_hip": [0.9580037593841553, 60, 52], "l_ankle": [0.14474841952323914, 68, 52], "r_knee": [0.8662292957305908, 72, 44], "l_knee": [0.8830941319465637, 76, 52]}