{"head": [0.630160927772522, 56, 56], "l_knee": [0.014993995428085327, 56, 72], "r_hip": [0.11266350746154785, 68, 16], "l_ankle": [0.0039900243282318115, 20, 16], "r_knee": [0.04400855302810669, 84, 16], "r_ankle": [0.0072975605726242065, 92, 12], "l_elbow": [0.33711928129196167, 72, 72], "r_shoulder": [0.4427022337913513, 64, 40], "r_elbow": [0.7944899201393127, 68, 28], "r_wrist": [0.8891487121582031, 80, 32], "l_shoulder": [0.41696351766586304, 76, 64], "neck": [0.6190893054008484, 72, 52], "l_wrist": [0.7342507839202881, 84, 68], "l_hip": [0.003068089485168457, 88, 36]}