{"head": [0.9340934157371521, 20, 52], "r_ankle": [0.09280845522880554, 75, 48], "r_elbow": [0.8382316827774048, 60, 36], "l_elbow": [0.8963834047317505, 60, 64], "l_wrist": [1.0160821676254272, 84, 68], "r_shoulder": [0.8981627225875854, 40, 40], "neck": [0.9146593809127808, 40, 52], "l_shoulder": [0.9957923889160156, 40, 64], "r_hip": [0.7939168810844421, 60, 44], "r_knee": [0.7733175158500671, 76, 44], "l_hip": [0.7673566937446594, 60, 52], "l_ankle": [0.2150997817516327, 71, 49], "l_knee": [0.8591964244842529, 72, 52], "r_wrist": [1.0633288621902466, 80, 32]}