{"head": [0.9086920619010925, 20, 52], "r_ankle": [0.789287805557251, 68, 44], "l_elbow": [0.8285166025161743, 60, 64], "r_shoulder": [1.0450162887573242, 40, 40], "neck": [1.0059499740600586, 40, 52], "l_shoulder": [0.9874362945556641, 40, 64], "r_hip": [0.7073063850402832, 56, 44], "r_knee": [0.20739974081516266, 65, 41], "r_elbow": [0.9730268716812134, 60, 36], "l_hip": [0.7166563868522644, 60, 56], "l_knee": [0.5343344807624817, 64, 56], "l_ankle": [0.6721166968345642, 68, 52], "l_wrist": [0.931328535079956, 84, 68], "r_wrist": [1.0010606050491333, 80, 32]}