{"head": [0.5173195600509644, 56, 56], "l_ankle": [0.003960356116294861, 28, 16], "r_hip": [0.09456174075603485, 68, 16], "r_ankle": [0.00903252512216568, 92, 16], "r_shoulder": [0.42610299587249756, 68, 40], "r_knee": [0.04323938488960266, 48, 20], "l_knee": [0.01570700854063034, 56, 72], "l_elbow": [0.4226268529891968, 68, 72], "l_shoulder": [0.37462228536605835, 76, 64], "l_wrist": [0.6821365356445312, 80, 68], "r_wrist": [0.886095404624939, 80, 32], "l_hip": [0.006752289831638336, 52, 28], "neck": [0.45945513248443604, 76, 52], "r_elbow": [0.6880326867103577, 64, 28]}