{"head": [1.0358729362487793, 20, 52], "r_ankle": [0.6936428546905518, 68, 44], "r_knee": [0.2846057415008545, 68, 41], "l_elbow": [0.8860088586807251, 60, 64], "r_shoulder": [1.0283094644546509, 40, 40], "neck": [1.0021668672561646, 40, 52], "l_shoulder": [1.004799723625183, 40, 64], "r_hip": [0.5726680159568787, 56, 44], "r_elbow": [0.9995284080505371, 60, 36], "l_wrist": [0.8448390960693359, 84, 68], "l_hip": [0.6762831211090088, 60, 56], "l_knee": [0.4435802698135376, 67, 53], "l_ankle": [0.5962667465209961, 68, 52], "r_wrist": [0.9920315742492676, 80, 32]}