{"head": [0.8074224591255188, 24, 48], "l_wrist": [0.9334474802017212, 84, 68], "r_shoulder": [1.016828179359436, 40, 36], "neck": [0.9110548496246338, 40, 48], "l_shoulder": [0.8891894817352295, 40, 60], "l_elbow": [0.9087594747543335, 60, 64], "r_knee": [0.7968962788581848, 72, 40], "r_elbow": [1.0128892660140991, 60, 32], "r_hip": [0.8207584619522095, 60, 40], "l_hip": [0.8325702548027039, 60, 52], "l_knee": [0.7622809410095215, 68, 52], "r_ankle": [0.12400145083665848, 68, 44], "l_ankle": [0.5723426342010498, 72, 50], "r_wrist": [1.0295600891113281, 84, 32]}