{"head": [0.9018397927284241, 24, 48], "l_elbow": [0.9046087265014648, 60, 64], "r_shoulder": [0.9580235481262207, 40, 36], "neck": [0.9350829124450684, 40, 48], "l_shoulder": [0.9065203666687012, 40, 60], "r_knee": [0.8057541251182556, 72, 40], "l_wrist": [0.9175970554351807, 84, 68], "r_hip": [0.8067959547042847, 60, 40], "r_elbow": [1.0435996055603027, 60, 32], "l_hip": [0.9173177480697632, 60, 52], "l_ankle": [0.3511265218257904, 72, 48], "r_ankle": [0.11096993833780289, 68, 44], "l_knee": [0.9514633417129517, 72, 52], "r_wrist": [1.0105335712432861, 84, 32]}