{"head": [0.553926408290863, 56, 56], "l_ankle": [0.003522247076034546, 28, 16], "r_hip": [0.14123056828975677, 68, 16], "r_ankle": [0.008254803717136383, 92, 16], "r_knee": [0.10464197397232056, 52, 36], "l_knee": [0.01664213091135025, 84, 76], "l_elbow": [0.5560356974601746, 68, 72], "l_wrist": [0.7100002765655518, 84, 68], "l_hip": [0.022064022719860077, 73, 24], "l_shoulder": [0.3979381322860718, 76, 64], "r_wrist": [0.9238154888153076, 80, 32], "r_elbow": [0.8136126399040222, 64, 28], "r_shoulder": [0.5617005825042725, 68, 40], "neck": [0.6138566732406616, 76, 52]}