{"head": [0.8249878883361816, 20, 52], "r_ankle": [0.6047577857971191, 68, 44], "r_elbow": [0.9561264514923096, 60, 36], "neck": [0.9620778560638428, 40, 52], "r_shoulder": [0.9420496225357056, 40, 40], "l_shoulder": [1.0557612180709839, 40, 64], "r_hip": [0.8097642064094543, 56, 44], "r_knee": [0.5722445845603943, 64, 44], "l_hip": [0.7258034944534302, 56, 52], "l_wrist": [0.9623624086380005, 84, 68], "l_elbow": [0.8889784216880798, 60, 68], "l_knee": [0.6982656717300415, 64, 56], "l_ankle": [0.6402466893196106, 68, 52], "r_wrist": [1.0932776927947998, 80, 32]}