{"head": [0.855911135673523, 20, 52], "r_ankle": [0.5517193078994751, 68, 44], "l_wrist": [0.7931159734725952, 84, 68], "neck": [0.8395069241523743, 36, 52], "r_shoulder": [0.9515194892883301, 40, 40], "l_shoulder": [0.9946799278259277, 40, 64], "r_hip": [0.5997432470321655, 60, 44], "l_hip": [0.6002243161201477, 60, 56], "r_knee": [0.2817477583885193, 66, 42], "r_elbow": [1.0185898542404175, 60, 36], "l_elbow": [0.9143996238708496, 60, 64], "l_knee": [0.5154211521148682, 64, 56], "l_ankle": [0.5481890439987183, 68, 52], "r_wrist": [0.9734073877334595, 80, 32]}