{"head": [1.046375036239624, 20, 52], "r_ankle": [0.6665945053100586, 68, 44], "r_knee": [0.3933061957359314, 64, 44], "r_elbow": [0.9955602884292603, 60, 36], "neck": [0.8385470509529114, 40, 52], "r_shoulder": [0.9584609270095825, 40, 40], "l_shoulder": [1.0168997049331665, 40, 64], "r_hip": [0.75087970495224, 56, 44], "l_hip": [0.8422583341598511, 56, 56], "l_elbow": [0.9083070755004883, 60, 64], "l_knee": [0.7089654207229614, 64, 56], "l_ankle": [0.38904619216918945, 68, 52], "l_wrist": [1.0204148292541504, 84, 68], "r_wrist": [1.0885584354400635, 80, 32]}