{"head": [1.1083372831344604, 28, 48], "r_ankle": [0.020683012902736664, 68, 48], "neck": [1.088228464126587, 40, 48], "r_shoulder": [1.0366183519363403, 44, 40], "l_shoulder": [0.9893826246261597, 44, 56], "r_knee": [0.5586861968040466, 76, 44], "r_elbow": [1.0774468183517456, 56, 36], "l_elbow": [1.044882893562317, 56, 60], "r_hip": [0.8983715772628784, 60, 44], "l_hip": [0.8596438765525818, 60, 52], "r_wrist": [0.9937089681625366, 68, 36], "l_wrist": [0.8920615911483765, 68, 60], "l_ankle": [0.027652636170387268, 68, 49], "l_knee": [0.9304293394088745, 76, 52]}