{"head": [0.5075982809066772, 52, 52], "l_knee": [0.0117700956761837, 32, 74], "r_hip": [0.04227370023727417, 52, 40], "r_ankle": [0.004782312083989382, 91, 13], "l_ankle": [0.006314083933830261, 20, 16], "r_knee": [0.03875096142292023, 48, 20], "l_elbow": [0.424530565738678, 64, 72], "r_shoulder": [0.5006594657897949, 64, 36], "l_wrist": [0.9061464071273804, 84, 68], "l_shoulder": [0.3235611617565155, 72, 64], "neck": [0.4156135320663452, 72, 52], "l_hip": [0.002211622893810272, 60, 76], "r_elbow": [0.8163664937019348, 68, 28], "r_wrist": [0.8585566282272339, 80, 32]}