{"head": [0.4293224811553955, 56, 56], "l_ankle": [0.0052450597286224365, 20, 16], "r_hip": [0.07947775721549988, 68, 16], "r_shoulder": [0.14692609012126923, 68, 36], "r_ankle": [0.009532436728477478, 92, 13], "l_knee": [0.009454645216464996, 84, 76], "r_knee": [0.1761801689863205, 52, 36], "l_elbow": [0.27644529938697815, 72, 72], "neck": [0.22307270765304565, 64, 52], "r_wrist": [0.7381234169006348, 80, 32], "l_shoulder": [0.16123495995998383, 68, 70], "l_hip": [0.026177145540714264, 76, 24], "r_elbow": [0.5996348857879639, 64, 28], "l_wrist": [0.746588945388794, 80, 68]}