{"head": [0.469664990901947, 52, 52], "l_ankle": [0.004765897989273071, 20, 16], "r_hip": [0.07928737998008728, 68, 16], "l_knee": [0.009340353310108185, 32, 75], "r_knee": [0.03762592375278473, 48, 20], "l_elbow": [0.3275439441204071, 64, 68], "r_shoulder": [0.5203495621681213, 64, 36], "l_wrist": [0.9594610929489136, 84, 68], "l_shoulder": [0.3376249670982361, 76, 64], "neck": [0.6128107309341431, 76, 52], "r_elbow": [0.846129834651947, 68, 28], "r_wrist": [0.8279508352279663, 80, 32], "r_ankle": [0.007341932505369186, 91, 12]}