{"head": [0.6652085185050964, 40, 56], "l_knee": [0.008060455322265625, 16, 16], "r_hip": [0.5420598983764648, 68, 44], "r_shoulder": [0.9430807828903198, 56, 36], "r_knee": [0.025341659784317017, 84, 16], "l_shoulder": [0.9237345457077026, 56, 68], "l_elbow": [1.030606746673584, 68, 72], "neck": [0.6416717767715454, 56, 52], "r_elbow": [0.893510103225708, 68, 32], "l_hip": [0.43724969029426575, 68, 56], "r_wrist": [0.8752032518386841, 80, 32], "l_ankle": [0.04071207344532013, 76, 52], "r_ankle": [0.010506980121135712, 80, 48], "l_wrist": [1.0864579677581787, 84, 68]}