{"head": [0.9443331360816956, 20, 52], "r_ankle": [0.1178540512919426, 75, 48], "r_elbow": [0.8381144404411316, 60, 36], "l_elbow": [0.9727796316146851, 60, 64], "l_wrist": [1.0060019493103027, 84, 68], "r_shoulder": [0.8869988918304443, 40, 40], "neck": [0.8496351838111877, 40, 52], "l_shoulder": [1.0129059553146362, 40, 64], "r_hip": [0.7738783955574036, 60, 44], "r_knee": [0.753243625164032, 72, 44], "l_hip": [0.785438597202301, 60, 52], "l_ankle": [0.3648093640804291, 69, 52], "l_knee": [0.8398568630218506, 72, 52], "r_wrist": [1.028267502784729, 80, 32]}