{"head": [1.0114039182662964, 20, 52], "r_ankle": [0.717814564704895, 68, 44], "r_knee": [0.40219587087631226, 64, 44], "r_elbow": [0.9690479040145874, 60, 36], "neck": [0.8373435139656067, 40, 52], "l_wrist": [1.0053261518478394, 84, 68], "r_shoulder": [0.9750803709030151, 40, 40], "l_shoulder": [1.0178292989730835, 40, 64], "r_hip": [0.7855223417282104, 56, 44], "l_elbow": [0.8957675099372864, 60, 64], "l_hip": [0.8596842885017395, 56, 56], "l_knee": [0.6617295145988464, 64, 56], "l_ankle": [0.45250219106674194, 68, 52], "r_wrist": [1.0837832689285278, 80, 32]}