{"head": [0.9701884388923645, 20, 52], "r_ankle": [0.5714065432548523, 68, 44], "l_elbow": [0.885760486125946, 60, 64], "r_wrist": [1.0068610906600952, 80, 32], "neck": [0.9350409507751465, 40, 52], "r_shoulder": [0.9966157674789429, 40, 40], "l_shoulder": [1.0075563192367554, 40, 64], "r_hip": [0.6164537072181702, 56, 44], "r_knee": [0.45464420318603516, 66, 44], "r_elbow": [1.0446348190307617, 60, 36], "l_hip": [0.6252508759498596, 60, 56], "l_wrist": [0.9205126762390137, 84, 68], "l_knee": [0.4916398227214813, 68, 54], "l_ankle": [0.5665707588195801, 68, 52]}