{"head": [0.8902594447135925, 20, 52], "r_ankle": [0.6673943996429443, 68, 44], "r_knee": [0.39161521196365356, 64, 44], "r_elbow": [0.9589012861251831, 60, 36], "r_shoulder": [0.9694607257843018, 40, 40], "neck": [0.8665540218353271, 40, 52], "l_shoulder": [0.996490478515625, 40, 64], "r_hip": [0.7778798937797546, 56, 44], "l_hip": [0.853081464767456, 56, 56], "l_wrist": [1.053993582725525, 84, 68], "l_elbow": [0.8729644417762756, 60, 64], "l_knee": [0.6197747588157654, 64, 56], "l_ankle": [0.43412846326828003, 68, 52], "r_wrist": [1.078884482383728, 80, 32]}