{"head": [0.9285649657249451, 24, 52], "l_wrist": [1.0102348327636719, 84, 68], "r_shoulder": [0.8727430105209351, 40, 36], "neck": [0.7366415858268738, 40, 52], "l_shoulder": [0.8545957207679749, 44, 64], "r_hip": [0.7770698070526123, 60, 44], "r_knee": [0.7607979774475098, 72, 44], "r_elbow": [0.8036801815032959, 60, 32], "l_hip": [0.8332408666610718, 60, 52], "l_elbow": [0.9418289661407471, 60, 64], "l_ankle": [0.31736695766448975, 68, 52], "l_knee": [0.8729156255722046, 72, 52], "r_ankle": [0.22237348556518555, 72, 47], "r_wrist": [1.0029009580612183, 80, 32]}