{"head": [0.8850815892219543, 20, 52], "r_ankle": [0.6816040873527527, 68, 44], "r_knee": [0.35428476333618164, 64, 45], "r_elbow": [0.9523969888687134, 60, 36], "l_wrist": [1.038415551185608, 84, 68], "r_shoulder": [0.9681015014648438, 40, 40], "neck": [0.8603852987289429, 40, 52], "l_shoulder": [0.9947487115859985, 40, 64], "r_hip": [0.8046770691871643, 56, 44], "l_hip": [0.8655983805656433, 56, 56], "l_elbow": [0.8742024302482605, 60, 64], "l_knee": [0.6465599536895752, 64, 56], "l_ankle": [0.45132672786712646, 68, 52], "r_wrist": [1.0805672407150269, 80, 32]}