{"head": [0.9655056595802307, 20, 52], "r_ankle": [0.6209248900413513, 68, 44], "l_elbow": [0.8035498261451721, 60, 68], "r_shoulder": [0.9574093818664551, 40, 40], "neck": [0.9427775144577026, 40, 52], "l_shoulder": [0.910207986831665, 40, 64], "r_hip": [0.7080360054969788, 60, 44], "r_knee": [0.4121248126029968, 68, 40], "l_wrist": [1.0356987714767456, 84, 68], "r_elbow": [0.9420567750930786, 60, 36], "l_hip": [0.6282914876937866, 60, 52], "l_knee": [0.5120907425880432, 64, 60], "l_ankle": [0.4997810125350952, 68, 48], "r_wrist": [1.0336806774139404, 80, 32]}