{"head": [0.966971218585968, 20, 52], "l_elbow": [0.8605558276176453, 60, 64], "neck": [0.9528641700744629, 40, 52], "r_shoulder": [1.064467430114746, 40, 40], "l_shoulder": [1.0088081359863281, 40, 64], "r_hip": [0.6130807399749756, 56, 44], "r_knee": [0.18879128992557526, 65, 41], "r_elbow": [0.9620214700698853, 60, 36], "l_hip": [0.6613967418670654, 60, 56], "l_wrist": [0.9375089406967163, 84, 68], "r_ankle": [0.7490809559822083, 68, 44], "l_knee": [0.4966329336166382, 64, 56], "l_ankle": [0.6061657667160034, 68, 52], "r_wrist": [0.9902287721633911, 80, 32]}