{"head": [1.1539585590362549, 28, 48], "r_ankle": [0.11977972835302353, 72, 48], "neck": [1.0495542287826538, 40, 48], "l_shoulder": [1.048110842704773, 40, 56], "r_shoulder": [0.9800933599472046, 44, 40], "r_knee": [0.8261539936065674, 72, 44], "l_elbow": [0.9219828844070435, 52, 60], "r_elbow": [1.0205399990081787, 52, 36], "l_wrist": [0.6553324460983276, 56, 60], "r_wrist": [0.7878499031066895, 64, 36], "r_hip": [0.9515718221664429, 60, 44], "l_hip": [0.934687614440918, 60, 52], "l_ankle": [0.15041890740394592, 68, 52], "l_knee": [0.9406473636627197, 76, 52]}