{"head": [0.6163845062255859, 48, 52], "l_knee": [0.01623409241437912, 16, 16], "l_ankle": [0.06092254817485809, 80, 52], "r_hip": [0.38809680938720703, 72, 44], "r_ankle": [5.636364221572876e-05, 44, 12], "r_knee": [0.03262533247470856, 84, 16], "r_shoulder": [1.0050822496414185, 60, 36], "neck": [0.7197038531303406, 68, 52], "l_shoulder": [0.8705915212631226, 64, 68], "l_hip": [0.568388819694519, 76, 56], "r_elbow": [0.8613879084587097, 68, 28], "l_elbow": [0.8751798868179321, 72, 72], "r_wrist": [0.7910000085830688, 84, 32], "l_wrist": [1.0929981470108032, 84, 68]}