{"head": [0.9858109354972839, 24, 52], "r_elbow": [0.78653484582901, 64, 32], "r_hip": [0.6367027759552002, 60, 44], "neck": [0.782434344291687, 44, 52], "r_shoulder": [0.9357136487960815, 44, 40], "l_shoulder": [0.9490418434143066, 44, 64], "r_knee": [0.45764273405075073, 68, 40], "r_ankle": [0.371806263923645, 68, 44], "l_wrist": [1.0694302320480347, 84, 68], "l_hip": [0.5753846168518066, 64, 56], "l_elbow": [1.0713567733764648, 64, 68], "l_knee": [0.5043634176254272, 68, 60], "l_ankle": [0.44243156909942627, 68, 48], "r_wrist": [0.8905761241912842, 80, 32]}