{"head": [0.8501835465431213, 36, 52], "r_elbow": [0.8328041434288025, 64, 32], "r_hip": [0.5937840938568115, 68, 44], "r_knee": [0.0214930921792984, 84, 16], "neck": [0.7951004505157471, 56, 52], "r_shoulder": [1.0273324251174927, 52, 36], "l_shoulder": [0.755665123462677, 56, 68], "l_wrist": [1.0205446481704712, 84, 68], "l_elbow": [1.1545573472976685, 68, 72], "l_hip": [0.6861302852630615, 68, 60], "r_wrist": [0.7333184480667114, 84, 32], "l_ankle": [0.05873362720012665, 76, 52], "l_knee": [0.005736514925956726, 80, 76], "r_ankle": [0.02518681436777115, 76, 48]}