{"head": [0.8640243411064148, 24, 52], "r_elbow": [0.8289897441864014, 64, 32], "r_hip": [0.6391679048538208, 60, 44], "neck": [0.8023480772972107, 44, 52], "r_shoulder": [0.9123460054397583, 44, 40], "l_shoulder": [0.9584945440292358, 44, 64], "r_knee": [0.6063789129257202, 68, 40], "r_ankle": [0.24306796491146088, 68, 46], "l_hip": [0.6797947287559509, 60, 56], "l_wrist": [1.0832971334457397, 84, 68], "l_elbow": [0.9963622093200684, 64, 68], "l_knee": [0.631481409072876, 68, 56], "l_ankle": [0.3997729420661926, 68, 51], "r_wrist": [0.8842954635620117, 80, 32]}