{"head": [0.9422276616096497, 24, 52], "r_ankle": [0.42120733857154846, 72, 45], "r_shoulder": [0.8618016242980957, 40, 40], "neck": [0.8328642845153809, 40, 52], "l_shoulder": [1.0570987462997437, 40, 64], "r_hip": [0.8386550545692444, 56, 44], "r_knee": [0.7391172051429749, 68, 44], "r_elbow": [1.0381990671157837, 60, 36], "l_hip": [0.7799938321113586, 56, 56], "l_elbow": [0.9335532188415527, 60, 64], "l_knee": [0.681869626045227, 64, 56], "l_ankle": [0.6472769379615784, 68, 52], "r_wrist": [1.104352355003357, 80, 32], "l_wrist": [0.9903873205184937, 84, 68]}