{"head": [0.9722883105278015, 20, 52], "r_ankle": [0.7059645652770996, 68, 44], "r_knee": [0.4084104895591736, 64, 44], "r_elbow": [0.9800487756729126, 60, 36], "neck": [0.8606219291687012, 40, 52], "l_wrist": [1.013737678527832, 84, 68], "r_shoulder": [0.9807897806167603, 40, 40], "l_shoulder": [1.0065624713897705, 40, 64], "r_hip": [0.7718068361282349, 56, 44], "l_elbow": [0.8905672430992126, 60, 64], "l_hip": [0.8501508235931396, 56, 56], "l_knee": [0.663871705532074, 64, 56], "r_wrist": [1.1007208824157715, 80, 32], "l_ankle": [0.42820507287979126, 68, 52]}