{"head": [0.5345917344093323, 44, 52], "l_knee": [0.006094262003898621, 16, 16], "r_hip": [0.3973621129989624, 72, 44], "r_shoulder": [0.9731055498123169, 56, 36], "r_knee": [0.03932972252368927, 84, 16], "l_wrist": [1.0428780317306519, 84, 68], "neck": [0.6263086199760437, 64, 52], "l_hip": [0.5048933625221252, 76, 56], "l_shoulder": [0.9476842880249023, 60, 68], "r_elbow": [0.8805862665176392, 68, 28], "l_elbow": [1.0365829467773438, 68, 72], "r_wrist": [0.8195124864578247, 80, 32], "r_ankle": [0.02101442962884903, 80, 48], "l_ankle": [0.044927433133125305, 80, 52]}