{"head": [0.9442200064659119, 20, 52], "r_ankle": [0.6803722381591797, 68, 44], "r_knee": [0.38521647453308105, 64, 44], "r_elbow": [0.9564640522003174, 60, 36], "l_wrist": [1.0389701128005981, 84, 68], "r_shoulder": [0.9831585884094238, 40, 40], "neck": [0.8875293135643005, 40, 52], "l_shoulder": [1.0038330554962158, 40, 64], "r_hip": [0.8058591485023499, 56, 44], "l_hip": [0.8181447982788086, 56, 56], "l_elbow": [0.8522083163261414, 60, 64], "l_knee": [0.6575453877449036, 64, 56], "l_ankle": [0.45913779735565186, 68, 52], "r_wrist": [1.0896085500717163, 80, 32]}