{"head": [1.1732465028762817, 28, 48], "r_ankle": [0.06051874905824661, 68, 32], "neck": [1.0664476156234741, 40, 48], "l_shoulder": [0.9484018087387085, 40, 56], "r_shoulder": [1.009964942932129, 44, 40], "r_knee": [0.7598124146461487, 76, 44], "l_elbow": [0.8520102500915527, 52, 56], "r_elbow": [0.8519135117530823, 52, 36], "l_wrist": [0.5046802759170532, 56, 60], "r_wrist": [0.9214457273483276, 64, 40], "r_hip": [0.7966837882995605, 60, 44], "l_hip": [0.737380862236023, 60, 52], "l_knee": [0.6593794226646423, 72, 52], "l_ankle": [0.1826527863740921, 69, 52]}