{"head": [1.1418784856796265, 28, 48], "r_ankle": [0.15553885698318481, 72, 48], "neck": [1.1048606634140015, 40, 48], "l_shoulder": [0.9887230396270752, 40, 56], "r_shoulder": [0.9239535331726074, 44, 40], "r_knee": [0.8553221821784973, 72, 44], "r_elbow": [0.9170997142791748, 52, 40], "l_elbow": [0.886432409286499, 52, 56], "l_wrist": [0.9176192283630371, 56, 60], "r_wrist": [0.9452674388885498, 56, 36], "r_hip": [0.9217723608016968, 60, 44], "l_hip": [0.9609163999557495, 60, 52], "l_ankle": [0.17520111799240112, 68, 52], "l_knee": [0.8491643071174622, 76, 52]}