{"head": [0.8669692873954773, 28, 52], "r_elbow": [1.1076890230178833, 64, 32], "r_shoulder": [0.9002610445022583, 44, 40], "neck": [0.8413227200508118, 48, 52], "r_hip": [0.5341701507568359, 68, 44], "l_shoulder": [0.8158909678459167, 48, 68], "r_knee": [0.3527370095252991, 72, 40], "l_wrist": [1.0775412321090698, 84, 68], "l_hip": [0.5445384979248047, 68, 56], "l_elbow": [0.809036135673523, 64, 72], "l_knee": [0.022510990500450134, 80, 76], "l_ankle": [0.07493026554584503, 76, 52], "r_wrist": [0.7675000429153442, 84, 32], "r_ankle": [0.017643533647060394, 84, 76]}