{"head": [0.9547640681266785, 20, 52], "r_ankle": [0.6190282106399536, 68, 44], "l_elbow": [0.9038735628128052, 60, 64], "r_wrist": [0.9986152648925781, 80, 32], "l_wrist": [0.9297782182693481, 84, 68], "neck": [0.93132483959198, 40, 52], "r_shoulder": [0.9790457487106323, 40, 40], "l_shoulder": [0.9957435131072998, 40, 64], "r_hip": [0.6542055010795593, 56, 44], "r_knee": [0.3903454542160034, 65, 44], "r_elbow": [1.0259580612182617, 60, 36], "l_hip": [0.6231598854064941, 60, 56], "l_knee": [0.5347943902015686, 64, 56], "l_ankle": [0.6218505501747131, 68, 52]}