{"head": [0.7860823273658752, 16, 52], "r_ankle": [0.6484473347663879, 68, 44], "r_knee": [0.342119038105011, 68, 41], "l_wrist": [0.8856492042541504, 84, 68], "neck": [0.861258864402771, 36, 52], "r_shoulder": [0.9626885652542114, 40, 40], "l_shoulder": [1.006300449371338, 40, 64], "r_hip": [0.5995978116989136, 60, 44], "r_elbow": [0.9483170509338379, 60, 36], "l_hip": [0.6540643572807312, 60, 52], "l_elbow": [0.9118354320526123, 60, 64], "l_knee": [0.46908605098724365, 68, 56], "l_ankle": [0.567168653011322, 68, 52], "r_wrist": [0.8960970640182495, 80, 32]}