{"head": [0.987811267375946, 20, 52], "r_ankle": [0.693751871585846, 68, 44], "l_elbow": [0.8475432991981506, 60, 64], "r_shoulder": [1.0260311365127563, 40, 40], "neck": [0.9950970411300659, 40, 52], "l_shoulder": [1.0126838684082031, 40, 64], "r_hip": [0.5265952944755554, 60, 44], "r_knee": [0.3004361391067505, 68, 41], "r_elbow": [0.9731860160827637, 60, 36], "l_wrist": [0.8541063070297241, 84, 68], "l_hip": [0.6395849585533142, 60, 56], "l_knee": [0.449420690536499, 64, 52], "l_ankle": [0.6079552173614502, 68, 52], "r_wrist": [0.9931402206420898, 80, 32]}