{"head": [0.8641738295555115, 20, 52], "r_ankle": [0.7115874290466309, 68, 44], "r_elbow": [0.9914746284484863, 60, 36], "l_wrist": [0.9948954582214355, 84, 68], "r_shoulder": [0.9658900499343872, 40, 40], "neck": [0.8652146458625793, 40, 52], "l_shoulder": [0.987106204032898, 40, 64], "r_hip": [0.7828535437583923, 56, 44], "r_knee": [0.3500000536441803, 64, 45], "l_elbow": [0.9052690267562866, 60, 64], "l_hip": [0.8446839451789856, 56, 56], "l_knee": [0.556592583656311, 68, 56], "l_ankle": [0.49426954984664917, 68, 52], "r_wrist": [1.0768388509750366, 80, 32]}