{"head": [0.7408304810523987, 24, 52], "r_ankle": [0.7891440391540527, 68, 44], "r_shoulder": [1.0145467519760132, 40, 40], "neck": [0.9528030157089233, 40, 52], "l_shoulder": [0.9959943294525146, 40, 64], "r_hip": [0.7874799370765686, 56, 44], "r_knee": [0.35732531547546387, 64, 43], "r_elbow": [1.02979576587677, 60, 36], "l_hip": [0.8489153981208801, 56, 56], "l_elbow": [0.8611289262771606, 60, 64], "l_knee": [0.6374002695083618, 64, 56], "l_ankle": [0.6624069213867188, 68, 52], "r_wrist": [1.0234925746917725, 80, 32], "l_wrist": [0.9287588596343994, 84, 68]}