{"head": [0.5323613286018372, 56, 56], "r_hip": [0.1272483915090561, 68, 16], "l_ankle": [0.003515198826789856, 24, 16], "l_knee": [0.017095692455768585, 60, 72], "r_knee": [0.04192472994327545, 84, 16], "r_ankle": [0.00021054595708847046, 31, 16], "l_elbow": [0.38617995381355286, 68, 72], "r_wrist": [0.8836714029312134, 80, 32], "r_elbow": [0.7493304014205933, 68, 28], "l_shoulder": [0.4214112162590027, 76, 64], "l_wrist": [0.6907305717468262, 84, 68], "neck": [0.5169821977615356, 72, 52], "r_shoulder": [0.4534134268760681, 64, 40], "l_hip": [0.00025252997875213623, 52, 28]}