{"head": [0.6000707149505615, 48, 52], "l_knee": [0.008218824863433838, 32, 72], "r_hip": [0.05399034917354584, 76, 44], "r_ankle": [0.005924932658672333, 80, 48], "r_knee": [0.029352277517318726, 48, 20], "l_shoulder": [0.5240272283554077, 64, 68], "l_wrist": [1.0430653095245361, 84, 68], "r_shoulder": [0.8485463261604309, 60, 36], "neck": [0.6610866189002991, 68, 52], "l_hip": [0.007088325917720795, 80, 60], "r_elbow": [0.8456319570541382, 68, 28], "l_elbow": [0.6732040643692017, 72, 72], "r_wrist": [0.865272045135498, 80, 32], "l_ankle": [0.002217724919319153, 84, 80]}