{"head": [0.7897306084632874, 32, 52], "r_ankle": [0.003592114895582199, 91, 16], "r_elbow": [1.0071264505386353, 64, 32], "r_hip": [0.5919641256332397, 68, 44], "r_knee": [0.17983406782150269, 71, 43], "r_shoulder": [0.8163873553276062, 48, 40], "neck": [0.7782747149467468, 52, 52], "l_shoulder": [0.8602576851844788, 52, 68], "l_hip": [0.5988422632217407, 68, 56], "l_elbow": [0.9152090549468994, 68, 68], "l_ankle": [0.03243497014045715, 76, 52], "r_wrist": [0.8376318216323853, 80, 32], "l_wrist": [1.1416035890579224, 84, 68]}