{"head": [0.6435755491256714, 52, 56], "l_knee": [0.0026472732424736023, 44, 36], "r_hip": [0.09374330937862396, 72, 20], "l_ankle": [0.0033685825765132904, 21, 16], "r_ankle": [0.004910394549369812, 92, 12], "r_knee": [0.05356311798095703, 48, 20], "r_shoulder": [0.46611952781677246, 64, 36], "l_shoulder": [0.43604642152786255, 68, 68], "neck": [0.4100162386894226, 72, 52], "r_elbow": [0.7689529061317444, 68, 28], "l_elbow": [0.6112783551216125, 72, 72], "r_wrist": [0.8898937702178955, 80, 32], "l_wrist": [1.0264228582382202, 84, 68], "l_hip": [0.0025279000401496887, 88, 84]}