{"head": [0.9675833582878113, 28, 48], "r_ankle": [0.015621371567249298, 44, 20], "neck": [0.8505678772926331, 44, 48], "r_hip": [0.8950169086456299, 60, 44], "r_shoulder": [1.031107783317566, 44, 40], "l_shoulder": [1.005067229270935, 44, 60], "r_knee": [0.8393396139144897, 76, 44], "l_wrist": [1.046811580657959, 72, 64], "r_elbow": [0.9266583919525146, 60, 36], "l_hip": [0.9934037923812866, 60, 52], "l_elbow": [0.8632960319519043, 60, 64], "r_wrist": [1.1844124794006348, 72, 36], "l_ankle": [0.052794262766838074, 68, 48], "l_knee": [0.8673214912414551, 76, 52]}