{"head": [0.9394012093544006, 20, 52], "r_ankle": [0.6945449709892273, 68, 44], "r_knee": [0.19576533138751984, 65, 41], "l_elbow": [0.8801745176315308, 60, 64], "r_wrist": [0.9962078332901001, 80, 32], "r_shoulder": [1.0649489164352417, 40, 40], "neck": [0.9634420871734619, 40, 52], "l_shoulder": [1.0085245370864868, 40, 64], "r_hip": [0.6378078460693359, 56, 44], "r_elbow": [0.9583261013031006, 60, 36], "l_hip": [0.6409309506416321, 60, 56], "l_wrist": [0.92762291431427, 84, 68], "l_knee": [0.5570366382598877, 64, 56], "l_ankle": [0.6051720976829529, 68, 52]}