{"head": [0.515888512134552, 56, 52], "l_ankle": [0.00018052756786346436, 0, 16], "l_knee": [0.009206786751747131, 56, 72], "r_hip": [0.06390455365180969, 72, 20], "r_ankle": [0.007391984574496746, 90, 15], "l_elbow": [0.42537200450897217, 64, 68], "r_knee": [0.05208185315132141, 48, 20], "r_shoulder": [0.6032560467720032, 64, 36], "l_wrist": [0.9211028814315796, 84, 68], "l_shoulder": [0.4491903781890869, 76, 64], "r_elbow": [0.8530921936035156, 68, 28], "neck": [0.6075716614723206, 76, 52], "r_wrist": [0.8287906646728516, 80, 32], "l_hip": [0.015363134443759918, 84, 40]}