{"head": [0.8871987462043762, 28, 52], "l_knee": [0.045341990888118744, 80, 76], "r_elbow": [1.0523262023925781, 64, 32], "r_hip": [0.5304088592529297, 68, 44], "neck": [0.7470279335975647, 52, 52], "r_knee": [0.19086292386054993, 71, 40], "r_shoulder": [0.8060721755027771, 48, 40], "l_shoulder": [0.7761229276657104, 48, 64], "l_hip": [0.557135820388794, 68, 56], "l_elbow": [0.9242461919784546, 64, 72], "l_ankle": [0.04252608120441437, 76, 52], "l_wrist": [1.0670300722122192, 84, 68], "r_wrist": [0.7867163419723511, 84, 32], "r_ankle": [0.014369688928127289, 84, 76]}