{"head": [0.8697816729545593, 20, 52], "r_ankle": [0.5878661274909973, 68, 44], "neck": [0.8494750261306763, 36, 52], "r_shoulder": [0.9573289155960083, 40, 40], "l_shoulder": [1.0087642669677734, 40, 64], "r_hip": [0.6302644610404968, 60, 44], "r_knee": [0.33913034200668335, 64, 44], "l_hip": [0.6089257001876831, 60, 56], "r_elbow": [1.0025701522827148, 60, 36], "l_elbow": [0.953110933303833, 60, 64], "l_knee": [0.5321068167686462, 64, 56], "l_ankle": [0.6036164164543152, 68, 52], "r_wrist": [0.978797435760498, 80, 32], "l_wrist": [0.8492504358291626, 84, 68]}