{"head": [0.7998248934745789, 32, 52], "r_elbow": [1.0353456735610962, 64, 32], "r_hip": [0.5692136287689209, 68, 40], "r_knee": [0.029156461358070374, 48, 24], "r_shoulder": [0.8669418096542358, 48, 36], "neck": [0.7472823858261108, 52, 52], "r_ankle": [0.021169669926166534, 82, 76], "l_shoulder": [0.9874004125595093, 52, 68], "l_elbow": [1.0536476373672485, 68, 72], "l_hip": [0.583742082118988, 68, 60], "l_knee": [0.04203131049871445, 80, 76], "r_wrist": [0.7829710245132446, 80, 32], "l_ankle": [0.014082849025726318, 76, 52], "l_wrist": [1.0716758966445923, 84, 68]}