{"head": [0.8382639288902283, 20, 48], "l_wrist": [0.9115647077560425, 84, 68], "r_shoulder": [0.9972556829452515, 40, 36], "neck": [0.9022870063781738, 40, 48], "l_shoulder": [0.8959041833877563, 40, 60], "l_elbow": [0.9100666046142578, 60, 64], "r_knee": [0.7830231189727783, 72, 40], "r_elbow": [1.0537570714950562, 60, 32], "r_hip": [0.790709912776947, 60, 40], "l_hip": [0.7591288685798645, 60, 52], "l_knee": [0.7014867067337036, 68, 52], "r_ankle": [0.12861506640911102, 68, 45], "r_wrist": [0.9875329732894897, 80, 32], "l_ankle": [0.4423338770866394, 72, 52]}