{"head": [0.9037099480628967, 20, 52], "r_ankle": [0.38746964931488037, 68, 44], "l_elbow": [0.9275503158569336, 64, 68], "r_shoulder": [0.9618310928344727, 40, 40], "neck": [0.9428187608718872, 40, 52], "l_shoulder": [0.8103784322738647, 44, 64], "r_hip": [0.6290184259414673, 60, 44], "r_knee": [0.3670694828033447, 68, 40], "r_elbow": [0.8465259075164795, 60, 36], "l_hip": [0.6135064959526062, 64, 52], "l_knee": [0.5132572054862976, 64, 60], "l_ankle": [0.5079510807991028, 68, 48], "r_wrist": [0.9737042188644409, 80, 32], "l_wrist": [1.0787450075149536, 84, 68]}