{"head": [0.565014660358429, 56, 56], "r_hip": [0.12346349656581879, 68, 16], "l_ankle": [0.004619792103767395, 24, 16], "r_ankle": [0.00766453891992569, 92, 16], "r_knee": [0.09898124635219574, 52, 36], "l_knee": [0.0183805450797081, 84, 76], "l_elbow": [0.5429134368896484, 68, 72], "l_shoulder": [0.3285151422023773, 76, 64], "l_wrist": [0.7118362188339233, 80, 68], "l_hip": [0.01939541846513748, 76, 24], "r_shoulder": [0.4899914860725403, 68, 40], "r_wrist": [0.9021115303039551, 80, 32], "r_elbow": [0.7476567029953003, 64, 28], "neck": [0.41818010807037354, 76, 52]}