{"head": [0.8179810047149658, 20, 48], "l_elbow": [0.8593779802322388, 60, 64], "neck": [0.7262299656867981, 40, 48], "l_wrist": [0.938825249671936, 84, 68], "r_shoulder": [0.9932307004928589, 40, 36], "l_shoulder": [0.9229494333267212, 40, 64], "r_hip": [0.7454415559768677, 60, 40], "r_knee": [0.7920138835906982, 72, 44], "r_elbow": [0.9311648607254028, 60, 36], "r_ankle": [0.20177018642425537, 68, 44], "l_hip": [0.8084918260574341, 60, 52], "l_knee": [0.3695428669452667, 64, 56], "l_ankle": [0.4418596029281616, 68, 52], "r_wrist": [1.0951838493347168, 80, 32]}