{"head": [1.1404050588607788, 28, 48], "r_ankle": [0.10749701410531998, 68, 32], "neck": [1.0755493640899658, 40, 48], "l_shoulder": [0.9751831293106079, 40, 56], "r_shoulder": [0.9786959886550903, 44, 40], "r_knee": [0.7810361385345459, 76, 44], "l_elbow": [0.9464684724807739, 52, 60], "r_elbow": [0.9398112297058105, 52, 36], "r_hip": [0.8284825086593628, 60, 44], "l_hip": [0.7895722985267639, 60, 52], "l_wrist": [0.7000666856765747, 60, 56], "r_wrist": [0.9296684265136719, 64, 40], "l_ankle": [0.18269431591033936, 68, 52], "l_knee": [0.8496173024177551, 72, 52]}