{"head": [0.9505305886268616, 20, 52], "r_ankle": [0.5348620414733887, 68, 44], "l_wrist": [0.8904633522033691, 84, 68], "neck": [0.86684650182724, 40, 52], "r_shoulder": [0.9885454177856445, 40, 40], "l_shoulder": [0.9923008680343628, 40, 64], "r_hip": [0.6373834013938904, 60, 44], "r_knee": [0.482778936624527, 67, 44], "r_elbow": [1.0304335355758667, 60, 36], "l_hip": [0.6597515940666199, 60, 56], "l_elbow": [0.8881545066833496, 60, 64], "l_knee": [0.5137801766395569, 68, 56], "l_ankle": [0.5444532632827759, 68, 52], "r_wrist": [0.9925816059112549, 80, 32]}