{"head": [1.1660972833633423, 28, 48], "r_ankle": [0.13926351070404053, 72, 48], "neck": [1.070120096206665, 40, 48], "l_shoulder": [0.9964264631271362, 40, 56], "r_shoulder": [0.9630609750747681, 44, 40], "r_knee": [0.8006629943847656, 72, 44], "l_elbow": [0.866875410079956, 52, 56], "r_elbow": [0.9326010942459106, 52, 36], "l_wrist": [0.9046621322631836, 56, 60], "r_wrist": [0.8531339168548584, 60, 36], "r_hip": [0.8709686398506165, 60, 44], "l_hip": [0.9591231346130371, 60, 52], "l_ankle": [0.14352741837501526, 68, 52], "l_knee": [0.8872208595275879, 76, 52]}