{"head": [0.9404553771018982, 20, 52], "r_knee": [0.19873203337192535, 65, 41], "l_elbow": [0.8710240721702576, 60, 64], "r_shoulder": [1.0645508766174316, 40, 40], "neck": [0.9560351371765137, 40, 52], "l_shoulder": [1.0078502893447876, 40, 64], "r_hip": [0.642372727394104, 56, 44], "r_elbow": [0.9428248405456543, 60, 36], "l_hip": [0.7107202410697937, 60, 56], "l_wrist": [0.938979983329773, 84, 68], "r_ankle": [0.7502012252807617, 68, 44], "l_knee": [0.5233194231987, 64, 56], "l_ankle": [0.6277387738227844, 68, 52], "r_wrist": [0.9965448379516602, 80, 32]}