{"head": [0.9124047160148621, 20, 52], "r_ankle": [0.7226143479347229, 68, 44], "l_elbow": [0.8642164468765259, 60, 64], "r_shoulder": [1.0635212659835815, 40, 40], "neck": [0.982090950012207, 40, 52], "l_shoulder": [1.0141147375106812, 40, 64], "r_hip": [0.6912230849266052, 56, 44], "r_knee": [0.18934042751789093, 65, 41], "r_elbow": [0.9680355787277222, 60, 36], "l_hip": [0.674795925617218, 60, 56], "l_wrist": [0.9129436016082764, 84, 68], "l_knee": [0.557707667350769, 64, 56], "l_ankle": [0.6112250089645386, 68, 52], "r_wrist": [1.0049045085906982, 80, 32]}