{"head": [0.8884232640266418, 20, 52], "r_ankle": [0.7028533220291138, 68, 44], "r_knee": [0.29798421263694763, 64, 46], "r_elbow": [0.9479550123214722, 60, 36], "r_shoulder": [0.9635729789733887, 40, 40], "neck": [0.8733972907066345, 40, 52], "l_shoulder": [0.984575629234314, 40, 64], "r_hip": [0.7599772810935974, 56, 44], "l_wrist": [1.0330108404159546, 84, 68], "l_hip": [0.8409711718559265, 56, 56], "l_elbow": [0.8804502487182617, 60, 64], "l_knee": [0.570391058921814, 68, 56], "l_ankle": [0.39707738161087036, 68, 51], "r_wrist": [1.0712730884552002, 80, 32]}