{"head": [0.7318861484527588, 28, 48], "r_ankle": [0.02606090158224106, 68, 44], "r_elbow": [0.8429442644119263, 60, 32], "l_elbow": [0.9095957279205322, 60, 64], "l_shoulder": [0.8208818435668945, 44, 60], "r_shoulder": [0.7680414915084839, 40, 40], "neck": [0.6273776292800903, 44, 48], "r_hip": [0.7033827900886536, 60, 44], "l_wrist": [0.9887281656265259, 84, 68], "r_knee": [0.7972391843795776, 76, 44], "l_hip": [0.8990459442138672, 60, 52], "l_ankle": [0.05976925790309906, 70, 48], "l_knee": [0.9998918771743774, 72, 52], "r_wrist": [1.064172625541687, 84, 32]}