{"head": [0.9216375946998596, 20, 52], "r_ankle": [0.5703544616699219, 68, 44], "l_wrist": [0.8487710952758789, 84, 68], "neck": [0.8733245730400085, 40, 52], "r_shoulder": [0.9889035224914551, 40, 40], "l_shoulder": [0.9931899309158325, 40, 64], "r_hip": [0.6108301281929016, 56, 44], "l_hip": [0.6222571134567261, 60, 56], "r_knee": [0.35701149702072144, 64, 44], "r_elbow": [1.0367532968521118, 60, 36], "l_elbow": [0.8704512119293213, 60, 64], "l_knee": [0.4908590316772461, 64, 56], "l_ankle": [0.5913496613502502, 68, 52], "r_wrist": [0.9575698375701904, 80, 32]}