{"head": [0.5699265003204346, 52, 56], "l_ankle": [0.0030679404735565186, 24, 20], "l_knee": [0.0088505819439888, 56, 72], "r_hip": [0.06745785474777222, 72, 20], "r_knee": [0.0386015921831131, 48, 20], "l_elbow": [0.4997873306274414, 68, 72], "r_ankle": [0.0003652051091194153, 31, 16], "l_wrist": [1.0748192071914673, 84, 68], "l_shoulder": [0.44488590955734253, 72, 64], "r_shoulder": [0.8134002685546875, 64, 36], "neck": [0.6061558723449707, 72, 52], "r_elbow": [0.8938716650009155, 68, 28], "r_wrist": [0.7715424299240112, 84, 32], "l_hip": [0.009454295039176941, 84, 60]}