{"head": [1.0719906091690063, 28, 48], "r_ankle": [0.08261314779520035, 68, 32], "r_shoulder": [0.9041608572006226, 40, 40], "neck": [1.0780481100082397, 40, 48], "l_shoulder": [0.9822025299072266, 44, 56], "r_knee": [0.7717648148536682, 72, 44], "r_elbow": [0.8867941498756409, 52, 40], "l_elbow": [0.8255478143692017, 52, 60], "l_wrist": [0.5700516700744629, 56, 60], "r_hip": [0.8107412457466125, 60, 44], "l_hip": [0.8554105162620544, 60, 52], "r_wrist": [0.9069750308990479, 60, 40], "l_ankle": [0.11302205920219421, 68, 52], "l_knee": [0.9034562706947327, 72, 52]}