{"head": [0.7597491145133972, 20, 52], "r_knee": [0.29976287484169006, 66, 42], "r_elbow": [1.0680489540100098, 60, 36], "l_elbow": [0.846582293510437, 60, 64], "r_shoulder": [1.0295108556747437, 40, 40], "neck": [0.9539958238601685, 40, 52], "l_shoulder": [0.978469967842102, 40, 64], "r_hip": [0.7323357462882996, 56, 44], "l_hip": [0.7145890593528748, 56, 56], "r_ankle": [0.624528169631958, 68, 44], "l_knee": [0.60157710313797, 64, 56], "l_ankle": [0.6614612936973572, 68, 52], "r_wrist": [1.0157071352005005, 80, 32], "l_wrist": [0.9857914447784424, 84, 68]}