{"head": [0.9230627417564392, 20, 52], "r_knee": [0.3395080268383026, 64, 45], "r_elbow": [0.962252140045166, 60, 36], "l_wrist": [1.0167465209960938, 84, 68], "r_shoulder": [0.9823054075241089, 40, 40], "neck": [0.8891647458076477, 40, 52], "l_shoulder": [0.9982668161392212, 40, 64], "r_hip": [0.7839528918266296, 56, 44], "l_hip": [0.8208277225494385, 56, 56], "l_elbow": [0.8640644550323486, 60, 64], "r_ankle": [0.699634850025177, 68, 44], "l_knee": [0.6224761605262756, 64, 56], "l_ankle": [0.47594767808914185, 68, 52], "r_wrist": [1.0806461572647095, 80, 32]}