{"head": [0.9398748278617859, 20, 52], "r_ankle": [0.6509365439414978, 68, 44], "r_knee": [0.20048655569553375, 66, 41], "l_elbow": [0.852699875831604, 60, 64], "neck": [0.9663265943527222, 40, 52], "r_shoulder": [1.057515263557434, 40, 40], "l_shoulder": [0.9990928173065186, 40, 64], "r_hip": [0.6326863169670105, 56, 44], "r_elbow": [0.9724928140640259, 60, 36], "l_hip": [0.6525511741638184, 60, 56], "l_wrist": [0.938051700592041, 84, 68], "l_knee": [0.5267444252967834, 64, 56], "l_ankle": [0.5924310088157654, 68, 52], "r_wrist": [0.989737868309021, 80, 32]}