{"head": [0.8621119856834412, 16, 52], "r_ankle": [0.6386776566505432, 68, 44], "r_shoulder": [0.8608041405677795, 40, 40], "neck": [0.9863636493682861, 36, 52], "l_shoulder": [0.7656223773956299, 40, 64], "r_hip": [0.7318456172943115, 60, 44], "r_knee": [0.36432647705078125, 68, 41], "l_wrist": [0.9229581356048584, 84, 68], "l_hip": [0.8590928912162781, 60, 56], "l_elbow": [0.966815710067749, 60, 68], "r_elbow": [0.9697933197021484, 60, 36], "l_ankle": [0.3986445665359497, 72, 53], "l_knee": [0.9215935468673706, 76, 52], "r_wrist": [1.0852956771850586, 80, 32]}