{"head": [0.5370046496391296, 52, 52], "l_knee": [0.01392894797027111, 59, 72], "r_hip": [0.11663316190242767, 80, 40], "l_ankle": [0.003936398774385452, 24, 17], "r_ankle": [0.004410918802022934, 91, 12], "r_knee": [0.045778945088386536, 48, 20], "l_elbow": [0.5105111002922058, 68, 72], "l_hip": [0.005857847630977631, 48, 32], "l_shoulder": [0.4085167646408081, 76, 64], "l_wrist": [1.0441170930862427, 84, 68], "r_shoulder": [0.8064802289009094, 64, 36], "neck": [0.5601486563682556, 76, 52], "r_elbow": [0.8862124681472778, 68, 28], "r_wrist": [0.8363445997238159, 80, 32]}