{"head": [1.1772570610046387, 28, 48], "r_ankle": [0.07325857132673264, 68, 32], "neck": [1.0812463760375977, 40, 48], "l_shoulder": [0.9834529161453247, 40, 56], "r_shoulder": [0.9989362955093384, 44, 40], "r_knee": [0.7575513124465942, 76, 44], "l_elbow": [0.8289281129837036, 52, 56], "r_elbow": [0.8480993509292603, 52, 36], "l_wrist": [0.4397541582584381, 56, 60], "r_wrist": [0.8674452304840088, 64, 40], "r_hip": [0.8100439310073853, 60, 44], "l_hip": [0.6966441869735718, 60, 52], "l_ankle": [0.21472802758216858, 69, 52], "l_knee": [0.5850011706352234, 72, 52]}