{"head": [0.7757065296173096, 36, 52], "r_elbow": [0.9337201118469238, 64, 32], "r_hip": [0.7446858286857605, 68, 44], "r_knee": [0.020506933331489563, 48, 24], "r_shoulder": [0.9909077882766724, 52, 36], "neck": [0.7815203666687012, 56, 52], "l_shoulder": [0.8367452621459961, 56, 68], "l_elbow": [0.8792982697486877, 68, 68], "l_hip": [0.6638509035110474, 68, 56], "l_ankle": [0.035495951771736145, 76, 52], "l_knee": [0.0009842664003372192, 76, 80], "r_wrist": [0.8472104072570801, 80, 32], "r_ankle": [0.012653611600399017, 76, 48], "l_wrist": [1.1527116298675537, 84, 68]}