{"head": [0.8941861987113953, 20, 52], "r_ankle": [0.07977510243654251, 75, 48], "r_elbow": [0.856573224067688, 60, 36], "l_elbow": [0.9175682067871094, 60, 64], "l_wrist": [1.0369614362716675, 84, 68], "r_shoulder": [0.8843483924865723, 40, 40], "neck": [0.9011167287826538, 40, 52], "l_shoulder": [0.987566351890564, 40, 64], "r_hip": [0.7342177629470825, 60, 44], "r_knee": [0.8177275657653809, 76, 44], "l_hip": [0.7032772898674011, 60, 52], "l_ankle": [0.21161288022994995, 68, 52], "l_knee": [0.8978994488716125, 72, 52], "r_wrist": [1.0782521963119507, 80, 32]}