{"head": [0.5911521315574646, 56, 56], "l_ankle": [0.0027824342250823975, 28, 16], "r_hip": [0.10922037065029144, 68, 16], "l_knee": [0.013502918183803558, 84, 76], "r_ankle": [0.002685166895389557, 32, 16], "l_elbow": [0.4474019408226013, 68, 72], "r_knee": [0.02968403697013855, 48, 20], "l_shoulder": [0.3033146858215332, 76, 64], "l_hip": [0.0056983232498168945, 52, 28], "l_wrist": [0.6660505533218384, 80, 72], "r_elbow": [0.7266819477081299, 64, 28], "r_shoulder": [0.507770299911499, 68, 40], "neck": [0.5513759851455688, 76, 52], "r_wrist": [0.9152278900146484, 80, 32]}