{"head": [0.3586086630821228, 60, 56], "l_ankle": [0.0033258050680160522, 20, 16], "r_hip": [0.059256285429000854, 84, 16], "l_elbow": [0.31484225392341614, 72, 72], "l_knee": [0.0076544806361198425, 32, 76], "r_knee": [0.1348462849855423, 52, 36], "r_ankle": [0.008387364447116852, 92, 12], "r_shoulder": [0.12083970010280609, 64, 40], "neck": [0.2765798568725586, 68, 56], "l_shoulder": [0.17921799421310425, 68, 71], "l_wrist": [0.7408750057220459, 80, 68], "r_elbow": [0.5397039651870728, 64, 28], "r_wrist": [0.7076565027236938, 80, 32], "l_hip": [0.03986953943967819, 84, 56]}