{"head": [1.0114760398864746, 20, 52], "r_ankle": [0.7065057158470154, 68, 44], "r_knee": [0.4198989272117615, 64, 44], "r_elbow": [0.9754364490509033, 60, 36], "neck": [0.8845362663269043, 40, 52], "l_wrist": [1.0259721279144287, 84, 68], "r_shoulder": [0.9858132600784302, 40, 40], "l_shoulder": [1.010594367980957, 40, 64], "r_hip": [0.8092765212059021, 56, 44], "l_elbow": [0.8697863817214966, 60, 64], "l_hip": [0.8766224384307861, 56, 56], "l_knee": [0.6735101342201233, 64, 56], "r_wrist": [1.0867259502410889, 80, 32], "l_ankle": [0.46616607904434204, 68, 52]}