{"head": [1.0790075063705444, 28, 48], "r_ankle": [0.09431537240743637, 68, 32], "r_shoulder": [0.8956151008605957, 40, 40], "neck": [1.0870542526245117, 40, 48], "l_shoulder": [0.986549973487854, 44, 56], "r_knee": [0.7469279766082764, 72, 44], "r_elbow": [0.8779895305633545, 52, 40], "l_elbow": [0.8400413990020752, 52, 60], "l_wrist": [0.5583070516586304, 56, 60], "r_hip": [0.8431441783905029, 60, 44], "l_hip": [0.8517464995384216, 60, 52], "r_wrist": [0.8903495073318481, 60, 40], "l_ankle": [0.11824747920036316, 68, 52], "l_knee": [0.8941895961761475, 72, 52]}