{"head": [0.9675987362861633, 24, 52], "r_elbow": [0.77107834815979, 60, 32], "neck": [0.851300060749054, 44, 52], "l_hip": [0.6819655299186707, 60, 56], "r_shoulder": [0.8889687061309814, 44, 40], "l_shoulder": [1.0243569612503052, 44, 64], "r_hip": [0.6042735576629639, 60, 44], "r_knee": [0.558773934841156, 68, 40], "l_wrist": [1.095947027206421, 84, 68], "l_elbow": [0.933483362197876, 64, 68], "l_knee": [0.4375574588775635, 64, 60], "l_ankle": [0.6061968207359314, 68, 48], "r_ankle": [0.24482667446136475, 70, 44], "r_wrist": [0.9369068145751953, 80, 32]}