{"head": [0.5313243865966797, 44, 56], "l_ankle": [0.06010042130947113, 80, 52], "l_knee": [0.014165796339511871, 16, 16], "r_hip": [0.543907105922699, 72, 44], "r_ankle": [0.0032200664281845093, 88, 40], "r_knee": [0.026869863271713257, 84, 16], "l_wrist": [1.0883424282073975, 84, 68], "r_shoulder": [0.8106796741485596, 56, 36], "neck": [0.7039234042167664, 64, 52], "l_shoulder": [0.8431483507156372, 60, 68], "l_hip": [0.5419430732727051, 76, 56], "r_elbow": [0.8472058773040771, 68, 32], "l_elbow": [0.9311131238937378, 68, 72], "r_wrist": [0.8222707509994507, 80, 32]}