{"head": [1.147640585899353, 28, 48], "r_ankle": [0.1584354043006897, 72, 48], "neck": [1.0996710062026978, 40, 48], "l_shoulder": [0.9980345964431763, 40, 56], "r_shoulder": [0.9599031209945679, 44, 40], "r_elbow": [0.927786111831665, 52, 36], "l_elbow": [0.8697599172592163, 52, 56], "r_wrist": [0.9264976978302002, 56, 36], "l_wrist": [0.8321114778518677, 56, 60], "r_hip": [0.9174829721450806, 60, 44], "l_hip": [0.9817754030227661, 60, 52], "l_ankle": [0.16116172075271606, 68, 52], "r_knee": [0.7951415777206421, 72, 44], "l_knee": [0.8576860427856445, 72, 52]}