{"head": [0.9696330428123474, 20, 52], "r_ankle": [0.7272214889526367, 68, 44], "r_knee": [0.22319358587265015, 66, 41], "l_elbow": [0.8313587307929993, 60, 64], "r_shoulder": [1.043681025505066, 40, 40], "neck": [1.0119260549545288, 40, 52], "l_shoulder": [1.0106154680252075, 40, 64], "r_hip": [0.5875433683395386, 56, 44], "r_elbow": [0.971482515335083, 60, 36], "l_wrist": [0.9100422859191895, 84, 68], "l_hip": [0.6818962097167969, 60, 56], "l_knee": [0.4662988781929016, 64, 52], "l_ankle": [0.634949266910553, 68, 52], "r_wrist": [0.996192455291748, 80, 32]}