{"head": [1.1130770444869995, 28, 48], "r_ankle": [0.15355655550956726, 68, 32], "neck": [1.1383236646652222, 40, 48], "r_shoulder": [1.0012106895446777, 44, 40], "l_shoulder": [0.9954396486282349, 44, 56], "r_knee": [0.6635862588882446, 76, 44], "l_elbow": [1.0003083944320679, 52, 60], "r_elbow": [0.8347604274749756, 52, 36], "r_hip": [0.7282651662826538, 60, 44], "l_hip": [0.7640104293823242, 60, 52], "l_wrist": [0.7974333763122559, 60, 56], "r_wrist": [0.9170485734939575, 64, 40], "l_knee": [0.829245388507843, 72, 52], "l_ankle": [0.16531851887702942, 68, 52]}