{"head": [0.7084436416625977, 20, 48], "l_elbow": [0.9083341360092163, 60, 64], "l_wrist": [0.8536261320114136, 80, 68], "r_shoulder": [0.9601318836212158, 40, 40], "neck": [0.781209409236908, 40, 48], "l_shoulder": [0.864694356918335, 40, 60], "r_elbow": [0.8727644681930542, 56, 32], "r_knee": [0.8163711428642273, 72, 44], "r_wrist": [0.6946792602539062, 56, 40], "r_ankle": [0.1698589324951172, 68, 32], "l_hip": [0.5373889803886414, 64, 52], "r_hip": [0.526804506778717, 60, 40], "l_ankle": [0.18592217564582825, 72, 52], "l_knee": [0.004712030291557312, 68, 68]}