{"head": [0.8682108521461487, 28, 48], "r_ankle": [0.0728708878159523, 76, 48], "r_elbow": [0.8323675394058228, 60, 32], "l_shoulder": [0.8741167187690735, 44, 60], "neck": [0.7101251482963562, 44, 48], "l_hip": [0.8071205019950867, 60, 52], "r_shoulder": [0.7343336343765259, 44, 36], "r_hip": [0.6709120273590088, 60, 44], "r_knee": [0.7743425369262695, 76, 44], "l_wrist": [0.9864462614059448, 84, 68], "l_elbow": [0.9412299394607544, 60, 64], "l_ankle": [0.03889159858226776, 69, 48], "l_knee": [0.9727660417556763, 72, 52], "r_wrist": [1.0834124088287354, 84, 32]}