{"head": [0.8259810209274292, 20, 48], "r_knee": [0.6574243903160095, 72, 44], "l_wrist": [0.8286447525024414, 80, 68], "neck": [0.7769330739974976, 40, 48], "r_hip": [0.4490293860435486, 64, 40], "r_shoulder": [0.917404294013977, 40, 40], "l_shoulder": [0.897423267364502, 40, 60], "r_wrist": [0.6166567802429199, 52, 44], "r_elbow": [0.7366169691085815, 56, 36], "l_elbow": [0.9031122922897339, 60, 64], "l_hip": [0.48270419239997864, 64, 52], "r_ankle": [0.09751572459936142, 68, 32], "l_knee": [0.0012621358036994934, 68, 68], "l_ankle": [0.09316360950469971, 72, 52]}