{"head": [0.9073078036308289, 20, 52], "r_ankle": [0.3859724998474121, 68, 44], "l_elbow": [0.9487749338150024, 64, 68], "r_shoulder": [0.9756540060043335, 40, 40], "neck": [0.8503262996673584, 40, 52], "l_shoulder": [0.8850830793380737, 44, 64], "r_hip": [0.6159883737564087, 60, 44], "r_knee": [0.3865118622779846, 68, 40], "r_elbow": [0.907523512840271, 60, 36], "l_hip": [0.6555213332176208, 64, 52], "l_knee": [0.6054073572158813, 64, 60], "l_ankle": [0.49041908979415894, 68, 48], "r_wrist": [0.996003270149231, 80, 32], "l_wrist": [1.0643011331558228, 84, 68]}