{"head": [0.8871082663536072, 24, 48], "l_wrist": [0.8696593046188354, 84, 68], "r_shoulder": [0.960288405418396, 40, 36], "neck": [0.9471867084503174, 40, 48], "l_knee": [0.9063553810119629, 72, 52], "l_shoulder": [0.9143580198287964, 40, 60], "r_knee": [0.8019609451293945, 76, 44], "r_elbow": [0.9494305849075317, 60, 32], "r_hip": [0.7470834851264954, 60, 44], "l_hip": [0.916863203048706, 60, 52], "r_ankle": [0.06469833105802536, 68, 44], "l_elbow": [0.8661969900131226, 60, 64], "l_ankle": [0.19966652989387512, 72, 48], "r_wrist": [1.0699732303619385, 84, 32]}