{"head": [0.7510238885879517, 20, 52], "r_knee": [0.7637829780578613, 72, 44], "l_elbow": [0.7866655588150024, 60, 64], "l_wrist": [0.8708868026733398, 84, 68], "r_shoulder": [0.9064371585845947, 40, 36], "neck": [0.7988219857215881, 40, 48], "l_shoulder": [0.8298351168632507, 40, 60], "r_hip": [0.7174854874610901, 60, 40], "r_elbow": [0.8447341918945312, 60, 32], "l_hip": [0.7866635918617249, 60, 52], "l_knee": [0.07499643415212631, 68, 56], "r_ankle": [0.1454223394393921, 68, 45], "l_ankle": [0.3217324912548065, 72, 52], "r_wrist": [1.0858131647109985, 80, 32]}