{"head": [0.7252741456031799, 20, 48], "l_wrist": [0.9178180694580078, 84, 68], "r_shoulder": [0.9081244468688965, 40, 36], "neck": [0.817232072353363, 40, 48], "l_shoulder": [0.827002227306366, 40, 60], "l_knee": [0.07083074003458023, 68, 56], "l_elbow": [0.7418327927589417, 64, 64], "r_knee": [0.8155302405357361, 72, 44], "r_elbow": [0.8698759078979492, 60, 32], "r_hip": [0.6642616391181946, 60, 40], "l_hip": [0.8228276371955872, 60, 52], "r_ankle": [0.05840211361646652, 68, 40], "l_ankle": [0.2298336923122406, 72, 52], "r_wrist": [1.1043198108673096, 80, 32]}