{"head": [0.7056830525398254, 20, 52], "l_wrist": [0.9464685916900635, 84, 68], "r_shoulder": [1.0387299060821533, 40, 36], "neck": [0.8411086201667786, 40, 48], "l_shoulder": [0.8454453349113464, 40, 60], "l_ankle": [0.4610446095466614, 68, 52], "l_elbow": [0.7796992659568787, 60, 64], "r_hip": [0.8188274502754211, 60, 40], "r_knee": [0.8181872367858887, 72, 44], "r_elbow": [0.8741486072540283, 60, 36], "r_ankle": [0.2167133092880249, 68, 44], "l_hip": [0.8118817210197449, 60, 52], "l_knee": [0.3518267869949341, 67, 52], "r_wrist": [1.0846844911575317, 80, 32]}