{"head": [0.30236417055130005, 60, 56], "l_ankle": [0.002545580267906189, 20, 16], "r_hip": [0.05736874043941498, 68, 16], "r_shoulder": [0.08572119474411011, 64, 40], "l_knee": [0.009966328740119934, 32, 76], "r_ankle": [0.009677015244960785, 92, 16], "r_knee": [0.15904568135738373, 52, 36], "l_elbow": [0.2376040816307068, 72, 72], "neck": [0.17827904224395752, 64, 56], "l_shoulder": [0.14885717630386353, 67, 72], "l_wrist": [0.727374792098999, 80, 68], "r_elbow": [0.5987718105316162, 64, 28], "r_wrist": [0.6678853034973145, 80, 32]}