{"head": [0.6410379409790039, 40, 52], "r_hip": [0.5987759828567505, 68, 44], "r_knee": [0.020052164793014526, 84, 16], "r_wrist": [0.8759089708328247, 80, 32], "neck": [0.690747082233429, 56, 52], "r_shoulder": [0.8965933322906494, 52, 36], "l_hip": [0.5975445508956909, 68, 60], "l_shoulder": [0.9188369512557983, 56, 68], "r_elbow": [0.9337296485900879, 64, 32], "l_elbow": [1.0212855339050293, 68, 72], "l_knee": [0.036019645631313324, 80, 76], "l_ankle": [0.0651300698518753, 76, 52], "r_ankle": [0.03324071690440178, 76, 49], "l_wrist": [1.1065363883972168, 84, 68]}