{"head": [0.5830392241477966, 56, 56], "l_ankle": [0.004547089338302612, 28, 16], "r_hip": [0.10377325117588043, 68, 16], "l_knee": [0.013954952359199524, 56, 72], "r_ankle": [0.01037195697426796, 92, 15], "l_elbow": [0.38641157746315, 72, 72], "r_knee": [0.08687335252761841, 52, 36], "l_shoulder": [0.42251068353652954, 80, 64], "l_hip": [0.004223942756652832, 48, 32], "r_shoulder": [0.6308372020721436, 68, 40], "r_elbow": [0.8619330525398254, 64, 28], "neck": [0.6879944801330566, 76, 52], "r_wrist": [0.9372483491897583, 80, 32], "l_wrist": [0.6264445781707764, 80, 68]}