{"head": [0.8982095122337341, 28, 52], "r_elbow": [0.9536511898040771, 64, 32], "r_hip": [0.46109503507614136, 64, 44], "r_shoulder": [0.958480715751648, 44, 40], "neck": [0.715599000453949, 48, 52], "r_knee": [0.36581698060035706, 69, 44], "l_shoulder": [0.8346939086914062, 48, 64], "l_wrist": [1.1088612079620361, 84, 68], "l_hip": [0.5537093877792358, 68, 56], "l_knee": [0.17107895016670227, 72, 56], "l_elbow": [1.0049124956130981, 64, 68], "l_ankle": [0.0893961563706398, 74, 52], "r_wrist": [0.8325871229171753, 84, 32], "r_ankle": [0.011731401085853577, 76, 46]}