{"head": [0.5867919325828552, 56, 56], "r_hip": [0.11420805752277374, 68, 16], "l_ankle": [0.003535851836204529, 28, 16], "r_ankle": [0.007002975791692734, 92, 14], "r_knee": [0.03167247772216797, 84, 16], "l_knee": [0.014973606914281845, 48, 23], "l_elbow": [0.45224589109420776, 68, 72], "r_shoulder": [0.523459255695343, 68, 40], "l_shoulder": [0.3230496942996979, 76, 64], "l_wrist": [0.696107029914856, 84, 68], "r_wrist": [0.8782007694244385, 80, 32], "l_hip": [0.008622527122497559, 52, 28], "neck": [0.5298177599906921, 76, 52], "r_elbow": [0.7572208046913147, 64, 28]}