{"head": [0.921707808971405, 20, 48], "r_knee": [0.8784250020980835, 72, 44], "r_elbow": [0.9643799066543579, 56, 36], "l_wrist": [0.7782449722290039, 80, 68], "neck": [0.8246941566467285, 40, 48], "r_shoulder": [0.8855593204498291, 40, 36], "l_shoulder": [0.9386475086212158, 40, 60], "r_wrist": [0.8695513010025024, 48, 48], "l_elbow": [0.8577494025230408, 60, 64], "r_ankle": [0.08903829008340836, 72, 48], "r_hip": [0.5174087882041931, 60, 44], "l_hip": [0.493978351354599, 64, 52], "l_ankle": [0.15569624304771423, 72, 52], "l_knee": [0.001663707196712494, 68, 68]}