{"head": [0.994841992855072, 20, 52], "r_ankle": [0.11593755334615707, 75, 48], "r_elbow": [0.8685661554336548, 60, 36], "l_elbow": [0.9316281080245972, 60, 64], "l_wrist": [1.015499234199524, 84, 68], "r_shoulder": [0.8960713148117065, 40, 40], "neck": [0.8973047733306885, 40, 52], "l_shoulder": [1.023711919784546, 40, 64], "r_hip": [0.7361153960227966, 60, 44], "r_knee": [0.7642393708229065, 72, 44], "l_hip": [0.7668024897575378, 60, 52], "l_ankle": [0.2716955244541168, 68, 52], "l_knee": [0.8740885853767395, 72, 52], "r_wrist": [1.0303504467010498, 80, 32]}