{"head": [0.9909718632698059, 20, 52], "r_ankle": [0.024060770869255066, 66, 44], "l_elbow": [0.9136875867843628, 60, 64], "r_shoulder": [0.8946281671524048, 40, 40], "neck": [0.9578413963317871, 40, 52], "l_shoulder": [1.0392115116119385, 40, 64], "r_hip": [0.7169191837310791, 56, 44], "r_knee": [0.7879514098167419, 72, 44], "r_elbow": [0.8351983428001404, 60, 36], "l_wrist": [1.0463422536849976, 84, 68], "l_hip": [0.7352700233459473, 60, 52], "l_ankle": [0.15596601366996765, 72, 48], "l_knee": [0.8927470445632935, 72, 52], "r_wrist": [1.0501130819320679, 80, 32]}