{"head": [0.5071653723716736, 44, 52], "l_ankle": [0.059621840715408325, 79, 52], "l_knee": [0.004078470170497894, 12, 16], "r_hip": [0.4351423978805542, 68, 44], "r_ankle": [0.014426194131374359, 80, 48], "r_shoulder": [0.9651733636856079, 56, 36], "r_knee": [0.02573700249195099, 84, 16], "l_wrist": [1.0755434036254883, 84, 68], "neck": [0.6058774590492249, 64, 52], "l_hip": [0.5574584603309631, 72, 56], "l_shoulder": [0.8924251794815063, 60, 68], "r_elbow": [0.8479151725769043, 68, 32], "l_elbow": [0.9669233560562134, 68, 72], "r_wrist": [0.8272862434387207, 80, 32]}