{"head": [0.9759010672569275, 20, 52], "r_ankle": [0.7453559041023254, 68, 44], "r_elbow": [0.9824230670928955, 60, 36], "l_elbow": [0.8621785640716553, 60, 64], "r_shoulder": [1.0488367080688477, 40, 40], "neck": [0.9671962261199951, 40, 52], "l_shoulder": [1.0047340393066406, 40, 64], "r_hip": [0.6015390753746033, 56, 44], "r_knee": [0.20475275814533234, 65, 41], "l_hip": [0.6639144420623779, 60, 56], "l_wrist": [0.8963011503219604, 84, 68], "l_knee": [0.5081339478492737, 64, 56], "l_ankle": [0.634026825428009, 68, 52], "r_wrist": [0.987555980682373, 80, 32]}