{"head": [0.5590952634811401, 56, 56], "l_ankle": [0.0041986554861068726, 20, 16], "l_knee": [0.015621304512023926, 60, 72], "r_hip": [0.0706467479467392, 72, 20], "r_ankle": [0.011064261198043823, 90, 16], "r_knee": [0.055377691984176636, 48, 20], "l_elbow": [0.3845653831958771, 68, 72], "r_wrist": [0.842269778251648, 80, 32], "r_elbow": [0.7198415398597717, 68, 28], "r_shoulder": [0.31137967109680176, 64, 40], "l_shoulder": [0.2476610243320465, 76, 60], "l_wrist": [0.747001051902771, 84, 68], "neck": [0.4466126561164856, 72, 52], "l_hip": [8.229166269302368e-05, 84, 60]}