{"head": [0.9226704239845276, 20, 52], "r_ankle": [0.6019091606140137, 68, 44], "r_knee": [0.36486321687698364, 68, 40], "l_wrist": [0.8218470811843872, 84, 68], "neck": [0.9614685773849487, 40, 52], "r_shoulder": [1.008247971534729, 40, 40], "l_shoulder": [0.9787811040878296, 40, 64], "r_hip": [0.56786048412323, 60, 44], "r_elbow": [0.9701149463653564, 60, 36], "l_elbow": [0.8743476271629333, 60, 64], "l_hip": [0.6596710085868835, 60, 56], "l_knee": [0.48043522238731384, 67, 52], "l_ankle": [0.54530268907547, 68, 52], "r_wrist": [0.935562014579773, 80, 32]}