{"head": [0.9655484557151794, 24, 48], "r_knee": [0.8157214522361755, 76, 44], "l_wrist": [0.9382202625274658, 84, 68], "r_shoulder": [0.9341987371444702, 40, 36], "neck": [0.9522044658660889, 40, 48], "l_shoulder": [0.8930854797363281, 40, 60], "l_elbow": [0.9375811815261841, 60, 64], "r_elbow": [0.9772547483444214, 60, 32], "r_hip": [0.7318521738052368, 60, 44], "l_hip": [0.907894492149353, 60, 52], "r_ankle": [0.06742336601018906, 68, 44], "l_ankle": [0.23584483563899994, 71, 49], "l_knee": [0.8497776389122009, 72, 52], "r_wrist": [1.0682533979415894, 84, 32]}