{"head": [0.6162325143814087, 56, 56], "l_knee": [0.012848861515522003, 56, 72], "r_hip": [0.10639622807502747, 68, 16], "l_ankle": [0.0038300752639770508, 24, 16], "r_ankle": [0.009567108005285263, 91, 16], "r_knee": [0.04072079062461853, 84, 16], "l_elbow": [0.39819151163101196, 72, 72], "r_elbow": [0.8173147439956665, 68, 28], "r_wrist": [0.8166794776916504, 80, 32], "l_shoulder": [0.40080326795578003, 76, 64], "r_shoulder": [0.4322049617767334, 64, 36], "neck": [0.5325871706008911, 72, 52], "l_hip": [0.02064570039510727, 76, 24], "l_wrist": [0.7698643207550049, 84, 68]}