{"head": [0.5067954659461975, 56, 52], "l_ankle": [0.005972117185592651, 24, 16], "l_knee": [0.009093917906284332, 56, 72], "r_hip": [0.09053786098957062, 72, 20], "r_ankle": [0.005785413086414337, 92, 16], "l_elbow": [0.45625966787338257, 64, 68], "r_knee": [0.05005365610122681, 48, 20], "l_hip": [0.01470000296831131, 76, 24], "l_shoulder": [0.45316118001937866, 76, 64], "l_wrist": [0.8337817192077637, 84, 68], "r_shoulder": [0.5989353060722351, 64, 36], "r_elbow": [0.8618344664573669, 68, 28], "neck": [0.5740551352500916, 76, 52], "r_wrist": [0.8039793968200684, 80, 32]}