{"head": [0.5289689302444458, 52, 56], "l_knee": [0.011554419994354248, 58, 72], "r_hip": [0.12531286478042603, 68, 16], "l_ankle": [0.002894297242164612, 20, 16], "r_ankle": [0.007479846477508545, 92, 16], "l_elbow": [0.41743868589401245, 68, 72], "r_knee": [0.043409526348114014, 48, 20], "l_wrist": [0.9073697328567505, 84, 68], "r_shoulder": [0.741780698299408, 64, 40], "l_hip": [0.010855715721845627, 52, 30], "r_wrist": [0.8611568212509155, 80, 32], "l_shoulder": [0.3958953619003296, 76, 64], "neck": [0.5755724310874939, 72, 52], "r_elbow": [0.8189534544944763, 68, 28]}