{"head": [0.9399097561836243, 20, 52], "r_ankle": [0.5972903966903687, 68, 44], "r_wrist": [0.9811878204345703, 80, 32], "l_wrist": [0.8500697612762451, 84, 68], "neck": [0.9155131578445435, 40, 52], "r_shoulder": [1.0042409896850586, 40, 40], "l_shoulder": [1.0041404962539673, 40, 64], "r_hip": [0.5883199572563171, 56, 44], "r_knee": [0.35667431354522705, 64, 44], "r_elbow": [1.0097014904022217, 60, 36], "l_hip": [0.6064683198928833, 60, 56], "l_elbow": [0.9086768627166748, 60, 64], "l_knee": [0.48021095991134644, 64, 56], "l_ankle": [0.5636120438575745, 68, 52]}