{"head": [1.1532601118087769, 28, 48], "r_ankle": [0.14670971035957336, 72, 48], "neck": [1.084855079650879, 40, 48], "l_shoulder": [1.0040004253387451, 40, 56], "r_shoulder": [0.9622222185134888, 44, 40], "r_knee": [0.8105257153511047, 72, 44], "r_elbow": [0.968415379524231, 52, 36], "l_elbow": [0.9655522108078003, 52, 56], "l_wrist": [0.8816748857498169, 56, 60], "r_wrist": [0.8449864387512207, 56, 36], "r_hip": [0.9064489603042603, 60, 44], "l_hip": [0.9544051885604858, 60, 52], "l_ankle": [0.16318297386169434, 68, 52], "l_knee": [0.8821625709533691, 76, 52]}