{"head": [0.908277690410614, 20, 52], "r_ankle": [0.0795464888215065, 76, 48], "l_elbow": [0.9241441488265991, 60, 64], "l_wrist": [1.0087705850601196, 84, 68], "r_shoulder": [0.8933999538421631, 40, 40], "neck": [0.9136947393417358, 40, 52], "l_shoulder": [1.0074379444122314, 40, 64], "r_hip": [0.7501359581947327, 60, 44], "r_knee": [0.7361751198768616, 72, 44], "r_elbow": [0.8512855172157288, 60, 36], "l_hip": [0.768103301525116, 60, 52], "l_ankle": [0.32388997077941895, 69, 52], "l_knee": [0.8320848941802979, 72, 52], "r_wrist": [1.044488787651062, 80, 32]}