{"head": [1.1488767862319946, 28, 48], "r_ankle": [0.16250544786453247, 72, 48], "neck": [1.085699200630188, 40, 48], "l_shoulder": [1.001013159751892, 40, 56], "r_shoulder": [0.9611529111862183, 44, 40], "r_knee": [0.8321074843406677, 72, 44], "l_elbow": [0.900236964225769, 52, 56], "r_elbow": [1.0328220129013062, 52, 36], "l_wrist": [0.889466404914856, 56, 60], "r_wrist": [0.6843340396881104, 56, 36], "r_hip": [0.9448385238647461, 60, 44], "l_hip": [0.9674370288848877, 60, 52], "l_ankle": [0.16418936848640442, 68, 52], "l_knee": [0.8980970978736877, 76, 52]}