{"head": [0.5468212962150574, 56, 56], "l_ankle": [0.0038237720727920532, 24, 16], "r_hip": [0.10288253426551819, 68, 16], "l_knee": [0.006305629387497902, 32, 75], "r_knee": [0.10519273579120636, 52, 36], "l_elbow": [0.4069313406944275, 72, 72], "l_shoulder": [0.30922171473503113, 80, 64], "l_wrist": [0.6359039545059204, 80, 68], "r_shoulder": [0.5448338389396667, 68, 40], "r_wrist": [0.9436577558517456, 80, 32], "l_hip": [0.0024776123464107513, 50, 28], "r_elbow": [0.7145810723304749, 64, 28], "neck": [0.5332658290863037, 76, 52], "r_ankle": [0.007069118320941925, 92, 12]}