{"head": [0.9707143902778625, 20, 52], "r_ankle": [0.5332313179969788, 68, 44], "neck": [0.8477059006690979, 40, 52], "r_shoulder": [0.9860669374465942, 40, 40], "l_shoulder": [0.989984393119812, 40, 64], "r_hip": [0.6471318006515503, 60, 44], "l_hip": [0.6008467078208923, 60, 56], "r_knee": [0.4460337162017822, 66, 44], "r_elbow": [1.0228567123413086, 60, 36], "l_elbow": [0.9161701202392578, 60, 64], "l_knee": [0.5427063703536987, 64, 56], "l_ankle": [0.5413254499435425, 68, 52], "l_wrist": [0.853569507598877, 84, 68], "r_wrist": [1.0114670991897583, 80, 32]}