{"head": [0.5330097079277039, 52, 52], "l_ankle": [0.004357621073722839, 20, 16], "r_hip": [0.024855002760887146, 76, 40], "l_elbow": [0.360044926404953, 76, 68], "l_knee": [0.009767509996891022, 32, 76], "r_knee": [0.041273996233940125, 48, 20], "r_shoulder": [0.5716261267662048, 64, 36], "l_wrist": [0.9316586256027222, 84, 68], "l_shoulder": [0.29522138833999634, 72, 64], "l_hip": [0.0009406879544258118, 60, 76], "neck": [0.44066035747528076, 72, 52], "r_elbow": [0.8384708166122437, 68, 28], "r_wrist": [0.8083544969558716, 80, 32], "r_ankle": [0.006535418331623077, 92, 16]}