{"head": [0.8587853312492371, 24, 52], "l_elbow": [0.8499751687049866, 60, 64], "r_shoulder": [1.0248374938964844, 40, 40], "r_hip": [0.7283029556274414, 56, 44], "neck": [0.8907118439674377, 40, 52], "l_shoulder": [0.9543263912200928, 40, 64], "r_knee": [0.3379565477371216, 68, 48], "l_wrist": [0.9313135147094727, 84, 68], "l_hip": [0.8845522403717041, 56, 56], "r_elbow": [1.058487892150879, 60, 36], "r_ankle": [0.6876341104507446, 68, 44], "l_knee": [0.6999512314796448, 68, 52], "l_ankle": [0.4954332113265991, 72, 52], "r_wrist": [1.021708607673645, 80, 32]}