{"head": [1.0095723867416382, 28, 48], "r_ankle": [0.06802444905042648, 70, 48], "neck": [0.9681484699249268, 40, 48], "r_hip": [0.9052824378013611, 60, 44], "r_shoulder": [1.0633487701416016, 44, 40], "l_shoulder": [0.9876611232757568, 44, 56], "r_knee": [0.8859826922416687, 72, 44], "l_elbow": [0.8503681421279907, 56, 60], "l_wrist": [0.9114062786102295, 72, 60], "r_elbow": [0.8034471273422241, 60, 36], "l_hip": [0.9791578054428101, 60, 52], "r_wrist": [1.0516313314437866, 72, 36], "l_ankle": [0.06925266981124878, 68, 52], "l_knee": [0.9351221323013306, 76, 52]}