{"head": [0.45624345541000366, 56, 56], "l_ankle": [0.004287857562303543, 27, 16], "r_hip": [0.1350342184305191, 68, 16], "r_ankle": [0.008703641593456268, 92, 16], "l_knee": [0.010256223380565643, 56, 72], "r_knee": [0.06619204580783844, 52, 36], "l_elbow": [0.3376866579055786, 68, 72], "l_hip": [0.028567887842655182, 76, 24], "r_wrist": [0.9087471961975098, 80, 32], "l_shoulder": [0.2615651786327362, 76, 64], "l_wrist": [0.6183717250823975, 80, 72], "r_elbow": [0.8365548849105835, 64, 28], "r_shoulder": [0.5154972076416016, 68, 40], "neck": [0.5534607768058777, 76, 52]}