{"head": [0.6510536670684814, 52, 56], "l_knee": [0.010192878544330597, 60, 72], "r_hip": [0.05418333411216736, 72, 20], "r_ankle": [0.006629340350627899, 91, 16], "l_ankle": [7.067620754241943e-05, 20, 16], "r_knee": [0.06152664124965668, 48, 20], "r_elbow": [0.8371817469596863, 68, 28], "r_shoulder": [0.530353307723999, 64, 40], "l_wrist": [0.9914851188659668, 84, 68], "l_shoulder": [0.5309394001960754, 76, 64], "r_wrist": [0.8964097499847412, 80, 32], "l_elbow": [0.6425333023071289, 68, 72], "neck": [0.6305650472640991, 72, 52]}