{"head": [0.8219639658927917, 20, 56], "r_knee": [0.27507084608078003, 64, 44], "r_wrist": [1.0723885297775269, 80, 32], "neck": [0.8588349223136902, 40, 52], "r_shoulder": [0.9855124950408936, 40, 40], "l_shoulder": [1.0029553174972534, 40, 64], "r_hip": [0.6556639671325684, 60, 44], "l_hip": [0.8380269408226013, 60, 56], "r_ankle": [0.6785746812820435, 68, 44], "r_elbow": [1.010160207748413, 60, 36], "l_elbow": [0.8309053778648376, 60, 68], "l_ankle": [0.2811128497123718, 72, 56], "l_knee": [0.9774142503738403, 76, 52], "l_wrist": [0.9695332050323486, 84, 68]}