{"head": [0.9345702528953552, 20, 52], "r_knee": [0.1663801223039627, 65, 41], "l_elbow": [0.8487527966499329, 60, 64], "r_wrist": [0.989572286605835, 80, 32], "r_shoulder": [1.0598267316818237, 40, 40], "neck": [0.9736142158508301, 40, 52], "l_shoulder": [0.9908422231674194, 40, 64], "r_hip": [0.6540866494178772, 56, 44], "r_elbow": [0.9808655977249146, 60, 36], "r_ankle": [0.689936101436615, 68, 44], "l_hip": [0.6775187253952026, 60, 56], "l_knee": [0.536091685295105, 64, 56], "l_ankle": [0.551889955997467, 68, 52], "l_wrist": [0.9395447969436646, 84, 68]}