{"head": [0.768928587436676, 20, 52], "r_ankle": [0.6597257256507874, 68, 44], "r_knee": [0.428674578666687, 65, 44], "l_elbow": [0.8337224125862122, 60, 64], "l_shoulder": [0.9646188020706177, 40, 64], "r_shoulder": [1.0320180654525757, 40, 40], "neck": [0.9559401273727417, 40, 52], "r_hip": [0.7301984429359436, 56, 44], "r_elbow": [1.0660074949264526, 60, 36], "l_hip": [0.6942592859268188, 56, 56], "l_knee": [0.5838986039161682, 64, 56], "l_ankle": [0.6532856822013855, 68, 52], "r_wrist": [1.0139895677566528, 80, 32], "l_wrist": [0.9917663335800171, 84, 68]}