{"head": [1.033775806427002, 20, 52], "r_ankle": [0.6927746534347534, 68, 44], "l_elbow": [0.8552316427230835, 60, 64], "r_shoulder": [1.0276405811309814, 40, 40], "neck": [0.9984054565429688, 40, 52], "l_shoulder": [0.9989957809448242, 40, 64], "r_hip": [0.5437517166137695, 56, 44], "r_knee": [0.3162781596183777, 68, 41], "r_elbow": [1.0054514408111572, 60, 36], "l_wrist": [0.8834488391876221, 84, 68], "l_hip": [0.6858681440353394, 60, 56], "l_knee": [0.4253493547439575, 66, 52], "l_ankle": [0.579764723777771, 68, 52], "r_wrist": [0.9915390014648438, 80, 32]}