{"head": [0.8693748116493225, 32, 52], "r_ankle": [0.0023125559091567993, 92, 16], "r_elbow": [1.0199583768844604, 64, 32], "r_hip": [0.594757616519928, 68, 44], "neck": [0.6516279578208923, 52, 52], "r_knee": [0.17552311718463898, 70, 40], "r_shoulder": [0.8448614478111267, 48, 40], "l_shoulder": [0.707148551940918, 52, 68], "l_hip": [0.531855583190918, 68, 56], "l_elbow": [0.9295755624771118, 64, 68], "l_ankle": [0.04623183608055115, 76, 52], "l_knee": [0.011549286544322968, 72, 63], "r_wrist": [0.8262953758239746, 80, 32], "l_wrist": [1.1222203969955444, 84, 68]}