{"head": [0.6936035752296448, 40, 52], "l_knee": [0.0011012628674507141, 32, 76], "r_shoulder": [0.8328424692153931, 56, 36], "r_elbow": [0.7423325777053833, 68, 28], "r_hip": [0.5108651518821716, 68, 44], "r_knee": [0.028548628091812134, 84, 16], "l_elbow": [1.1391897201538086, 68, 72], "r_wrist": [0.7539557218551636, 80, 32], "neck": [0.6939111351966858, 60, 52], "l_shoulder": [0.8952648639678955, 56, 68], "l_wrist": [1.0387096405029297, 84, 68], "l_hip": [0.5064513087272644, 72, 56], "r_ankle": [0.016105227172374725, 80, 48], "l_ankle": [0.0521697998046875, 76, 52]}