{"head": [1.000062108039856, 20, 52], "r_ankle": [0.6640564203262329, 68, 44], "r_knee": [0.4035184979438782, 64, 44], "r_elbow": [0.9843910932540894, 60, 36], "neck": [0.8442496061325073, 40, 52], "l_wrist": [1.0593674182891846, 84, 68], "r_shoulder": [0.9785361289978027, 40, 40], "l_shoulder": [1.0102523565292358, 40, 64], "r_hip": [0.7007312178611755, 56, 44], "l_hip": [0.7965757250785828, 56, 56], "l_elbow": [0.8682478666305542, 60, 64], "l_knee": [0.7022761106491089, 64, 56], "r_wrist": [1.091458797454834, 80, 32], "l_ankle": [0.40669184923171997, 68, 52]}