{"head": [0.9729556441307068, 20, 52], "r_knee": [0.395439088344574, 65, 44], "r_wrist": [1.0271742343902588, 80, 32], "l_elbow": [0.9235715866088867, 60, 64], "neck": [0.934517502784729, 40, 52], "r_shoulder": [0.9950734376907349, 40, 40], "l_shoulder": [0.9966222047805786, 40, 64], "r_hip": [0.635373055934906, 56, 44], "r_elbow": [1.0126711130142212, 60, 36], "l_hip": [0.6074848175048828, 60, 52], "r_ankle": [0.6455108523368835, 68, 44], "l_knee": [0.5153218507766724, 64, 56], "l_ankle": [0.5938453078269958, 68, 52], "l_wrist": [0.8814213275909424, 84, 68]}