{"head": [1.138468623161316, 28, 48], "r_ankle": [0.15110519528388977, 68, 32], "neck": [1.146992802619934, 40, 48], "r_shoulder": [0.9979851245880127, 44, 40], "l_shoulder": [1.0120131969451904, 44, 56], "r_knee": [0.6728649735450745, 76, 44], "l_elbow": [1.0420411825180054, 52, 60], "r_elbow": [0.8322721719741821, 52, 36], "r_hip": [0.719739556312561, 60, 44], "l_hip": [0.764417827129364, 60, 52], "l_wrist": [0.7653417587280273, 60, 56], "r_wrist": [0.9576069116592407, 64, 40], "l_ankle": [0.1613447070121765, 68, 52], "l_knee": [0.7916069030761719, 72, 52]}