{"head": [0.45948898792266846, 56, 52], "l_knee": [0.008549384772777557, 56, 72], "r_hip": [0.09316620230674744, 68, 16], "l_ankle": [0.005027011036872864, 24, 20], "r_ankle": [0.00697706826031208, 91, 16], "l_elbow": [0.40485501289367676, 64, 68], "r_knee": [0.06538026034832001, 48, 20], "l_wrist": [0.9067220687866211, 84, 68], "r_shoulder": [0.5232206583023071, 64, 36], "l_shoulder": [0.43181777000427246, 76, 64], "r_elbow": [0.8637599945068359, 68, 28], "neck": [0.5874951481819153, 76, 52], "r_wrist": [0.7465685606002808, 80, 32]}