{"head": [0.7631319761276245, 32, 52], "r_elbow": [1.048604965209961, 64, 32], "r_hip": [0.6655654311180115, 68, 44], "r_knee": [0.02072732150554657, 72, 38], "r_shoulder": [0.851451575756073, 48, 40], "neck": [0.6651663780212402, 52, 52], "l_hip": [0.6841097474098206, 68, 60], "l_shoulder": [0.8848512172698975, 52, 68], "l_elbow": [0.7790467143058777, 68, 68], "l_knee": [0.004100695252418518, 76, 80], "r_wrist": [0.8821790218353271, 80, 32], "l_ankle": [0.0214051753282547, 76, 52], "r_ankle": [0.010137900710105896, 76, 49], "l_wrist": [1.1220054626464844, 84, 68]}