{"head": [0.985322892665863, 20, 52], "r_ankle": [0.6103187203407288, 68, 44], "l_elbow": [0.848238468170166, 60, 64], "r_wrist": [1.0160802602767944, 80, 32], "neck": [0.9035145044326782, 40, 52], "r_shoulder": [0.9894661903381348, 40, 40], "l_shoulder": [0.9898558855056763, 40, 64], "r_hip": [0.6286484599113464, 56, 44], "r_knee": [0.41095709800720215, 65, 44], "r_elbow": [1.0252243280410767, 60, 36], "l_hip": [0.6616485118865967, 60, 56], "l_wrist": [0.8956615924835205, 84, 68], "l_knee": [0.49402523040771484, 68, 56], "l_ankle": [0.5929250121116638, 68, 52]}