{"head": [0.9773535132408142, 20, 52], "r_ankle": [0.7270838618278503, 68, 44], "r_knee": [0.2211061418056488, 66, 41], "r_elbow": [0.9841512441635132, 60, 36], "l_elbow": [0.8100598454475403, 60, 68], "neck": [0.9580867290496826, 40, 52], "r_shoulder": [1.0488865375518799, 40, 40], "l_shoulder": [1.0090184211730957, 40, 64], "r_hip": [0.6176332831382751, 56, 44], "l_hip": [0.6842709183692932, 60, 56], "l_knee": [0.48078805208206177, 64, 56], "l_ankle": [0.6139350533485413, 68, 52], "l_wrist": [0.8953518867492676, 84, 68], "r_wrist": [1.016667366027832, 80, 32]}