{"head": [0.8553326725959778, 16, 52], "r_ankle": [0.7074732184410095, 68, 44], "r_knee": [0.40911275148391724, 64, 44], "neck": [0.8413238525390625, 36, 52], "r_shoulder": [0.9564727544784546, 40, 40], "l_shoulder": [0.9902243614196777, 40, 64], "r_hip": [0.6868464350700378, 60, 44], "r_elbow": [1.0328761339187622, 60, 36], "l_wrist": [1.0127071142196655, 84, 68], "l_hip": [0.8315712213516235, 60, 56], "l_elbow": [0.8854507207870483, 60, 68], "l_ankle": [0.44744545221328735, 72, 56], "l_knee": [0.9119913578033447, 76, 52], "r_wrist": [1.0753099918365479, 80, 32]}