{"head": [0.5691767930984497, 48, 56], "l_ankle": [0.042919695377349854, 80, 52], "l_knee": [0.007514849305152893, 16, 16], "r_hip": [0.3999824523925781, 72, 44], "r_knee": [0.03165346384048462, 84, 16], "r_shoulder": [0.9770534038543701, 60, 36], "l_shoulder": [0.7982121109962463, 64, 68], "neck": [0.714998185634613, 68, 52], "r_elbow": [0.9378975629806519, 68, 28], "l_elbow": [0.9799920320510864, 72, 72], "l_hip": [0.44253620505332947, 76, 56], "r_wrist": [0.8291829824447632, 80, 32], "l_wrist": [1.0620743036270142, 84, 68], "r_ankle": [0.005882278084754944, 80, 48]}