{"head": [0.7627356052398682, 24, 52], "r_ankle": [0.7601035237312317, 68, 44], "r_shoulder": [1.0090452432632446, 40, 40], "neck": [0.9849056005477905, 40, 52], "l_shoulder": [1.001125454902649, 40, 64], "r_hip": [0.7841858863830566, 56, 44], "r_knee": [0.27378299832344055, 64, 42], "r_elbow": [1.0312402248382568, 60, 36], "l_hip": [0.773124635219574, 56, 56], "l_elbow": [0.8847835063934326, 60, 64], "l_knee": [0.6486254334449768, 64, 56], "l_ankle": [0.6625091433525085, 68, 52], "l_wrist": [0.9573640823364258, 84, 68], "r_wrist": [1.03033447265625, 80, 32]}