{"head": [0.7785478830337524, 32, 52], "r_ankle": [0.014843501150608063, 76, 46], "l_knee": [0.31542375683784485, 72, 56], "r_elbow": [1.0196216106414795, 64, 32], "r_hip": [0.4618834853172302, 64, 44], "r_shoulder": [0.7117049098014832, 48, 40], "neck": [0.6841325163841248, 48, 52], "r_knee": [0.43364810943603516, 68, 44], "l_shoulder": [0.8861287832260132, 48, 64], "l_hip": [0.48575326800346375, 64, 56], "l_elbow": [1.020809531211853, 64, 68], "l_ankle": [0.12714308500289917, 73, 52], "r_wrist": [0.8649909496307373, 84, 32], "l_wrist": [1.109107494354248, 84, 68]}