{"head": [0.8369771242141724, 32, 48], "r_ankle": [0.17852038145065308, 72, 48], "r_elbow": [0.7992479205131531, 64, 36], "neck": [0.8814830780029297, 44, 48], "l_shoulder": [0.8861960172653198, 48, 60], "r_hip": [0.9013617038726807, 60, 44], "r_shoulder": [0.820264995098114, 48, 40], "r_knee": [0.7938429713249207, 72, 44], "l_wrist": [0.9013030529022217, 80, 68], "l_hip": [0.9411263465881348, 60, 52], "l_elbow": [0.9758480787277222, 64, 64], "l_ankle": [0.11320062726736069, 70, 48], "l_knee": [0.9349958896636963, 72, 52], "r_wrist": [1.030202865600586, 80, 32]}