{"head": [0.8156622052192688, 24, 52], "r_ankle": [0.751429557800293, 68, 44], "r_elbow": [0.9278948307037354, 60, 36], "neck": [0.9424459934234619, 40, 52], "r_shoulder": [0.9345560073852539, 40, 40], "l_shoulder": [1.0551176071166992, 40, 64], "r_hip": [0.8533067107200623, 56, 44], "r_knee": [0.45409518480300903, 64, 44], "l_hip": [0.7714378833770752, 56, 56], "l_wrist": [0.9773725271224976, 84, 68], "l_elbow": [0.8703358173370361, 60, 64], "l_knee": [0.6722269654273987, 64, 56], "l_ankle": [0.5229191780090332, 68, 52], "r_wrist": [1.0778888463974, 80, 32]}