{"head": [0.8475579023361206, 24, 52], "l_elbow": [0.778397262096405, 60, 64], "r_shoulder": [1.0163558721542358, 40, 40], "r_hip": [0.743500292301178, 56, 44], "neck": [0.883016049861908, 40, 52], "l_shoulder": [0.9032495021820068, 40, 64], "r_knee": [0.16369573771953583, 60, 20], "r_ankle": [0.5558656454086304, 68, 44], "r_elbow": [1.0726391077041626, 60, 36], "l_wrist": [0.9564769268035889, 84, 68], "l_hip": [0.756384015083313, 56, 56], "l_ankle": [0.159915491938591, 68, 50], "l_knee": [0.877293586730957, 72, 52], "r_wrist": [1.0467978715896606, 80, 32]}