{"head": [1.011246681213379, 28, 48], "r_ankle": [0.16866588592529297, 72, 48], "neck": [1.0312304496765137, 40, 48], "r_shoulder": [1.0596532821655273, 44, 40], "l_shoulder": [1.0165153741836548, 44, 56], "r_knee": [0.7760571837425232, 72, 44], "r_elbow": [0.844183087348938, 56, 36], "l_elbow": [0.9811738729476929, 56, 60], "r_hip": [0.9126136302947998, 60, 44], "l_hip": [0.9176247119903564, 60, 52], "r_wrist": [0.9750021696090698, 72, 36], "l_wrist": [0.9091380834579468, 72, 60], "l_ankle": [0.07908816635608673, 68, 52], "l_knee": [0.9562016725540161, 76, 52]}