{"head": [0.9785369038581848, 20, 52], "r_ankle": [0.5983324646949768, 68, 44], "r_wrist": [1.0147250890731812, 80, 32], "l_elbow": [0.877387523651123, 60, 64], "neck": [0.9243886470794678, 40, 52], "r_shoulder": [0.9858298301696777, 40, 40], "l_shoulder": [0.9836980104446411, 40, 64], "r_hip": [0.6372547149658203, 56, 44], "r_knee": [0.41796690225601196, 65, 44], "r_elbow": [1.0285600423812866, 60, 36], "l_hip": [0.6625092625617981, 60, 56], "l_wrist": [0.9286035299301147, 84, 68], "l_knee": [0.4821837544441223, 68, 54], "l_ankle": [0.5783323645591736, 68, 52]}