{"head": [0.8559227585792542, 24, 52], "r_ankle": [0.10901064425706863, 76, 48], "r_elbow": [0.8010020852088928, 60, 32], "l_wrist": [0.9982820749282837, 84, 68], "r_shoulder": [0.8866397142410278, 40, 40], "neck": [0.8010671734809875, 40, 52], "l_shoulder": [0.8852263689041138, 40, 64], "r_hip": [0.787175178527832, 60, 44], "r_knee": [0.7344669699668884, 72, 44], "l_hip": [0.8111779093742371, 60, 52], "l_elbow": [0.9387003183364868, 60, 64], "l_ankle": [0.34412631392478943, 72, 49], "l_knee": [0.8810973763465881, 72, 52], "r_wrist": [1.0138336420059204, 80, 32]}