{"head": [0.981349766254425, 24, 48], "l_elbow": [0.9299558401107788, 60, 64], "l_wrist": [0.9722753763198853, 84, 68], "r_shoulder": [0.915560245513916, 40, 36], "neck": [0.9360963106155396, 40, 48], "l_shoulder": [0.9100488424301147, 40, 60], "r_hip": [0.7630475163459778, 60, 40], "r_knee": [0.7256110310554504, 76, 44], "r_elbow": [1.0603094100952148, 60, 32], "l_hip": [0.902517557144165, 60, 52], "l_ankle": [0.29219040274620056, 72, 48], "r_ankle": [0.07382870465517044, 68, 44], "l_knee": [0.910743236541748, 72, 52], "r_wrist": [1.028916597366333, 84, 32]}