{"head": [0.8823553919792175, 20, 52], "r_ankle": [0.68707275390625, 68, 44], "r_knee": [0.31053832173347473, 64, 43], "r_elbow": [1.035686731338501, 60, 36], "l_elbow": [0.8366541862487793, 60, 64], "r_shoulder": [1.0323164463043213, 40, 40], "neck": [0.9671205282211304, 40, 52], "l_shoulder": [0.977645754814148, 40, 64], "r_hip": [0.7209590077400208, 56, 44], "l_hip": [0.6651407480239868, 60, 56], "l_knee": [0.5799102187156677, 64, 56], "l_ankle": [0.6617551445960999, 68, 52], "l_wrist": [0.9568852186203003, 84, 68], "r_wrist": [0.9966468811035156, 80, 32]}