{"head": [1.145645022392273, 28, 48], "r_ankle": [0.10436660796403885, 68, 32], "neck": [1.1466777324676514, 40, 48], "r_shoulder": [1.0300220251083374, 44, 40], "l_shoulder": [1.0211154222488403, 44, 56], "r_knee": [0.7128438949584961, 76, 44], "r_elbow": [0.8487516641616821, 52, 36], "l_elbow": [1.0016493797302246, 52, 60], "r_hip": [0.7651576399803162, 60, 44], "l_hip": [0.7990708351135254, 60, 52], "l_wrist": [0.7729885578155518, 64, 56], "r_wrist": [0.9667901992797852, 64, 40], "l_knee": [0.8392142653465271, 76, 52], "l_ankle": [0.17943787574768066, 68, 52]}