{"head": [0.8072580695152283, 24, 52], "l_elbow": [1.0103131532669067, 64, 68], "r_shoulder": [0.8613408207893372, 40, 40], "neck": [0.8827900290489197, 44, 52], "l_shoulder": [0.9241821765899658, 44, 64], "r_hip": [0.520285964012146, 64, 40], "r_knee": [0.48073965311050415, 68, 40], "r_elbow": [0.816594660282135, 60, 32], "r_ankle": [0.1363225281238556, 68, 28], "l_wrist": [1.101101040840149, 84, 68], "l_hip": [0.6437756419181824, 64, 56], "l_knee": [0.4828014373779297, 64, 60], "l_ankle": [0.538504421710968, 72, 52], "r_wrist": [0.9093878269195557, 80, 32]}