{"head": [0.57574462890625, 56, 56], "r_hip": [0.12725748121738434, 68, 16], "l_ankle": [0.004403859376907349, 28, 16], "r_ankle": [0.009418211877346039, 92, 12], "l_knee": [0.013098301365971565, 57, 72], "r_knee": [0.042306944727897644, 52, 36], "l_elbow": [0.4073788523674011, 68, 72], "l_shoulder": [0.31666460633277893, 76, 64], "r_shoulder": [0.533180832862854, 68, 40], "l_wrist": [0.6373488903045654, 80, 72], "l_hip": [0.02482803910970688, 76, 24], "r_wrist": [0.8712964057922363, 80, 32], "r_elbow": [0.8103448152542114, 64, 28], "neck": [0.5393276214599609, 76, 52]}