{"head": [0.5326518416404724, 56, 56], "l_knee": [0.01436690241098404, 56, 72], "l_ankle": [0.005218997597694397, 24, 16], "r_hip": [0.13148151338100433, 68, 16], "r_ankle": [0.008396796882152557, 92, 12], "r_knee": [0.06783856451511383, 52, 36], "l_elbow": [0.4869610071182251, 68, 72], "l_wrist": [0.7429587841033936, 84, 68], "l_hip": [0.02353813499212265, 76, 24], "l_shoulder": [0.4088730216026306, 76, 64], "r_wrist": [0.9268171787261963, 80, 32], "r_elbow": [0.7761361002922058, 64, 28], "r_shoulder": [0.5940064787864685, 68, 40], "neck": [0.5613357424736023, 76, 52]}