{"head": [0.8876754641532898, 20, 52], "r_ankle": [0.6618202328681946, 68, 44], "r_knee": [0.33074647188186646, 64, 45], "r_elbow": [0.9594494104385376, 60, 36], "r_shoulder": [0.9627761840820312, 40, 40], "neck": [0.8679397106170654, 40, 52], "l_shoulder": [0.997840166091919, 40, 64], "r_hip": [0.8053423762321472, 56, 44], "l_hip": [0.8667147159576416, 56, 56], "l_elbow": [0.8665546774864197, 60, 64], "l_wrist": [1.049436092376709, 84, 68], "l_knee": [0.620340883731842, 64, 56], "l_ankle": [0.3785230815410614, 68, 51], "r_wrist": [1.0717647075653076, 80, 32]}