{"head": [0.8818419575691223, 24, 48], "l_wrist": [0.8704538345336914, 84, 68], "r_shoulder": [0.9615820646286011, 40, 36], "neck": [0.9509875774383545, 40, 48], "l_knee": [0.9049573540687561, 72, 52], "l_shoulder": [0.9102429151535034, 40, 60], "r_knee": [0.7994973659515381, 76, 44], "r_elbow": [0.9508504867553711, 60, 32], "r_hip": [0.748956024646759, 60, 44], "l_hip": [0.9151873588562012, 60, 52], "r_ankle": [0.06487799435853958, 68, 44], "l_elbow": [0.8627752661705017, 60, 64], "l_ankle": [0.2003268003463745, 72, 48], "r_wrist": [1.0696905851364136, 84, 32]}