{"head": [0.9411986470222473, 20, 52], "r_ankle": [0.5662900805473328, 68, 44], "r_knee": [0.40186160802841187, 65, 44], "r_wrist": [0.969280481338501, 80, 32], "l_wrist": [0.883908748626709, 84, 68], "neck": [0.8740900158882141, 40, 52], "r_shoulder": [0.9918608665466309, 40, 40], "l_shoulder": [0.9886728525161743, 40, 64], "r_hip": [0.6316015720367432, 56, 44], "r_elbow": [1.042783260345459, 60, 36], "l_hip": [0.6406314373016357, 60, 56], "l_elbow": [0.8872462511062622, 60, 64], "l_knee": [0.49769240617752075, 64, 56], "l_ankle": [0.5537225008010864, 68, 52]}