{"head": [0.918328583240509, 32, 48], "r_ankle": [0.14911389350891113, 72, 48], "r_elbow": [0.7933176159858704, 64, 32], "r_shoulder": [0.8720096349716187, 44, 40], "l_hip": [0.9079400300979614, 60, 52], "l_shoulder": [0.8257037401199341, 48, 60], "neck": [0.7030867338180542, 48, 48], "r_knee": [0.7265136241912842, 72, 44], "l_wrist": [1.0059168338775635, 84, 68], "r_hip": [0.8095816373825073, 60, 44], "l_elbow": [0.9149284362792969, 64, 64], "l_ankle": [0.09657136350870132, 70, 48], "l_knee": [0.9565706253051758, 72, 52], "r_wrist": [1.0887653827667236, 84, 32]}