{"head": [0.9647181630134583, 20, 52], "r_ankle": [0.6350740790367126, 68, 44], "r_knee": [0.3336402475833893, 64, 45], "r_elbow": [0.9640902280807495, 60, 36], "neck": [0.8819603323936462, 40, 52], "l_wrist": [1.0294508934020996, 84, 68], "r_shoulder": [0.9884800910949707, 40, 40], "l_shoulder": [0.9905109405517578, 40, 64], "r_hip": [0.7788780927658081, 56, 44], "l_hip": [0.8069284558296204, 56, 56], "l_elbow": [0.8551427125930786, 60, 64], "l_knee": [0.6230624318122864, 64, 56], "l_ankle": [0.4186239242553711, 68, 52], "r_wrist": [1.082426905632019, 80, 32]}