{"head": [0.778459370136261, 20, 48], "l_wrist": [0.9014476537704468, 84, 68], "r_shoulder": [0.9954955577850342, 40, 36], "neck": [0.9115034341812134, 40, 48], "l_shoulder": [0.892554521560669, 40, 60], "l_elbow": [0.9196817874908447, 60, 64], "r_knee": [0.7745409607887268, 72, 40], "r_elbow": [1.0147128105163574, 60, 32], "r_hip": [0.8000432252883911, 60, 40], "l_hip": [0.7705869078636169, 60, 52], "l_knee": [0.7727816700935364, 68, 52], "r_ankle": [0.1435103416442871, 68, 44], "r_wrist": [1.0129117965698242, 84, 32], "l_ankle": [0.5425930023193359, 72, 52]}