{"head": [0.5839963555335999, 52, 56], "l_knee": [0.01147631648927927, 50, 25], "r_hip": [0.12261772155761719, 68, 16], "l_ankle": [0.004779025912284851, 24, 16], "r_shoulder": [0.5667876601219177, 64, 40], "l_shoulder": [0.5041002631187439, 76, 64], "r_knee": [0.03678460419178009, 84, 16], "l_elbow": [0.44978177547454834, 72, 72], "r_elbow": [0.779469907283783, 68, 28], "l_hip": [0.007106997072696686, 52, 25], "neck": [0.6347126960754395, 72, 52], "r_wrist": [0.9372009038925171, 80, 32], "l_wrist": [0.7292217016220093, 84, 68], "r_ankle": [0.0075760334730148315, 92, 12]}