{"head": [0.5422346591949463, 56, 56], "l_ankle": [0.003481343388557434, 24, 16], "r_hip": [0.10044242441654205, 68, 16], "r_knee": [0.09214775264263153, 52, 36], "l_knee": [0.004943998530507088, 32, 75], "l_elbow": [0.40685051679611206, 72, 72], "l_shoulder": [0.32049915194511414, 80, 64], "r_shoulder": [0.5428642630577087, 68, 40], "r_wrist": [0.9371378421783447, 80, 32], "r_elbow": [0.7114593386650085, 68, 28], "neck": [0.5403616428375244, 76, 52], "l_wrist": [0.63840651512146, 80, 68], "l_hip": [0.0018281936645507812, 84, 84], "r_ankle": [0.007166333496570587, 92, 12]}