{"head": [0.8510745763778687, 20, 52], "r_ankle": [0.6929478645324707, 68, 44], "r_elbow": [1.0079594850540161, 60, 36], "r_shoulder": [0.9656734466552734, 40, 40], "neck": [0.8806215524673462, 40, 52], "l_shoulder": [0.9710913896560669, 40, 64], "r_hip": [0.7860848903656006, 56, 44], "r_knee": [0.33310461044311523, 64, 43], "l_elbow": [0.8547919988632202, 60, 64], "l_hip": [0.8005316257476807, 56, 56], "l_knee": [0.6157974004745483, 68, 56], "l_ankle": [0.5843528509140015, 68, 52], "l_wrist": [1.0569603443145752, 84, 68], "r_wrist": [1.0748100280761719, 80, 32]}