{"head": [1.0314449071884155, 20, 52], "r_ankle": [0.7088261842727661, 68, 44], "r_knee": [0.30391037464141846, 68, 41], "l_elbow": [0.8849213123321533, 60, 64], "r_shoulder": [1.0232975482940674, 40, 40], "neck": [0.9902182817459106, 40, 52], "l_shoulder": [1.0039429664611816, 40, 64], "r_hip": [0.6183221936225891, 56, 44], "r_elbow": [1.0165815353393555, 60, 36], "l_wrist": [0.8626405000686646, 84, 68], "l_hip": [0.7039850354194641, 60, 56], "l_knee": [0.4623175859451294, 64, 52], "l_ankle": [0.6218599677085876, 68, 52], "r_wrist": [0.9918843507766724, 80, 32]}