{"head": [0.9076703190803528, 20, 48], "l_wrist": [0.7712417840957642, 80, 68], "r_shoulder": [0.9573603868484497, 40, 36], "neck": [0.9276385307312012, 40, 48], "l_shoulder": [0.9026970863342285, 40, 60], "r_knee": [0.8190905451774597, 72, 44], "r_wrist": [0.7248622179031372, 56, 48], "r_elbow": [0.8541061878204346, 56, 36], "r_hip": [0.4989472031593323, 64, 40], "r_ankle": [0.08307654410600662, 68, 32], "l_elbow": [0.9689620733261108, 60, 64], "l_hip": [0.4286690056324005, 64, 48], "l_ankle": [0.27956297993659973, 72, 52], "l_knee": [0.012263953685760498, 68, 64]}