{"head": [0.9107511639595032, 20, 52], "r_ankle": [0.7518988251686096, 68, 44], "r_elbow": [0.9787341356277466, 60, 36], "r_shoulder": [0.9640400409698486, 40, 40], "neck": [1.0033559799194336, 40, 52], "l_shoulder": [0.9967520236968994, 40, 64], "r_hip": [0.6382915377616882, 60, 44], "r_knee": [0.3498140573501587, 60, 20], "l_hip": [0.6912042498588562, 60, 52], "l_elbow": [0.9266762733459473, 60, 64], "l_knee": [0.4361254572868347, 64, 56], "l_ankle": [0.6140304803848267, 68, 52], "r_wrist": [0.9691563844680786, 80, 32], "l_wrist": [0.9082514047622681, 84, 68]}