{"head": [0.9495651125907898, 12, 52], "r_ankle": [0.09871979802846909, 72, 48], "r_wrist": [1.099652886390686, 80, 32], "r_hip": [0.7678096890449524, 60, 44], "r_shoulder": [0.7955395579338074, 40, 40], "neck": [0.9278666973114014, 36, 52], "l_shoulder": [0.7571579813957214, 36, 68], "l_elbow": [0.562264621257782, 60, 68], "l_wrist": [0.1882026195526123, 72, 68], "r_knee": [0.8787962198257446, 72, 40], "l_hip": [0.7925352454185486, 60, 56], "r_elbow": [1.1089919805526733, 60, 36], "l_ankle": [0.2531685531139374, 88, 76], "l_knee": [0.9493907690048218, 76, 52]}