{"head": [0.8465390801429749, 24, 52], "r_shoulder": [1.0168251991271973, 40, 40], "neck": [0.9307670593261719, 40, 52], "l_shoulder": [0.9987592697143555, 40, 64], "r_hip": [0.7111009955406189, 56, 44], "r_knee": [0.3343992829322815, 68, 48], "r_elbow": [1.0301216840744019, 60, 36], "l_wrist": [0.9279881715774536, 84, 68], "l_hip": [0.8803601861000061, 56, 56], "l_elbow": [0.8767856955528259, 60, 64], "l_knee": [0.560380220413208, 64, 52], "r_ankle": [0.6772672533988953, 68, 44], "l_ankle": [0.33714771270751953, 70, 52], "r_wrist": [1.0242379903793335, 80, 32]}