{"head": [0.6107239723205566, 44, 56], "l_knee": [0.01341313123703003, 56, 72], "l_ankle": [0.023967981338500977, 80, 52], "r_hip": [0.43898308277130127, 72, 44], "r_knee": [0.02609136700630188, 84, 16], "r_shoulder": [0.8446740508079529, 56, 36], "neck": [0.747706949710846, 64, 52], "l_shoulder": [0.7051087617874146, 60, 68], "l_hip": [0.5137183666229248, 72, 56], "r_elbow": [1.091194748878479, 68, 32], "l_elbow": [1.020017385482788, 68, 72], "r_wrist": [0.862372636795044, 80, 32], "l_wrist": [1.089363694190979, 84, 68], "r_ankle": [0.0018025264143943787, 88, 40]}