{"head": [0.9873993992805481, 20, 52], "r_ankle": [0.7047166228294373, 68, 44], "r_knee": [0.24581648409366608, 68, 40], "l_elbow": [0.8453778624534607, 60, 64], "r_shoulder": [1.0266518592834473, 40, 40], "neck": [0.991956353187561, 40, 52], "l_shoulder": [1.008879542350769, 40, 64], "r_hip": [0.5359289646148682, 60, 44], "r_elbow": [0.9973174333572388, 60, 36], "l_wrist": [0.8942716121673584, 84, 68], "l_hip": [0.6941615343093872, 60, 56], "l_knee": [0.46742671728134155, 66, 52], "l_ankle": [0.599376380443573, 68, 52], "r_wrist": [0.9974267482757568, 80, 32]}