{"head": [0.9702447056770325, 20, 52], "r_ankle": [0.5823258757591248, 68, 44], "neck": [0.8727397322654724, 40, 52], "r_shoulder": [0.9812703132629395, 40, 40], "l_shoulder": [1.004000186920166, 40, 64], "r_hip": [0.6418761014938354, 60, 44], "r_knee": [0.4411160349845886, 65, 44], "l_hip": [0.6157010197639465, 60, 56], "r_elbow": [1.0445276498794556, 60, 36], "l_elbow": [0.9370683431625366, 60, 64], "l_knee": [0.5425858497619629, 64, 56], "l_ankle": [0.5862308740615845, 68, 52], "r_wrist": [0.9837414026260376, 80, 32], "l_wrist": [0.8767331838607788, 84, 68]}