{"head": [0.46477943658828735, 56, 52], "l_ankle": [0.005497083067893982, 24, 16], "l_knee": [0.009499132633209229, 56, 72], "r_knee": [0.06255897879600525, 48, 20], "r_hip": [0.06211426854133606, 72, 20], "r_ankle": [0.0071299709379673, 91, 16], "l_elbow": [0.40636688470840454, 64, 68], "l_hip": [0.01136469841003418, 56, 60], "l_shoulder": [0.42546743154525757, 76, 64], "l_wrist": [0.8858993053436279, 84, 68], "r_shoulder": [0.5552735328674316, 64, 36], "r_elbow": [0.8176414966583252, 68, 28], "neck": [0.5331049561500549, 72, 52], "r_wrist": [0.8157936334609985, 80, 32]}