{"head": [0.8405420184135437, 20, 52], "r_ankle": [0.6316822171211243, 68, 44], "l_elbow": [0.8713520765304565, 60, 64], "r_shoulder": [1.0316383838653564, 40, 40], "neck": [0.936508059501648, 40, 52], "l_shoulder": [0.9795659780502319, 40, 64], "r_hip": [0.750243067741394, 56, 44], "r_knee": [0.43440043926239014, 65, 44], "r_elbow": [1.072912335395813, 60, 36], "l_hip": [0.6986167430877686, 56, 56], "l_knee": [0.6478424072265625, 64, 56], "l_ankle": [0.6492900848388672, 68, 52], "r_wrist": [1.0170117616653442, 80, 32], "l_wrist": [0.9538886547088623, 84, 68]}