{"head": [0.5403239130973816, 56, 56], "l_ankle": [0.0031333863735198975, 20, 16], "l_knee": [0.013949893414974213, 56, 72], "r_hip": [0.14563901722431183, 68, 16], "r_ankle": [0.0072979554533958435, 92, 12], "l_elbow": [0.3381034731864929, 72, 72], "r_knee": [0.0568019300699234, 48, 20], "r_wrist": [0.9451253414154053, 80, 32], "r_elbow": [0.7463536262512207, 68, 28], "neck": [0.5878663659095764, 76, 52], "r_shoulder": [0.5271887183189392, 64, 40], "l_hip": [0.002474382519721985, 52, 28], "l_wrist": [0.8439178466796875, 84, 68], "l_shoulder": [0.342938631772995, 76, 64]}