{"head": [0.6252267360687256, 40, 56], "l_knee": [0.0034543052315711975, 76, 80], "l_elbow": [1.0066115856170654, 68, 72], "r_hip": [0.4365460276603699, 72, 44], "r_knee": [0.029892757534980774, 84, 16], "r_wrist": [0.7738652229309082, 80, 32], "neck": [0.6752071380615234, 60, 52], "r_shoulder": [0.9401307106018066, 56, 36], "l_shoulder": [0.8744022250175476, 60, 68], "l_wrist": [1.0481266975402832, 84, 68], "r_elbow": [0.824253261089325, 64, 28], "l_hip": [0.5501184463500977, 72, 56], "l_ankle": [0.028749749064445496, 80, 52], "r_ankle": [0.004888981580734253, 90, 12]}