{"head": [0.5908145904541016, 48, 52], "l_knee": [0.006680086255073547, 32, 72], "r_hip": [0.04947204887866974, 76, 44], "r_ankle": [0.005912028253078461, 80, 48], "r_knee": [0.02922266721725464, 48, 20], "l_shoulder": [0.5258837342262268, 64, 68], "l_wrist": [1.044734239578247, 84, 68], "r_shoulder": [0.8477786183357239, 60, 36], "neck": [0.657821774482727, 68, 52], "l_hip": [0.007286392152309418, 80, 60], "r_elbow": [0.848522424697876, 68, 28], "l_elbow": [0.6775771379470825, 72, 72], "r_wrist": [0.8698936700820923, 80, 32], "l_ankle": [0.0019583553075790405, 84, 80]}