{"head": [0.9662907719612122, 20, 52], "r_ankle": [0.5889651775360107, 68, 44], "r_knee": [0.45554739236831665, 66, 44], "r_wrist": [1.0276029109954834, 80, 32], "l_elbow": [0.8921046853065491, 60, 64], "neck": [0.9281848669052124, 40, 52], "r_shoulder": [0.9909472465515137, 40, 40], "l_shoulder": [0.9943087100982666, 40, 64], "r_hip": [0.6319950222969055, 56, 44], "r_elbow": [1.0430727005004883, 60, 36], "l_hip": [0.6472219824790955, 60, 56], "l_wrist": [0.9080528020858765, 84, 68], "l_knee": [0.5163581371307373, 68, 56], "l_ankle": [0.5778285264968872, 68, 52]}