{"head": [0.8389720916748047, 24, 52], "r_elbow": [0.9079679250717163, 64, 32], "neck": [0.719158411026001, 48, 52], "r_shoulder": [0.9589954614639282, 44, 40], "r_hip": [0.4898848533630371, 64, 40], "l_shoulder": [0.7428795695304871, 44, 64], "r_knee": [0.4473097324371338, 68, 44], "r_ankle": [0.02263093739748001, 72, 28], "l_hip": [0.6300634145736694, 64, 56], "l_knee": [0.42852693796157837, 68, 60], "l_elbow": [1.0249626636505127, 64, 68], "l_ankle": [0.37215137481689453, 72, 52], "r_wrist": [0.8724318742752075, 80, 32], "l_wrist": [1.0907330513000488, 84, 68]}