{"head": [0.9191710352897644, 20, 48], "r_elbow": [0.9634150266647339, 56, 36], "l_wrist": [0.7758885622024536, 80, 68], "neck": [0.8245760202407837, 40, 48], "r_shoulder": [0.8846997022628784, 40, 36], "l_shoulder": [0.9379194974899292, 40, 60], "r_wrist": [0.867114782333374, 48, 48], "r_knee": [0.8762564063072205, 72, 44], "l_elbow": [0.8557270765304565, 60, 64], "r_ankle": [0.08859660476446152, 72, 48], "r_hip": [0.5118587613105774, 60, 44], "l_hip": [0.5017297267913818, 64, 52], "l_ankle": [0.15308445692062378, 72, 52], "l_knee": [0.001438833773136139, 68, 68]}