{"head": [0.4671275019645691, 48, 56], "l_knee": [0.0039432477205991745, 32, 75], "r_hip": [0.07665924727916718, 76, 44], "l_ankle": [0.017431512475013733, 84, 60], "r_knee": [0.02926640212535858, 84, 16], "l_elbow": [0.5581557750701904, 68, 72], "r_wrist": [0.8878556489944458, 80, 32], "l_wrist": [1.0283362865447998, 84, 68], "r_shoulder": [0.9432715177536011, 60, 36], "l_shoulder": [0.5804636478424072, 68, 68], "l_hip": [0.011894159018993378, 80, 60], "r_elbow": [0.9000248908996582, 68, 28], "neck": [0.6246722340583801, 68, 52]}