{"head": [0.6267194747924805, 40, 56], "l_knee": [0.0033456161618232727, 76, 80], "l_elbow": [1.0062754154205322, 68, 72], "r_hip": [0.4341614246368408, 72, 44], "r_knee": [0.029937848448753357, 84, 16], "r_wrist": [0.7752057313919067, 80, 32], "neck": [0.6750328540802002, 60, 52], "r_shoulder": [0.9378466606140137, 56, 36], "l_shoulder": [0.8746413588523865, 60, 68], "l_wrist": [1.0479525327682495, 84, 68], "r_elbow": [0.8245820999145508, 64, 28], "l_hip": [0.5502734184265137, 72, 56], "l_ankle": [0.028505399823188782, 80, 52], "r_ankle": [0.004852265119552612, 90, 12]}