{"head": [0.7485209703445435, 52, 56], "l_knee": [0.01010899804532528, 59, 72], "r_hip": [0.03975546360015869, 56, 44], "l_ankle": [0.0016054660081863403, 20, 20], "r_ankle": [0.0032985061407089233, 92, 16], "l_elbow": [0.6531561017036438, 68, 72], "r_knee": [0.04042990505695343, 48, 20], "l_hip": [0.0027336236089468002, 48, 33], "l_shoulder": [0.5009589791297913, 72, 64], "l_wrist": [1.0984089374542236, 84, 68], "r_shoulder": [0.6768136024475098, 64, 36], "neck": [0.7502281069755554, 72, 52], "r_elbow": [0.7892934679985046, 68, 28], "r_wrist": [0.8412908315658569, 80, 32]}