{"head": [0.8281193375587463, 24, 52], "l_elbow": [0.7990370988845825, 64, 64], "l_wrist": [0.8972259759902954, 84, 68], "r_shoulder": [0.8983062505722046, 40, 40], "neck": [0.7453351616859436, 40, 48], "l_shoulder": [0.7705560326576233, 40, 60], "r_hip": [0.7451893091201782, 60, 40], "r_knee": [0.7692623138427734, 72, 44], "r_elbow": [0.9514445066452026, 56, 32], "l_hip": [0.7951129674911499, 60, 52], "r_wrist": [0.9988702535629272, 76, 32], "r_ankle": [0.011743418872356415, 84, 28], "l_ankle": [0.29959461092948914, 72, 52], "l_knee": [0.015210680663585663, 72, 68]}