{"head": [0.9935885071754456, 24, 48], "r_shoulder": [0.9227114915847778, 40, 36], "neck": [0.9593743085861206, 40, 48], "l_shoulder": [0.9230263233184814, 40, 60], "l_elbow": [0.9334467649459839, 60, 64], "r_hip": [0.7303473353385925, 60, 40], "r_knee": [0.7912624478340149, 76, 44], "l_wrist": [0.9904270172119141, 84, 68], "r_elbow": [1.0382559299468994, 60, 32], "l_hip": [0.9110968112945557, 60, 52], "l_ankle": [0.22804760932922363, 72, 48], "l_knee": [0.9057022929191589, 72, 52], "r_ankle": [0.04166359454393387, 68, 44], "r_wrist": [1.0386724472045898, 84, 32]}