{"head": [0.4617302417755127, 52, 52], "l_ankle": [0.005793705582618713, 24, 20], "l_knee": [0.012404236942529678, 59, 72], "r_hip": [0.09605403244495392, 68, 16], "r_ankle": [0.0051411837339401245, 24, 16], "r_knee": [0.047085896134376526, 48, 20], "l_shoulder": [0.35830244421958923, 68, 68], "l_wrist": [1.031119704246521, 84, 68], "r_shoulder": [0.6263861656188965, 64, 36], "neck": [0.415576696395874, 72, 52], "r_elbow": [0.8263720870018005, 68, 28], "l_elbow": [0.610569953918457, 68, 72], "l_hip": [0.008555427193641663, 63, 76], "r_wrist": [0.8058749437332153, 80, 32]}