{"head": [0.7027011513710022, 20, 52], "r_ankle": [0.030062593519687653, 68, 37], "l_elbow": [0.9319765567779541, 60, 64], "l_wrist": [0.9784882068634033, 84, 68], "r_shoulder": [0.989154577255249, 40, 36], "neck": [0.7555004954338074, 40, 48], "l_shoulder": [0.9673287868499756, 40, 64], "r_hip": [0.7633119821548462, 60, 44], "r_knee": [0.8094040751457214, 72, 44], "r_elbow": [0.9843069314956665, 60, 36], "l_hip": [0.7741891145706177, 60, 52], "l_knee": [0.47720515727996826, 68, 56], "l_ankle": [0.5851461291313171, 68, 52], "r_wrist": [1.0796741247177124, 80, 32]}