{"head": [0.8335418701171875, 20, 52], "r_ankle": [0.08908844739198685, 75, 48], "r_elbow": [0.8572465181350708, 60, 36], "l_wrist": [0.9978183507919312, 84, 68], "r_shoulder": [0.9041759967803955, 40, 40], "neck": [0.8759669661521912, 40, 52], "l_shoulder": [0.9003424644470215, 40, 64], "r_hip": [0.7455430626869202, 60, 44], "r_knee": [0.7720537781715393, 72, 44], "l_hip": [0.7899642586708069, 60, 52], "l_elbow": [0.9273686408996582, 60, 64], "l_ankle": [0.2458469569683075, 68, 52], "r_wrist": [1.0349140167236328, 80, 32], "l_knee": [0.9014355540275574, 72, 52]}