{"head": [0.46551233530044556, 56, 52], "l_knee": [0.008642077445983887, 56, 72], "r_hip": [0.11835943162441254, 68, 16], "l_ankle": [0.005763635039329529, 24, 20], "r_ankle": [0.006847642362117767, 91, 16], "l_elbow": [0.39397352933883667, 64, 72], "r_knee": [0.05712580680847168, 48, 20], "r_shoulder": [0.5604416131973267, 64, 36], "l_wrist": [0.9442883729934692, 84, 68], "l_shoulder": [0.4482627511024475, 76, 64], "neck": [0.6216015815734863, 76, 52], "r_elbow": [0.8681150674819946, 68, 28], "r_wrist": [0.7886825799942017, 80, 32], "l_hip": [0.0206046923995018, 76, 24]}