{"head": [1.0520672798156738, 28, 48], "r_ankle": [0.0641852468252182, 69, 48], "neck": [1.0653928518295288, 40, 48], "r_shoulder": [1.0502514839172363, 44, 40], "l_shoulder": [1.0004267692565918, 44, 56], "r_knee": [0.7783997654914856, 72, 44], "r_elbow": [1.0396196842193604, 56, 36], "l_elbow": [1.0177254676818848, 56, 60], "l_wrist": [0.9321796894073486, 68, 60], "r_hip": [0.9537794589996338, 60, 44], "l_hip": [0.926514744758606, 60, 52], "r_wrist": [1.033072829246521, 68, 36], "l_ankle": [0.038371965289115906, 68, 52], "l_knee": [0.9670014381408691, 76, 52]}