{"head": [0.7461720108985901, 24, 52], "r_ankle": [0.27262479066848755, 69, 31], "l_elbow": [0.7343346476554871, 60, 64], "l_wrist": [0.8201342821121216, 80, 68], "r_shoulder": [0.9606295824050903, 40, 40], "neck": [0.6692633032798767, 40, 52], "l_shoulder": [0.767274796962738, 40, 60], "r_elbow": [0.976669192314148, 56, 32], "r_knee": [0.6255326867103577, 72, 44], "r_hip": [0.6087996959686279, 60, 40], "l_hip": [0.5514225363731384, 64, 48], "r_wrist": [0.3761437237262726, 68, 32], "l_ankle": [0.34090396761894226, 72, 48], "l_knee": [0.01034296303987503, 68, 68]}