{"head": [0.9828776717185974, 20, 52], "r_ankle": [0.7016535401344299, 68, 44], "r_knee": [0.2875921130180359, 68, 41], "l_elbow": [0.8426441550254822, 60, 64], "r_shoulder": [1.0247020721435547, 40, 40], "neck": [1.0097931623458862, 40, 52], "l_shoulder": [1.0078152418136597, 40, 64], "r_hip": [0.583876371383667, 56, 44], "r_elbow": [0.9749959707260132, 60, 36], "l_hip": [0.7000107765197754, 60, 56], "l_wrist": [0.8943129777908325, 84, 68], "l_knee": [0.46616464853286743, 66, 52], "l_ankle": [0.5994876623153687, 68, 52], "r_wrist": [0.9542257785797119, 80, 32]}