{"head": [0.4525100588798523, 52, 56], "r_hip": [0.08593925833702087, 68, 16], "l_ankle": [0.00270785391330719, 20, 16], "r_ankle": [0.00907083973288536, 91, 16], "r_knee": [0.09736154973506927, 52, 36], "l_knee": [0.012153804302215576, 89, 12], "r_shoulder": [0.326812744140625, 64, 36], "l_shoulder": [0.30509889125823975, 72, 60], "l_wrist": [0.926113486289978, 84, 68], "neck": [0.24869772791862488, 64, 52], "l_elbow": [0.45291346311569214, 68, 72], "r_elbow": [0.6824399828910828, 68, 28], "l_hip": [0.06494161486625671, 80, 49], "r_wrist": [0.8124362230300903, 80, 32]}