{"head": [0.9648935198783875, 20, 52], "r_ankle": [0.04986514896154404, 76, 48], "l_elbow": [0.8906354308128357, 60, 64], "r_shoulder": [0.8919758796691895, 40, 40], "neck": [0.9239500761032104, 40, 52], "l_shoulder": [1.0365594625473022, 40, 64], "r_hip": [0.7141928672790527, 60, 44], "r_knee": [0.768318235874176, 72, 44], "r_elbow": [0.8499845862388611, 60, 36], "l_wrist": [1.0505497455596924, 84, 68], "l_hip": [0.7547997832298279, 60, 52], "l_ankle": [0.2057928740978241, 68, 52], "l_knee": [0.8726671934127808, 72, 52], "r_wrist": [1.0423823595046997, 80, 32]}