{"head": [0.8578730225563049, 28, 52], "r_ankle": [0.01348898559808731, 76, 48], "r_elbow": [1.0751644372940063, 64, 32], "r_hip": [0.5946263670921326, 68, 44], "r_knee": [0.1112891286611557, 72, 40], "r_shoulder": [0.8179023265838623, 48, 36], "neck": [0.7028623223304749, 48, 52], "l_shoulder": [0.7949053049087524, 48, 64], "l_hip": [0.5816265940666199, 68, 60], "l_elbow": [0.826711893081665, 64, 72], "l_knee": [0.017845652997493744, 80, 76], "l_ankle": [0.0523405522108078, 76, 52], "r_wrist": [0.7700902223587036, 84, 32], "l_wrist": [1.059904932975769, 84, 68]}