{"head": [0.7750117778778076, 20, 48], "l_wrist": [0.9274848699569702, 84, 68], "r_shoulder": [1.0195069313049316, 40, 36], "neck": [0.7928934097290039, 40, 48], "l_shoulder": [0.8616614937782288, 40, 60], "l_ankle": [0.48543107509613037, 68, 52], "l_elbow": [0.8338088393211365, 60, 64], "r_hip": [0.812254011631012, 60, 40], "r_knee": [0.7884335517883301, 72, 44], "r_elbow": [0.9073519706726074, 60, 36], "r_ankle": [0.23051196336746216, 68, 44], "l_hip": [0.8290088176727295, 60, 52], "l_knee": [0.37214216589927673, 67, 52], "r_wrist": [1.1025274991989136, 80, 32]}