{"head": [1.0110753774642944, 20, 52], "r_ankle": [0.7033025622367859, 68, 44], "r_knee": [0.38920891284942627, 64, 44], "r_elbow": [0.9769977331161499, 60, 36], "neck": [0.8522380590438843, 40, 52], "l_wrist": [1.0424718856811523, 84, 68], "r_shoulder": [0.9798004627227783, 40, 40], "l_shoulder": [1.0047203302383423, 40, 64], "r_hip": [0.7714046835899353, 56, 44], "l_hip": [0.8208149671554565, 56, 56], "l_elbow": [0.8916352987289429, 60, 64], "l_knee": [0.6649062037467957, 64, 56], "l_ankle": [0.45909684896469116, 68, 52], "r_wrist": [1.081709384918213, 80, 32]}