{"head": [0.9274502396583557, 20, 52], "r_ankle": [0.7444782257080078, 68, 44], "r_knee": [0.4134051203727722, 64, 44], "r_elbow": [0.9944907426834106, 60, 36], "neck": [0.8801772594451904, 40, 52], "r_shoulder": [0.966900110244751, 40, 40], "l_shoulder": [1.0129280090332031, 40, 64], "r_hip": [0.783858597278595, 56, 44], "l_hip": [0.8321638703346252, 56, 56], "l_elbow": [0.836797833442688, 60, 64], "l_knee": [0.7480989098548889, 64, 56], "l_ankle": [0.5093111395835876, 68, 52], "r_wrist": [1.0886425971984863, 80, 32], "l_wrist": [1.038590431213379, 84, 68]}