{"head": [0.46041983366012573, 56, 52], "l_ankle": [0.0048944950103759766, 24, 20], "l_knee": [0.00886227935552597, 56, 72], "r_hip": [0.1161346286535263, 68, 16], "r_ankle": [0.0070700570940971375, 92, 16], "l_elbow": [0.39098677039146423, 64, 72], "r_knee": [0.055362239480018616, 48, 20], "r_shoulder": [0.5410162806510925, 64, 36], "l_wrist": [0.9410538673400879, 84, 68], "l_shoulder": [0.438058078289032, 76, 64], "neck": [0.6113100647926331, 76, 52], "r_elbow": [0.8729461431503296, 68, 28], "r_wrist": [0.7859469652175903, 80, 32], "l_hip": [0.02043173462152481, 76, 24]}