{"head": [0.9788640141487122, 20, 52], "r_ankle": [0.6799737811088562, 68, 44], "l_elbow": [0.8614171147346497, 60, 64], "r_shoulder": [1.0162861347198486, 40, 40], "neck": [0.9932806491851807, 40, 52], "l_shoulder": [0.9870927333831787, 40, 64], "r_hip": [0.586598813533783, 60, 44], "r_knee": [0.31054431200027466, 68, 41], "r_elbow": [0.9860037565231323, 60, 36], "l_wrist": [0.8364962339401245, 84, 68], "l_hip": [0.6462453603744507, 60, 52], "l_knee": [0.4975356459617615, 67, 52], "l_ankle": [0.5862230658531189, 68, 52], "r_wrist": [0.9788116216659546, 80, 32]}