{"head": [0.983182966709137, 20, 52], "r_ankle": [0.6760507225990295, 68, 44], "r_knee": [0.42495596408843994, 64, 44], "r_elbow": [0.9910354614257812, 60, 36], "neck": [0.8824834823608398, 40, 52], "l_wrist": [1.0234613418579102, 84, 68], "r_shoulder": [0.9858680963516235, 40, 40], "l_shoulder": [1.0090829133987427, 40, 64], "r_hip": [0.7752603888511658, 56, 44], "l_elbow": [0.8627881407737732, 60, 64], "l_hip": [0.8504054546356201, 56, 56], "l_knee": [0.663390576839447, 64, 56], "l_ankle": [0.3983069658279419, 68, 52], "r_wrist": [1.0954347848892212, 80, 32]}