{"head": [0.9006199240684509, 20, 52], "r_ankle": [0.7792147397994995, 68, 44], "l_elbow": [0.8258092403411865, 60, 64], "r_shoulder": [1.0461480617523193, 40, 40], "neck": [1.0042355060577393, 40, 52], "l_shoulder": [0.9884670972824097, 40, 64], "r_hip": [0.7048700451850891, 56, 44], "r_knee": [0.2078666388988495, 65, 41], "r_elbow": [0.9759682416915894, 60, 36], "l_hip": [0.7177624106407166, 60, 56], "l_wrist": [0.9333674907684326, 84, 68], "l_knee": [0.533519446849823, 64, 56], "l_ankle": [0.6657791137695312, 68, 52], "r_wrist": [1.0007699728012085, 80, 32]}