{"head": [1.0733236074447632, 28, 48], "r_ankle": [0.06431356817483902, 68, 32], "neck": [1.0747133493423462, 40, 48], "l_shoulder": [0.9855935573577881, 44, 56], "r_shoulder": [0.9126286506652832, 40, 40], "r_elbow": [0.9166672229766846, 52, 40], "l_elbow": [0.8276362419128418, 52, 56], "r_knee": [0.7445996403694153, 76, 44], "l_wrist": [0.6261407136917114, 56, 60], "r_wrist": [0.9141815900802612, 64, 40], "r_hip": [0.8249199986457825, 60, 44], "l_hip": [0.8539344072341919, 60, 52], "l_ankle": [0.12799862027168274, 68, 52], "l_knee": [0.8965032696723938, 72, 52]}