{"head": [0.9032875895500183, 24, 52], "r_ankle": [0.05967223271727562, 75, 48], "l_wrist": [0.9927493333816528, 84, 68], "r_shoulder": [0.8673899173736572, 40, 40], "neck": [0.7618226408958435, 40, 52], "l_shoulder": [0.8145400881767273, 44, 64], "r_hip": [0.7496293783187866, 60, 44], "r_knee": [0.7791126370429993, 76, 44], "r_elbow": [0.8097845911979675, 60, 36], "l_hip": [0.848556399345398, 60, 52], "l_elbow": [0.9222204685211182, 60, 64], "l_ankle": [0.05218726769089699, 69, 48], "l_knee": [0.9804184436798096, 72, 52], "r_wrist": [1.017971158027649, 84, 32]}