{"head": [0.8870968222618103, 28, 52], "l_knee": [0.04766979068517685, 80, 76], "r_elbow": [1.0513877868652344, 64, 32], "r_hip": [0.5268990397453308, 68, 44], "neck": [0.7427625060081482, 52, 52], "r_knee": [0.19655320048332214, 71, 40], "r_shoulder": [0.8090195059776306, 48, 40], "l_shoulder": [0.7715503573417664, 48, 64], "l_hip": [0.5579757690429688, 68, 56], "l_elbow": [0.9226394891738892, 64, 72], "l_ankle": [0.04348401725292206, 76, 52], "r_wrist": [0.7895147800445557, 84, 32], "l_wrist": [1.0673021078109741, 84, 68], "r_ankle": [0.015460111200809479, 84, 76]}