{"head": [0.49790525436401367, 56, 56], "l_knee": [0.012687012553215027, 56, 72], "r_hip": [0.12188355624675751, 68, 16], "l_ankle": [0.0025008171796798706, 24, 20], "r_ankle": [0.007949106395244598, 92, 12], "l_elbow": [0.40236860513687134, 68, 72], "r_knee": [0.03424939513206482, 84, 16], "r_elbow": [0.7576028108596802, 68, 28], "r_wrist": [0.8977786302566528, 80, 32], "r_shoulder": [0.4350869655609131, 64, 36], "l_shoulder": [0.408270001411438, 76, 64], "l_wrist": [0.7026752233505249, 84, 68], "neck": [0.5716744065284729, 76, 52]}