{"head": [0.9478521943092346, 12, 52], "r_ankle": [0.18048204481601715, 72, 46], "r_shoulder": [0.8952308893203735, 40, 40], "neck": [0.8485684394836426, 36, 52], "l_shoulder": [0.9539376497268677, 40, 68], "l_wrist": [0.17467361688613892, 64, 68], "r_hip": [0.7210169434547424, 60, 44], "l_elbow": [0.42231065034866333, 56, 72], "r_knee": [0.8296782970428467, 72, 40], "r_wrist": [1.0523343086242676, 80, 32], "r_elbow": [1.1174885034561157, 60, 36], "l_hip": [0.7039563059806824, 60, 60], "l_knee": [0.9560893774032593, 76, 52], "l_ankle": [0.3946719169616699, 72, 68]}