{"head": [0.974349319934845, 20, 52], "r_ankle": [0.720712423324585, 68, 44], "r_knee": [0.4139596223831177, 64, 44], "r_elbow": [0.9748096466064453, 60, 36], "neck": [0.8716759085655212, 40, 52], "l_wrist": [1.012624740600586, 84, 68], "r_shoulder": [0.9816564321517944, 40, 40], "l_shoulder": [1.0103589296340942, 40, 64], "r_hip": [0.7912664413452148, 56, 44], "l_elbow": [0.8797504305839539, 60, 64], "l_hip": [0.8710797429084778, 56, 56], "l_knee": [0.6875824332237244, 64, 56], "l_ankle": [0.47177791595458984, 68, 52], "r_wrist": [1.095624327659607, 80, 32]}