{"head": [0.5364054441452026, 56, 56], "l_knee": [0.011858366429805756, 56, 72], "r_hip": [0.11886359751224518, 68, 16], "l_ankle": [0.004916951060295105, 24, 16], "r_ankle": [0.009496502578258514, 92, 12], "r_knee": [0.04131537675857544, 84, 16], "l_elbow": [0.3675406873226166, 72, 72], "r_elbow": [0.7852213382720947, 68, 28], "r_wrist": [0.8823288679122925, 80, 32], "r_shoulder": [0.42971205711364746, 64, 40], "l_shoulder": [0.3710699677467346, 76, 60], "neck": [0.5320112109184265, 72, 52], "l_wrist": [0.7302899360656738, 84, 68]}