{"head": [0.9753080010414124, 20, 52], "r_ankle": [0.7048107981681824, 68, 44], "r_knee": [0.3873726725578308, 64, 44], "r_elbow": [0.9667402505874634, 60, 36], "neck": [0.8563377261161804, 40, 52], "l_wrist": [1.0179097652435303, 84, 68], "r_shoulder": [0.9770117998123169, 40, 40], "l_shoulder": [1.000549554824829, 40, 64], "r_hip": [0.759689450263977, 56, 44], "l_elbow": [0.8846443891525269, 60, 64], "l_hip": [0.8327538967132568, 56, 56], "l_knee": [0.6902312636375427, 64, 56], "l_ankle": [0.4705359935760498, 68, 52], "r_wrist": [1.0782849788665771, 80, 32]}