{"head": [0.8177334070205688, 20, 48], "l_wrist": [0.8992977142333984, 80, 68], "r_shoulder": [0.9896010160446167, 40, 36], "neck": [0.8858733773231506, 40, 48], "l_shoulder": [0.9152472019195557, 40, 60], "l_ankle": [0.32567787170410156, 72, 49], "r_knee": [0.7745223641395569, 72, 44], "r_elbow": [0.9050306081771851, 60, 32], "r_hip": [0.6948195695877075, 60, 44], "r_ankle": [0.1090119406580925, 68, 44], "l_hip": [0.8782581686973572, 60, 52], "l_elbow": [1.0238531827926636, 60, 64], "l_knee": [0.8956388831138611, 72, 52], "r_wrist": [1.0194388628005981, 80, 32]}