{"head": [0.9292848706245422, 16, 52], "r_ankle": [0.7408400774002075, 68, 44], "neck": [0.9365222454071045, 36, 52], "r_shoulder": [0.9382356405258179, 40, 40], "l_shoulder": [0.9236629009246826, 40, 64], "r_hip": [0.7589869499206543, 60, 44], "r_knee": [0.28100770711898804, 64, 44], "r_elbow": [0.9509835243225098, 60, 36], "l_hip": [0.8583348989486694, 60, 56], "l_elbow": [0.9047309160232544, 60, 68], "l_knee": [0.8720185160636902, 76, 52], "l_ankle": [0.4320420026779175, 72, 56], "l_wrist": [0.9530231952667236, 84, 68], "r_wrist": [1.0734974145889282, 80, 32]}