{"head": [0.7605552077293396, 28, 52], "r_elbow": [1.0724579095840454, 64, 32], "r_shoulder": [0.9024019241333008, 44, 40], "r_hip": [0.49548542499542236, 64, 40], "neck": [0.7627345323562622, 48, 52], "l_shoulder": [0.8568203449249268, 48, 68], "r_knee": [0.35110336542129517, 69, 40], "l_wrist": [1.075114130973816, 84, 68], "l_hip": [0.6312840580940247, 68, 56], "l_knee": [0.03135853260755539, 80, 76], "l_elbow": [0.846988320350647, 64, 72], "l_ankle": [0.06085693836212158, 76, 52], "r_wrist": [0.7926933765411377, 80, 32], "r_ankle": [0.023266680538654327, 82, 76]}