{"head": [0.8753858208656311, 32, 48], "r_ankle": [0.13708388805389404, 72, 48], "r_elbow": [0.7583374381065369, 60, 32], "l_shoulder": [0.7690380811691284, 44, 60], "l_knee": [0.9377642869949341, 72, 52], "r_shoulder": [0.8167425394058228, 44, 40], "neck": [0.7442921996116638, 48, 48], "l_wrist": [1.0112751722335815, 84, 68], "r_wrist": [1.0685406923294067, 84, 32], "r_knee": [0.7933366298675537, 72, 44], "r_hip": [0.705039381980896, 60, 44], "l_hip": [0.8530270457267761, 60, 52], "l_elbow": [0.8454316258430481, 64, 64], "l_ankle": [0.0642600953578949, 69, 48]}