{"head": [0.9710823893547058, 20, 52], "r_ankle": [0.7031335234642029, 68, 44], "r_knee": [0.205170676112175, 65, 41], "l_elbow": [0.8284469246864319, 60, 64], "r_shoulder": [1.0495222806930542, 40, 40], "neck": [0.9777190685272217, 40, 52], "l_shoulder": [1.005172848701477, 40, 64], "r_hip": [0.5809489488601685, 56, 44], "r_elbow": [0.984467625617981, 60, 36], "l_hip": [0.657852828502655, 60, 56], "l_wrist": [0.8814390897750854, 84, 68], "l_knee": [0.5085455775260925, 64, 56], "l_ankle": [0.6159268617630005, 68, 52], "r_wrist": [1.012905240058899, 80, 32]}