{"head": [0.8815862536430359, 24, 52], "r_ankle": [0.7293999195098877, 68, 44], "r_shoulder": [1.012341856956482, 40, 40], "r_hip": [0.7807130813598633, 56, 44], "neck": [0.9061582088470459, 40, 52], "l_shoulder": [0.9058780670166016, 40, 64], "r_knee": [0.25539422035217285, 62, 44], "r_elbow": [1.0717618465423584, 60, 36], "l_wrist": [0.9093730449676514, 84, 68], "l_hip": [0.7685793042182922, 56, 56], "l_elbow": [0.7529045343399048, 60, 64], "l_ankle": [0.24610388278961182, 68, 48], "l_knee": [0.849061906337738, 72, 52], "r_wrist": [1.020878553390503, 80, 32]}