{"head": [0.7943828701972961, 24, 52], "r_ankle": [0.0025877058506011963, 92, 16], "l_wrist": [0.9967664480209351, 84, 68], "r_shoulder": [0.9502148628234863, 40, 36], "neck": [0.732474684715271, 40, 48], "l_shoulder": [0.9868025779724121, 40, 64], "r_hip": [0.7262782454490662, 60, 44], "r_knee": [0.775362491607666, 72, 44], "r_elbow": [1.0492279529571533, 60, 36], "l_hip": [0.8109727501869202, 56, 52], "l_elbow": [0.9605197906494141, 60, 64], "l_knee": [0.5800440907478333, 64, 56], "l_ankle": [0.6521525979042053, 68, 52], "r_wrist": [1.1153372526168823, 80, 32]}