{"head": [1.1451258659362793, 28, 48], "r_ankle": [0.1033097580075264, 68, 32], "neck": [1.069654107093811, 40, 48], "l_shoulder": [0.973101019859314, 40, 56], "r_shoulder": [0.9872773885726929, 44, 40], "r_knee": [0.761388897895813, 76, 44], "r_elbow": [0.9593305587768555, 52, 36], "l_elbow": [0.8823264837265015, 52, 60], "r_hip": [0.8276667594909668, 60, 44], "l_hip": [0.7949772477149963, 60, 52], "l_wrist": [0.6484806537628174, 60, 56], "r_wrist": [0.9532896280288696, 64, 40], "l_ankle": [0.15246787667274475, 68, 52], "l_knee": [0.8561250567436218, 72, 52]}