{"head": [0.7694492340087891, 20, 48], "l_wrist": [0.9268063306808472, 84, 68], "r_shoulder": [1.0238274335861206, 40, 36], "neck": [0.7947814464569092, 40, 48], "l_shoulder": [0.8554884195327759, 40, 60], "l_ankle": [0.5043199062347412, 68, 52], "l_elbow": [0.8504597544670105, 60, 64], "r_hip": [0.8121585249900818, 60, 40], "r_knee": [0.7886766195297241, 72, 44], "r_elbow": [0.9072210788726807, 60, 36], "r_ankle": [0.23222437500953674, 68, 44], "l_hip": [0.8281271457672119, 60, 52], "l_knee": [0.3563379645347595, 67, 53], "r_wrist": [1.1034702062606812, 80, 32]}