{"head": [1.1484264135360718, 28, 48], "r_ankle": [0.16470739245414734, 72, 48], "neck": [1.1021356582641602, 40, 48], "l_shoulder": [0.992347240447998, 40, 56], "r_shoulder": [0.9501882791519165, 44, 40], "r_knee": [0.7912794947624207, 72, 44], "r_elbow": [0.982837438583374, 52, 36], "l_elbow": [0.883086621761322, 52, 56], "l_wrist": [0.8310275077819824, 56, 60], "r_wrist": [0.8991172313690186, 56, 36], "r_hip": [0.9342923164367676, 60, 44], "l_hip": [0.9682470560073853, 60, 52], "l_ankle": [0.1719202995300293, 68, 52], "l_knee": [0.8698014616966248, 76, 52]}