{"head": [1.160618543624878, 28, 48], "r_ankle": [0.08041971176862717, 68, 32], "r_knee": [0.7632191181182861, 76, 44], "neck": [1.0787080526351929, 40, 48], "l_shoulder": [0.9697526693344116, 40, 56], "r_shoulder": [1.0068771839141846, 44, 40], "l_elbow": [0.8116950988769531, 52, 56], "r_elbow": [0.8583815097808838, 52, 36], "l_wrist": [0.5034053325653076, 56, 60], "r_wrist": [0.8313894271850586, 64, 40], "r_hip": [0.8266485333442688, 60, 44], "l_hip": [0.7607102394104004, 60, 52], "l_knee": [0.7242494821548462, 72, 52], "l_ankle": [0.183865487575531, 68, 52]}