{"head": [0.9028034806251526, 20, 52], "r_ankle": [0.6737513542175293, 68, 44], "r_knee": [0.20901823043823242, 66, 41], "l_elbow": [0.8467013239860535, 60, 64], "r_shoulder": [1.056714415550232, 40, 40], "neck": [0.9835057258605957, 40, 52], "l_shoulder": [0.992722749710083, 40, 64], "r_hip": [0.6458108425140381, 56, 44], "l_hip": [0.6700460910797119, 60, 56], "l_wrist": [0.9619889259338379, 84, 68], "r_elbow": [0.9594179391860962, 60, 36], "l_knee": [0.5238301157951355, 64, 56], "l_ankle": [0.5582519769668579, 68, 52], "r_wrist": [0.9885607957839966, 80, 32]}