{"head": [0.7898464202880859, 20, 52], "r_ankle": [0.6464443802833557, 68, 44], "r_elbow": [1.0228898525238037, 60, 36], "r_shoulder": [0.9790016412734985, 40, 40], "neck": [0.8727346658706665, 40, 52], "l_shoulder": [0.9445884227752686, 40, 64], "r_hip": [0.7410932779312134, 56, 44], "r_knee": [0.2775267958641052, 68, 40], "r_wrist": [1.0595272779464722, 80, 32], "l_elbow": [0.7968476414680481, 60, 68], "l_hip": [0.7450633645057678, 56, 56], "l_ankle": [0.5142449140548706, 68, 52], "l_knee": [0.5876602530479431, 68, 56], "l_wrist": [1.0680487155914307, 84, 68]}