{"head": [1.1502609252929688, 28, 48], "r_ankle": [0.061480067670345306, 68, 32], "neck": [1.0675110816955566, 40, 48], "l_shoulder": [0.9973679780960083, 40, 56], "r_shoulder": [1.0141531229019165, 44, 40], "r_knee": [0.7680370807647705, 76, 44], "l_elbow": [0.8481428623199463, 52, 56], "r_elbow": [0.9156594276428223, 52, 36], "l_wrist": [0.5479103326797485, 56, 60], "r_wrist": [0.9888594150543213, 64, 40], "r_hip": [0.8429774045944214, 60, 44], "l_hip": [0.7883928418159485, 60, 52], "l_knee": [0.7251468896865845, 72, 52], "l_ankle": [0.152313232421875, 68, 52]}