{"head": [1.041475772857666, 20, 52], "r_ankle": [0.6369519829750061, 68, 44], "r_elbow": [1.0158547163009644, 60, 36], "neck": [0.8327686190605164, 40, 52], "l_wrist": [1.039963722229004, 84, 68], "r_shoulder": [0.9530558586120605, 40, 40], "l_shoulder": [1.00624680519104, 40, 64], "r_hip": [0.7595357298851013, 56, 44], "r_knee": [0.36016952991485596, 64, 44], "l_hip": [0.8164666891098022, 56, 56], "l_elbow": [0.8820552229881287, 60, 64], "l_knee": [0.7220281958580017, 64, 56], "l_ankle": [0.4551768898963928, 68, 52], "r_wrist": [1.0900543928146362, 80, 32]}