{"head": [0.9643754363059998, 20, 52], "r_ankle": [0.6603648662567139, 68, 44], "r_knee": [0.30915480852127075, 64, 43], "r_elbow": [0.9785873889923096, 60, 36], "neck": [0.86777663230896, 40, 52], "l_wrist": [1.0422065258026123, 84, 68], "r_shoulder": [0.9748953580856323, 40, 40], "l_shoulder": [1.003623366355896, 40, 64], "r_hip": [0.7572566866874695, 56, 44], "l_hip": [0.8368850350379944, 56, 56], "l_elbow": [0.903162956237793, 60, 64], "l_knee": [0.6476893424987793, 64, 56], "l_ankle": [0.43491923809051514, 68, 52], "r_wrist": [1.0712400674819946, 80, 32]}