{"head": [1.122779130935669, 28, 48], "r_ankle": [0.01997760683298111, 68, 32], "l_knee": [1.0174771547317505, 76, 52], "r_knee": [0.7971062064170837, 72, 44], "neck": [1.0990961790084839, 40, 48], "r_shoulder": [1.028784155845642, 44, 40], "l_shoulder": [1.0372633934020996, 44, 56], "l_elbow": [0.9208754301071167, 52, 60], "r_elbow": [1.1407502889633179, 56, 36], "r_hip": [0.8501061201095581, 60, 44], "l_hip": [0.8191905617713928, 60, 52], "l_wrist": [0.7770875692367554, 64, 56], "r_wrist": [0.9060947895050049, 68, 40], "l_ankle": [0.005689263343811035, 68, 68]}