{"head": [0.9438799023628235, 24, 52], "r_ankle": [0.42384251952171326, 72, 45], "r_elbow": [1.037318229675293, 60, 36], "r_shoulder": [0.8604544401168823, 40, 40], "neck": [0.8344926238059998, 40, 52], "l_shoulder": [1.055981993675232, 40, 64], "r_hip": [0.8411898612976074, 56, 44], "r_knee": [0.7374846935272217, 68, 44], "l_hip": [0.7797550559043884, 56, 56], "l_elbow": [0.9363118410110474, 60, 64], "l_knee": [0.687986433506012, 64, 56], "l_ankle": [0.6476048231124878, 68, 52], "r_wrist": [1.1010700464248657, 80, 32], "l_wrist": [0.9900727272033691, 84, 68]}