{"head": [0.5597627758979797, 56, 52], "l_knee": [0.0115557461977005, 16, 16], "r_hip": [0.10638538002967834, 68, 16], "r_ankle": [0.005896341055631638, 91, 16], "l_ankle": [0.005045365542173386, 24, 17], "l_elbow": [0.4071540832519531, 64, 68], "r_knee": [0.04412226378917694, 48, 20], "r_shoulder": [0.5797845721244812, 64, 36], "l_wrist": [0.9179978370666504, 84, 68], "l_shoulder": [0.4112333059310913, 76, 64], "neck": [0.5189299583435059, 76, 52], "l_hip": [0.015878699719905853, 76, 24], "r_elbow": [0.8598477244377136, 68, 28], "r_wrist": [0.7841663360595703, 80, 32]}