{"head": [0.7300584316253662, 24, 48], "l_wrist": [0.8901511430740356, 84, 68], "r_shoulder": [1.0047383308410645, 40, 36], "neck": [0.7947790622711182, 40, 48], "l_shoulder": [0.9002130031585693, 40, 60], "l_elbow": [0.8132764101028442, 60, 64], "r_knee": [0.5109634399414062, 72, 40], "r_elbow": [0.9035158157348633, 56, 32], "r_hip": [0.8209055662155151, 60, 40], "l_hip": [0.634292483329773, 60, 52], "r_ankle": [0.081588514149189, 68, 28], "l_knee": [0.14135512709617615, 70, 46], "r_wrist": [0.7470052242279053, 76, 36], "l_ankle": [0.24075788259506226, 72, 48]}