{"head": [0.8426651358604431, 24, 52], "r_ankle": [0.0915057361125946, 74, 48], "l_wrist": [1.0108060836791992, 84, 68], "r_shoulder": [0.8927301168441772, 40, 40], "neck": [0.8366748690605164, 40, 52], "l_shoulder": [0.8536710739135742, 44, 64], "r_hip": [0.7216192483901978, 60, 44], "r_knee": [0.7769573926925659, 72, 44], "r_elbow": [0.8189671039581299, 60, 36], "l_hip": [0.7734346985816956, 60, 52], "l_elbow": [0.898715615272522, 60, 64], "l_ankle": [0.13317900896072388, 72, 48], "l_knee": [0.9400619268417358, 72, 52], "r_wrist": [1.0387365818023682, 80, 32]}