{"head": [1.0433335304260254, 20, 52], "r_ankle": [0.7384394407272339, 68, 44], "r_knee": [0.20500969886779785, 65, 41], "l_elbow": [0.8780717253684998, 60, 64], "r_shoulder": [1.027698278427124, 40, 40], "neck": [1.0023876428604126, 40, 52], "l_shoulder": [1.0131317377090454, 40, 64], "r_hip": [0.5496001243591309, 56, 44], "r_elbow": [0.9953740835189819, 60, 36], "l_wrist": [0.8229786157608032, 84, 68], "l_hip": [0.6735549569129944, 60, 56], "l_knee": [0.45042234659194946, 66, 52], "l_ankle": [0.6355497241020203, 68, 52], "r_wrist": [1.0046005249023438, 80, 32]}