{"head": [0.9587344527244568, 20, 52], "r_knee": [0.18532800674438477, 65, 41], "l_elbow": [0.8614510893821716, 60, 64], "neck": [0.9542665481567383, 40, 52], "r_shoulder": [1.0616060495376587, 40, 40], "l_shoulder": [1.0102458000183105, 40, 64], "r_hip": [0.6295843720436096, 56, 44], "r_elbow": [0.9590810537338257, 60, 36], "l_hip": [0.6674985289573669, 60, 56], "l_wrist": [0.9379669427871704, 84, 68], "r_ankle": [0.740288257598877, 68, 44], "l_knee": [0.5052767395973206, 64, 56], "l_ankle": [0.6053619980812073, 68, 52], "r_wrist": [0.9901598691940308, 80, 32]}