{"head": [1.0241799354553223, 20, 52], "r_knee": [0.31913673877716064, 68, 41], "l_elbow": [0.8551557660102844, 60, 64], "r_shoulder": [1.026329755783081, 40, 40], "neck": [0.996557354927063, 40, 52], "l_shoulder": [1.011802077293396, 40, 64], "r_hip": [0.57827228307724, 56, 44], "r_elbow": [0.9850422143936157, 60, 36], "l_wrist": [0.8471521139144897, 84, 68], "l_hip": [0.6959919929504395, 60, 56], "r_ankle": [0.6808937788009644, 68, 44], "l_knee": [0.4659717082977295, 66, 52], "l_ankle": [0.5844963788986206, 68, 52], "r_wrist": [0.9807969331741333, 80, 32]}