{"head": [0.9526472687721252, 24, 52], "r_ankle": [0.12358187884092331, 68, 28], "r_elbow": [0.8442831039428711, 64, 32], "l_elbow": [1.0254452228546143, 64, 68], "neck": [0.9253067970275879, 44, 52], "r_shoulder": [0.8414838910102844, 44, 40], "l_shoulder": [0.9440089464187622, 44, 64], "r_hip": [0.553550660610199, 64, 40], "r_knee": [0.4647684097290039, 68, 40], "l_wrist": [1.0894484519958496, 84, 68], "l_hip": [0.6502069234848022, 64, 56], "l_knee": [0.5031724572181702, 68, 60], "l_ankle": [0.4388599395751953, 72, 52], "r_wrist": [0.8880103826522827, 80, 32]}