{"head": [1.1637213230133057, 28, 48], "r_ankle": [0.07173352688550949, 68, 32], "r_knee": [0.7471300959587097, 76, 44], "neck": [1.056631326675415, 40, 48], "l_shoulder": [0.9498012065887451, 40, 56], "r_shoulder": [1.0104786157608032, 44, 40], "l_elbow": [0.8430896997451782, 52, 56], "r_elbow": [0.8692889213562012, 52, 36], "l_wrist": [0.5679275989532471, 56, 60], "r_wrist": [0.8910703659057617, 64, 40], "r_hip": [0.827465295791626, 60, 44], "l_hip": [0.7762555480003357, 60, 52], "l_knee": [0.6556882858276367, 72, 52], "l_ankle": [0.20854875445365906, 69, 52]}