{"head": [0.605071485042572, 36, 56], "r_elbow": [0.7592107653617859, 64, 28], "l_elbow": [1.0946136713027954, 68, 72], "r_hip": [0.5541186332702637, 68, 40], "r_knee": [0.024327054619789124, 84, 16], "r_shoulder": [0.8578793406486511, 52, 36], "l_hip": [0.5070489048957825, 68, 56], "neck": [0.7330164909362793, 60, 52], "l_shoulder": [0.9781559705734253, 56, 68], "l_wrist": [1.062154769897461, 84, 68], "r_wrist": [0.7577921152114868, 84, 32], "l_knee": [0.004473507404327393, 76, 80], "l_ankle": [0.08313760161399841, 76, 52], "r_ankle": [0.016075924038887024, 78, 48]}