{"head": [0.505051851272583, 52, 52], "l_knee": [0.00811074674129486, 32, 75], "r_hip": [0.06563657522201538, 68, 16], "l_ankle": [0.0032342523336410522, 24, 16], "r_ankle": [0.00576634518802166, 92, 13], "r_knee": [0.047917529940605164, 48, 20], "r_shoulder": [0.4003757834434509, 64, 36], "l_elbow": [0.4536059498786926, 68, 72], "l_wrist": [0.9150854349136353, 84, 68], "l_shoulder": [0.2674476206302643, 72, 64], "neck": [0.32412999868392944, 72, 52], "r_elbow": [0.7491821050643921, 68, 28], "r_wrist": [0.901461124420166, 80, 32], "l_hip": [0.01672551780939102, 84, 40]}