{"head": [0.7716549634933472, 24, 52], "l_elbow": [1.0454416275024414, 64, 68], "r_shoulder": [0.8757901191711426, 40, 40], "neck": [0.8085181713104248, 44, 52], "l_shoulder": [0.8443316221237183, 44, 64], "r_hip": [0.5463892221450806, 60, 44], "r_knee": [0.47947168350219727, 68, 40], "r_elbow": [0.8309007287025452, 60, 32], "l_hip": [0.5680699348449707, 64, 52], "l_knee": [0.4120751619338989, 68, 60], "r_ankle": [0.349556565284729, 68, 44], "l_ankle": [0.45210498571395874, 68, 48], "l_wrist": [1.0794284343719482, 84, 68], "r_wrist": [0.880499005317688, 80, 32]}