{"head": [0.714432954788208, 24, 52], "l_elbow": [0.8271270990371704, 60, 64], "l_wrist": [0.8910865783691406, 84, 68], "r_shoulder": [0.9056694507598877, 40, 36], "neck": [0.7590876221656799, 40, 48], "l_shoulder": [0.8263061046600342, 40, 60], "r_knee": [0.8013011813163757, 72, 44], "r_elbow": [1.0202690362930298, 60, 32], "r_hip": [0.7624161243438721, 60, 40], "l_hip": [0.765191376209259, 60, 52], "r_ankle": [0.015803448855876923, 68, 28], "l_ankle": [0.29905927181243896, 72, 52], "l_knee": [0.012873224914073944, 72, 68], "r_wrist": [0.916622519493103, 80, 32]}