{"head": [1.1343190670013428, 28, 48], "r_ankle": [0.15450119972229004, 72, 48], "neck": [1.1071398258209229, 40, 48], "l_shoulder": [0.9869647026062012, 40, 56], "r_shoulder": [0.8935407400131226, 44, 40], "r_knee": [0.844123363494873, 72, 44], "r_elbow": [0.7979205846786499, 52, 40], "l_elbow": [0.8479680418968201, 52, 56], "l_wrist": [0.9010641574859619, 56, 60], "r_wrist": [0.7907381057739258, 56, 36], "r_hip": [0.8696792721748352, 60, 44], "l_hip": [0.9803885221481323, 60, 52], "l_ankle": [0.13442862033843994, 68, 52], "l_knee": [0.8906463980674744, 76, 52]}