{"head": [0.8308519124984741, 12, 56], "r_ankle": [0.019639886915683746, 68, 44], "r_shoulder": [0.8524450063705444, 36, 40], "neck": [0.731191098690033, 36, 52], "l_shoulder": [0.9507648944854736, 40, 68], "l_wrist": [0.2446155846118927, 68, 68], "r_hip": [0.7884886264801025, 56, 44], "l_elbow": [0.47563695907592773, 60, 72], "r_wrist": [1.0720738172531128, 80, 32], "r_knee": [0.9505388140678406, 76, 40], "r_elbow": [1.1251345872879028, 60, 36], "l_hip": [0.7051051259040833, 60, 60], "l_knee": [0.9877196550369263, 76, 52], "l_ankle": [0.42181533575057983, 72, 68]}