{"head": [0.947877824306488, 20, 52], "r_ankle": [0.5884494781494141, 68, 44], "r_knee": [0.42693281173706055, 65, 44], "r_wrist": [1.0020276308059692, 80, 32], "l_elbow": [0.8581506013870239, 60, 64], "neck": [0.93128502368927, 40, 52], "r_shoulder": [0.9931519031524658, 40, 40], "l_shoulder": [0.991484522819519, 40, 64], "r_hip": [0.6157956123352051, 56, 44], "r_elbow": [1.0118006467819214, 60, 36], "l_hip": [0.6446699500083923, 60, 56], "l_wrist": [0.8755745887756348, 84, 68], "l_knee": [0.5067558288574219, 64, 56], "l_ankle": [0.5663768649101257, 68, 52]}