{"head": [0.49597829580307007, 56, 56], "l_ankle": [0.007276222109794617, 84, 56], "r_hip": [0.047865986824035645, 68, 16], "l_knee": [0.013275064527988434, 84, 76], "r_knee": [0.013223603367805481, 32, 72], "l_elbow": [0.3245583772659302, 68, 72], "r_shoulder": [0.41538333892822266, 64, 36], "l_shoulder": [0.15390431880950928, 80, 64], "l_wrist": [0.6744097471237183, 80, 68], "neck": [0.3888368010520935, 72, 52], "r_elbow": [0.6604847311973572, 68, 28], "r_wrist": [0.8761221170425415, 80, 32], "l_hip": [0.007175706326961517, 84, 60]}