{"head": [0.9542164206504822, 20, 52], "r_ankle": [0.6801148056983948, 68, 44], "r_knee": [0.37879621982574463, 64, 44], "r_elbow": [0.9673526287078857, 60, 36], "neck": [0.8888967633247375, 40, 52], "l_wrist": [1.046046495437622, 84, 68], "r_shoulder": [0.9921640157699585, 40, 40], "l_shoulder": [1.0050309896469116, 40, 64], "r_hip": [0.790748655796051, 56, 44], "l_hip": [0.8149672150611877, 56, 56], "l_elbow": [0.8586003184318542, 60, 64], "l_knee": [0.6445595026016235, 64, 56], "l_ankle": [0.4542860984802246, 68, 52], "r_wrist": [1.0916273593902588, 80, 32]}