{"head": [0.5378550291061401, 48, 52], "l_ankle": [0.0037741512060165405, 84, 52], "r_hip": [0.13367411494255066, 76, 44], "r_ankle": [0.004881611093878746, 91, 16], "l_knee": [0.00944945216178894, 60, 72], "r_knee": [0.04222629964351654, 48, 20], "l_wrist": [1.0200672149658203, 84, 68], "l_shoulder": [0.4813811779022217, 68, 64], "r_shoulder": [0.8785042762756348, 60, 36], "neck": [0.6223050355911255, 68, 52], "l_hip": [0.14934998750686646, 76, 56], "r_elbow": [0.8808520436286926, 68, 28], "l_elbow": [0.6776400804519653, 68, 72], "r_wrist": [0.7691076993942261, 80, 32]}