{"head": [0.7753296494483948, 16, 56], "r_ankle": [0.653486967086792, 68, 44], "neck": [0.8003663420677185, 36, 52], "r_shoulder": [0.9658079147338867, 40, 40], "l_shoulder": [1.02311372756958, 40, 64], "r_hip": [0.6534519791603088, 60, 44], "r_knee": [0.3590611219406128, 65, 44], "r_elbow": [1.0052998065948486, 60, 36], "l_hip": [0.8145350217819214, 60, 56], "l_elbow": [0.8249943852424622, 60, 68], "r_wrist": [1.0818989276885986, 80, 32], "l_ankle": [0.3890717625617981, 72, 56], "l_wrist": [0.9528021812438965, 84, 68], "l_knee": [0.9523062705993652, 76, 52]}