{"head": [0.9148089289665222, 20, 52], "r_ankle": [0.7095124125480652, 68, 44], "r_knee": [0.19445516169071198, 65, 41], "l_elbow": [0.8311166763305664, 60, 64], "r_shoulder": [1.0586899518966675, 40, 40], "neck": [0.9943047761917114, 40, 52], "l_shoulder": [0.981560468673706, 40, 64], "r_hip": [0.6793939471244812, 56, 44], "r_elbow": [0.9601309299468994, 60, 36], "l_hip": [0.660455048084259, 60, 56], "l_knee": [0.5549583435058594, 64, 56], "l_ankle": [0.6103447675704956, 68, 52], "l_wrist": [0.9418288469314575, 84, 68], "r_wrist": [0.9970498085021973, 80, 32]}