{"head": [1.001808762550354, 20, 52], "r_ankle": [0.6713464260101318, 68, 44], "r_elbow": [1.0099252462387085, 60, 36], "neck": [0.868718147277832, 40, 52], "l_wrist": [1.0473655462265015, 84, 68], "r_shoulder": [0.9663854837417603, 40, 40], "l_shoulder": [0.9814221858978271, 40, 64], "r_hip": [0.796368420124054, 56, 44], "r_knee": [0.3597613573074341, 64, 44], "l_hip": [0.8503447771072388, 56, 56], "l_elbow": [0.8901587128639221, 60, 64], "l_knee": [0.7393714785575867, 64, 56], "l_ankle": [0.4704626202583313, 68, 52], "r_wrist": [1.0941617488861084, 80, 32]}