{"head": [0.9037185311317444, 24, 52], "r_elbow": [0.8990459442138672, 64, 32], "l_elbow": [0.9890899658203125, 64, 68], "r_hip": [0.5652129650115967, 64, 40], "neck": [0.9126417636871338, 44, 52], "r_shoulder": [0.8620200753211975, 44, 40], "l_shoulder": [0.8774003982543945, 44, 64], "r_knee": [0.5546780824661255, 68, 40], "l_wrist": [1.0775389671325684, 84, 68], "l_hip": [0.6776699423789978, 64, 56], "r_ankle": [0.12791112065315247, 68, 28], "l_knee": [0.40445607900619507, 68, 60], "l_ankle": [0.4129807949066162, 72, 52], "r_wrist": [0.8225723505020142, 80, 32]}