{"head": [0.4578320384025574, 56, 56], "l_ankle": [0.0042263418436050415, 28, 16], "r_hip": [0.13648934662342072, 68, 16], "r_ankle": [0.0034646764397621155, 30, 16], "l_elbow": [0.33396124839782715, 68, 72], "l_knee": [0.010689614340662956, 91, 13], "r_knee": [0.07836258411407471, 52, 36], "l_hip": [0.03112693876028061, 76, 24], "r_wrist": [0.9069057703018188, 80, 32], "l_shoulder": [0.2558102011680603, 76, 64], "l_wrist": [0.6121711730957031, 80, 72], "r_elbow": [0.8304837942123413, 64, 28], "r_shoulder": [0.5095779299736023, 68, 40], "neck": [0.5597601532936096, 76, 52]}