{"head": [0.7063682675361633, 20, 52], "r_ankle": [0.030624378472566605, 68, 37], "l_elbow": [0.9345177412033081, 60, 64], "l_wrist": [0.9765381813049316, 84, 68], "r_shoulder": [0.988959789276123, 40, 36], "neck": [0.7544752359390259, 40, 48], "l_shoulder": [0.9699127674102783, 40, 64], "r_hip": [0.7573896050453186, 60, 44], "r_knee": [0.8079639077186584, 72, 44], "r_elbow": [0.9824020862579346, 60, 36], "l_hip": [0.7699281573295593, 60, 52], "l_knee": [0.4682806730270386, 68, 56], "l_ankle": [0.596501350402832, 68, 52], "r_wrist": [1.0827783346176147, 80, 32]}