{"head": [0.44000184535980225, 56, 56], "l_knee": [0.005196556448936462, 32, 76], "r_hip": [0.06227460503578186, 68, 16], "l_ankle": [0.0035476237535476685, 24, 16], "r_shoulder": [0.18072588741779327, 64, 40], "r_knee": [0.20594240725040436, 52, 36], "l_shoulder": [0.22886791825294495, 76, 64], "l_elbow": [0.32332995533943176, 72, 72], "neck": [0.2721804678440094, 72, 52], "r_elbow": [0.5068294405937195, 68, 28], "r_wrist": [0.8946597576141357, 80, 32], "l_hip": [7.484853267669678e-05, 44, 32], "l_wrist": [0.6215922832489014, 84, 68], "r_ankle": [0.006986387073993683, 92, 14]}