{"head": [0.8023589849472046, 20, 48], "l_wrist": [0.9354559183120728, 84, 68], "neck": [0.7732963562011719, 40, 48], "r_shoulder": [0.9970470666885376, 40, 36], "l_shoulder": [0.8664888143539429, 40, 64], "l_ankle": [0.4623566269874573, 72, 52], "l_elbow": [0.8509394526481628, 60, 64], "r_hip": [0.8067429065704346, 60, 40], "r_knee": [0.7814401984214783, 72, 44], "r_elbow": [0.909993052482605, 60, 36], "r_ankle": [0.20266872644424438, 68, 44], "l_hip": [0.8357061743736267, 60, 52], "l_knee": [0.33261552453041077, 67, 52], "r_wrist": [1.0874309539794922, 80, 32]}