{"head": [1.0330976247787476, 20, 52], "r_ankle": [0.7312465310096741, 68, 44], "r_knee": [0.2434208244085312, 66, 41], "l_elbow": [0.8637421131134033, 60, 64], "r_shoulder": [1.026928424835205, 40, 40], "neck": [1.0096346139907837, 40, 52], "l_shoulder": [0.9990953207015991, 40, 64], "r_hip": [0.5690308809280396, 56, 44], "r_elbow": [0.9944472312927246, 60, 36], "l_wrist": [0.850468635559082, 84, 68], "l_hip": [0.6765828132629395, 60, 56], "l_knee": [0.4608784019947052, 66, 52], "l_ankle": [0.6151248812675476, 68, 52], "r_wrist": [1.0043643712997437, 80, 32]}