{"head": [1.125434398651123, 28, 48], "r_ankle": [0.14189210534095764, 72, 48], "neck": [1.0996670722961426, 40, 48], "l_shoulder": [0.9933496713638306, 40, 56], "r_shoulder": [0.9080532789230347, 44, 40], "r_elbow": [0.9755765199661255, 52, 40], "l_elbow": [0.8985512256622314, 52, 56], "l_wrist": [0.8741919994354248, 56, 60], "r_wrist": [0.9330699443817139, 56, 36], "r_hip": [0.9418243169784546, 60, 44], "l_hip": [0.9619829654693604, 60, 52], "l_ankle": [0.15388265252113342, 68, 52], "r_knee": [0.8316740989685059, 72, 44], "l_knee": [0.8826115727424622, 76, 52]}