{"head": [0.9882627129554749, 24, 52], "r_elbow": [1.0688706636428833, 64, 32], "r_shoulder": [0.9128365516662598, 44, 40], "neck": [0.8169938921928406, 44, 52], "l_shoulder": [0.8376160264015198, 44, 64], "r_hip": [0.5117296576499939, 64, 44], "r_knee": [0.31604719161987305, 69, 40], "l_wrist": [1.0732420682907104, 84, 68], "r_ankle": [0.09870397299528122, 72, 28], "l_hip": [0.6621962785720825, 64, 56], "l_elbow": [0.9029799699783325, 64, 68], "l_knee": [0.41702818870544434, 68, 64], "l_ankle": [0.16564524173736572, 72, 52], "r_wrist": [0.7804468870162964, 80, 32]}