{"head": [0.8901732563972473, 24, 52], "r_shoulder": [1.0082343816757202, 40, 40], "r_hip": [0.7463000416755676, 56, 44], "neck": [0.8861655592918396, 40, 52], "l_shoulder": [0.9197210073471069, 40, 64], "r_knee": [0.24624969065189362, 60, 20], "r_ankle": [0.715211808681488, 68, 44], "r_elbow": [1.074897289276123, 60, 36], "l_elbow": [0.7881180047988892, 60, 64], "l_wrist": [0.9259940385818481, 84, 68], "l_hip": [0.7592898011207581, 56, 56], "l_ankle": [0.17601442337036133, 68, 48], "l_knee": [0.8710644245147705, 72, 52], "r_wrist": [1.0416219234466553, 80, 32]}