{"head": [1.1727977991104126, 28, 48], "r_ankle": [0.13860443234443665, 72, 48], "neck": [1.0630348920822144, 40, 48], "l_shoulder": [0.9945275783538818, 40, 56], "r_shoulder": [0.939072847366333, 44, 40], "r_knee": [0.8190782070159912, 76, 44], "l_elbow": [0.9217568635940552, 52, 56], "r_elbow": [0.8757548332214355, 52, 40], "l_wrist": [0.817839503288269, 56, 60], "r_wrist": [0.9708304405212402, 60, 36], "r_hip": [0.8811893463134766, 60, 44], "l_hip": [0.9636508226394653, 60, 52], "l_ankle": [0.12412580847740173, 68, 52], "l_knee": [0.9020794034004211, 76, 52]}