{"head": [0.8727216124534607, 24, 48], "l_wrist": [0.9071058034896851, 80, 68], "r_shoulder": [1.0061275959014893, 40, 36], "neck": [0.9443625211715698, 40, 48], "l_shoulder": [0.9985214471817017, 40, 60], "r_knee": [0.7730673551559448, 72, 44], "r_elbow": [0.9127013683319092, 60, 32], "r_hip": [0.7053852677345276, 60, 44], "l_hip": [0.8652725219726562, 60, 52], "l_elbow": [0.9997298717498779, 60, 64], "r_ankle": [0.09319949895143509, 68, 44], "l_ankle": [0.30342185497283936, 68, 52], "l_knee": [0.8643493056297302, 72, 52], "r_wrist": [1.0320470333099365, 84, 32]}