{"head": [1.0974292755126953, 28, 48], "r_ankle": [0.1486886739730835, 72, 48], "neck": [1.0996283292770386, 40, 48], "l_shoulder": [0.9903172254562378, 40, 56], "r_shoulder": [0.9011183977127075, 40, 40], "r_knee": [0.8422105312347412, 72, 44], "r_elbow": [0.889244556427002, 52, 40], "l_elbow": [0.828100323677063, 52, 56], "l_wrist": [0.8928014039993286, 56, 60], "r_hip": [0.8822841048240662, 60, 44], "l_hip": [0.9778109788894653, 60, 52], "r_wrist": [0.5310103893280029, 56, 40], "l_ankle": [0.1455060839653015, 68, 52], "l_knee": [0.9304043054580688, 72, 52]}