{"head": [0.49042707681655884, 52, 52], "l_knee": [0.007834607735276222, 32, 75], "r_hip": [0.051779910922050476, 72, 20], "r_ankle": [0.005756169557571411, 92, 16], "l_ankle": [0.0061071813106536865, 24, 16], "r_knee": [0.04338228702545166, 48, 20], "r_shoulder": [0.4815501570701599, 64, 36], "l_wrist": [0.9189226627349854, 84, 68], "l_shoulder": [0.3337337076663971, 72, 64], "neck": [0.3449750542640686, 76, 52], "l_elbow": [0.4075005054473877, 64, 72], "r_elbow": [0.8078441619873047, 68, 28], "r_wrist": [0.8110991716384888, 80, 32]}