{"head": [0.4199446439743042, 56, 56], "r_hip": [0.1083897203207016, 68, 16], "l_ankle": [0.0010875612497329712, 24, 20], "l_elbow": [0.1406448930501938, 76, 68], "l_knee": [0.008356193080544472, 32, 75], "r_knee": [0.10290269553661346, 52, 36], "l_wrist": [0.5433826446533203, 84, 68], "r_shoulder": [0.15263868868350983, 64, 40], "l_hip": [0.05631611496210098, 72, 24], "l_shoulder": [0.15060093998908997, 68, 68], "neck": [0.25007253885269165, 64, 52], "r_elbow": [0.6449303030967712, 68, 28], "r_wrist": [0.7103135585784912, 80, 32], "r_ankle": [0.007961250841617584, 92, 16]}