{"head": [0.8130712509155273, 24, 52], "r_ankle": [0.13790607452392578, 68, 28], "l_elbow": [1.010960340499878, 64, 68], "r_shoulder": [0.8571116328239441, 40, 40], "neck": [0.880717396736145, 44, 52], "l_shoulder": [0.9256302118301392, 44, 64], "r_hip": [0.5215969085693359, 64, 40], "r_knee": [0.48786866664886475, 68, 40], "r_elbow": [0.8191925287246704, 60, 32], "l_wrist": [1.1019049882888794, 84, 68], "l_hip": [0.6401323080062866, 64, 56], "l_knee": [0.48605477809906006, 64, 60], "l_ankle": [0.5400066375732422, 72, 52], "r_wrist": [0.9101965427398682, 80, 32]}