{"head": [0.5982670783996582, 56, 56], "l_ankle": [0.004288285970687866, 20, 16], "r_hip": [0.10812227427959442, 68, 16], "r_ankle": [0.010693363845348358, 92, 16], "l_knee": [0.014657750725746155, 56, 72], "l_elbow": [0.4347904324531555, 68, 72], "r_knee": [0.034261301159858704, 48, 20], "l_shoulder": [0.3863978385925293, 76, 64], "r_shoulder": [0.5237013101577759, 68, 40], "l_wrist": [0.6973518133163452, 80, 68], "r_wrist": [0.870226263999939, 80, 32], "l_hip": [0.025300078094005585, 76, 24], "r_elbow": [0.7383621335029602, 64, 28], "neck": [0.5692498683929443, 76, 52]}