{"head": [0.59296053647995, 56, 56], "l_ankle": [0.0028839409351348877, 88, 72], "r_hip": [0.08870907127857208, 68, 16], "l_knee": [0.010158713907003403, 51, 24], "r_knee": [0.05418524146080017, 52, 36], "l_elbow": [0.404876172542572, 72, 72], "r_shoulder": [0.4615815281867981, 68, 40], "l_hip": [0.012739161029458046, 84, 51], "r_wrist": [0.8630361557006836, 80, 32], "l_shoulder": [0.2541407644748688, 68, 68], "l_wrist": [0.632948637008667, 80, 68], "r_elbow": [0.6891782283782959, 64, 28], "neck": [0.31056490540504456, 72, 52]}