{"head": [0.5036488771438599, 56, 52], "l_ankle": [0.005330204963684082, 24, 16], "l_knee": [0.008894972503185272, 56, 72], "r_hip": [0.0964488685131073, 68, 16], "r_ankle": [0.005638573318719864, 91, 16], "l_elbow": [0.4745407700538635, 64, 68], "r_knee": [0.05103181302547455, 48, 20], "l_hip": [0.014717333018779755, 76, 24], "l_wrist": [0.8306388854980469, 84, 68], "r_shoulder": [0.5778977274894714, 64, 36], "l_shoulder": [0.46295738220214844, 76, 64], "r_elbow": [0.8620362877845764, 68, 28], "neck": [0.582819402217865, 76, 52], "r_wrist": [0.8040430545806885, 80, 32]}