{"head": [0.9429120421409607, 20, 48], "r_elbow": [0.8851422667503357, 56, 36], "l_wrist": [0.7448676824569702, 80, 68], "r_shoulder": [0.8987966775894165, 40, 36], "neck": [0.9221165180206299, 40, 48], "l_shoulder": [0.902649998664856, 40, 60], "r_wrist": [0.6976032257080078, 52, 48], "r_knee": [0.787611722946167, 72, 44], "r_ankle": [0.08790216594934464, 92, 16], "r_hip": [0.4213383197784424, 64, 40], "l_elbow": [0.8724449872970581, 64, 64], "l_hip": [0.39357003569602966, 64, 48], "l_knee": [0.0033441707491874695, 68, 68], "l_ankle": [0.09796266257762909, 72, 52]}