{"head": [0.7574273943901062, 24, 48], "l_wrist": [0.9669085741043091, 84, 68], "r_shoulder": [0.9369059801101685, 40, 36], "neck": [0.8905130624771118, 40, 48], "l_shoulder": [0.7917708158493042, 40, 60], "l_elbow": [1.035097360610962, 60, 64], "r_hip": [0.7476791143417358, 60, 44], "r_knee": [0.7435063123703003, 72, 44], "r_elbow": [0.8998556137084961, 60, 32], "l_hip": [0.8334221243858337, 60, 52], "r_ankle": [0.13054735958576202, 75, 48], "l_ankle": [0.34004104137420654, 69, 52], "l_knee": [0.8749553561210632, 72, 52], "r_wrist": [1.0018059015274048, 80, 32]}