{"head": [0.60658860206604, 40, 52], "r_shoulder": [0.9141029119491577, 52, 36], "r_elbow": [0.9496821165084839, 68, 32], "r_hip": [0.6466447710990906, 68, 44], "r_knee": [0.019174203276634216, 48, 20], "r_wrist": [0.8775190114974976, 80, 32], "neck": [0.7905513048171997, 56, 52], "l_wrist": [1.1425069570541382, 84, 68], "l_hip": [0.6224096417427063, 68, 60], "l_shoulder": [0.8645439147949219, 56, 68], "l_elbow": [0.9248406887054443, 68, 72], "l_knee": [0.003987058997154236, 76, 80], "l_ankle": [0.06383512914180756, 76, 52], "r_ankle": [0.015346355736255646, 76, 48]}