{"head": [0.6110180616378784, 52, 52], "l_ankle": [0.003349289298057556, 24, 20], "l_knee": [0.005927234888076782, 32, 74], "r_hip": [0.10957078635692596, 68, 16], "r_ankle": [0.003318488597869873, 24, 16], "r_knee": [0.05155670642852783, 80, 20], "l_elbow": [0.6438472867012024, 68, 72], "l_wrist": [1.0298714637756348, 84, 68], "neck": [0.7080461382865906, 72, 52], "r_shoulder": [0.8319362998008728, 64, 36], "l_shoulder": [0.5436066389083862, 68, 68], "l_hip": [0.034734614193439484, 84, 60], "r_elbow": [0.8273765444755554, 68, 28], "r_wrist": [0.7297906875610352, 80, 32]}