{"head": [0.5314199924468994, 56, 56], "l_ankle": [0.005066767334938049, 28, 16], "r_hip": [0.10219702124595642, 68, 16], "r_ankle": [0.0033290237188339233, 32, 16], "l_knee": [0.011891376227140427, 47, 40], "l_elbow": [0.38567543029785156, 72, 72], "r_knee": [0.10616213083267212, 52, 36], "l_shoulder": [0.381488561630249, 76, 64], "l_hip": [0.006653197109699249, 52, 28], "r_shoulder": [0.5451167821884155, 68, 40], "r_elbow": [0.7443357706069946, 64, 28], "neck": [0.6229950189590454, 76, 52], "r_wrist": [0.9142203330993652, 80, 32], "l_wrist": [0.6184672117233276, 84, 68]}