{"head": [0.9419636130332947, 12, 56], "r_ankle": [0.012002475559711456, 88, 88], "r_shoulder": [0.8563421964645386, 36, 40], "r_hip": [0.8073264956474304, 56, 44], "neck": [0.8850221633911133, 36, 56], "l_shoulder": [0.8019499182701111, 40, 68], "l_elbow": [0.31538698077201843, 56, 72], "r_knee": [1.0233893394470215, 76, 40], "l_wrist": [0.21357858180999756, 68, 68], "r_elbow": [1.1096322536468506, 60, 36], "l_hip": [0.6964348554611206, 60, 56], "l_knee": [1.0098793506622314, 76, 52], "l_ankle": [0.270801842212677, 71, 52], "r_wrist": [1.0868884325027466, 80, 32]}