{"head": [1.1481491327285767, 28, 48], "r_ankle": [0.13072624802589417, 72, 48], "r_shoulder": [0.944941520690918, 44, 40], "neck": [1.0577716827392578, 40, 48], "l_shoulder": [1.0064541101455688, 40, 56], "r_knee": [0.8421242237091064, 72, 44], "l_elbow": [0.8972150087356567, 52, 56], "r_elbow": [0.926302433013916, 52, 36], "r_hip": [0.8770760893821716, 60, 44], "l_hip": [0.9199782609939575, 60, 52], "l_wrist": [0.8147732019424438, 60, 60], "r_wrist": [0.8527776002883911, 60, 36], "l_ankle": [0.11968448758125305, 68, 52], "l_knee": [0.924972414970398, 76, 52]}