{"head": [0.7736241221427917, 20, 48], "l_wrist": [0.7531098127365112, 80, 68], "r_shoulder": [0.9498118162155151, 40, 36], "neck": [0.8080335259437561, 40, 48], "l_shoulder": [0.8449869155883789, 40, 60], "r_knee": [0.5848228931427002, 76, 44], "r_elbow": [0.8773074150085449, 56, 32], "r_hip": [0.5779277086257935, 60, 40], "l_hip": [0.6466559171676636, 64, 48], "l_elbow": [0.8443601131439209, 60, 64], "r_ankle": [0.06484555453062057, 68, 32], "r_wrist": [0.8895490169525146, 68, 40], "l_knee": [0.016336366534233093, 68, 68], "l_ankle": [0.015447057783603668, 72, 51]}