{"head": [0.8847264647483826, 20, 52], "r_ankle": [0.689656674861908, 68, 44], "r_knee": [0.34910672903060913, 64, 45], "r_elbow": [0.9557356834411621, 60, 36], "r_shoulder": [0.9668234586715698, 40, 40], "neck": [0.8563562631607056, 40, 52], "l_shoulder": [0.988349199295044, 40, 64], "r_hip": [0.808051347732544, 56, 44], "l_wrist": [1.038696050643921, 84, 68], "l_hip": [0.8539103269577026, 56, 56], "l_elbow": [0.8883180022239685, 60, 64], "l_knee": [0.6212883591651917, 64, 56], "l_ankle": [0.45048272609710693, 68, 52], "r_wrist": [1.078393816947937, 80, 32]}