{"head": [0.7592820525169373, 20, 52], "r_knee": [0.33004269003868103, 65, 43], "r_elbow": [1.0670017004013062, 60, 36], "l_elbow": [0.842060387134552, 60, 64], "r_shoulder": [1.0312988758087158, 40, 40], "neck": [0.9566382169723511, 40, 52], "l_shoulder": [0.9724757671356201, 40, 64], "r_hip": [0.73264479637146, 56, 44], "l_hip": [0.7135327458381653, 56, 56], "r_ankle": [0.6173623204231262, 68, 44], "l_knee": [0.6090129017829895, 64, 56], "l_ankle": [0.6622568964958191, 68, 52], "r_wrist": [1.021992802619934, 80, 32], "l_wrist": [0.9836959838867188, 84, 68]}