{"head": [0.4870310425758362, 56, 56], "l_ankle": [0.0043770670890808105, 24, 16], "r_hip": [0.0765036940574646, 68, 16], "l_knee": [0.009034290909767151, 84, 76], "r_knee": [0.12145335972309113, 52, 36], "l_elbow": [0.3226678669452667, 72, 72], "r_shoulder": [0.3784111738204956, 68, 36], "l_shoulder": [0.19823244214057922, 68, 70], "r_elbow": [0.6773437261581421, 64, 28], "neck": [0.27439752221107483, 76, 52], "r_wrist": [0.8393537998199463, 80, 32], "l_wrist": [0.6721060276031494, 80, 68], "l_hip": [0.007864847779273987, 84, 60], "r_ankle": [0.010349936783313751, 92, 16]}