{"head": [0.8813599944114685, 12, 52], "r_ankle": [0.3627583980560303, 70, 45], "r_hip": [0.7129465937614441, 60, 44], "r_shoulder": [0.7843263745307922, 40, 40], "neck": [0.9441425800323486, 36, 52], "l_shoulder": [0.7431909441947937, 40, 68], "l_wrist": [0.764957070350647, 84, 68], "l_elbow": [0.9815735816955566, 60, 68], "r_knee": [0.5854388475418091, 68, 44], "r_wrist": [1.0832321643829346, 80, 32], "r_elbow": [0.9787642955780029, 60, 36], "l_hip": [0.8019535541534424, 60, 56], "l_ankle": [0.2878187894821167, 72, 56], "l_knee": [0.9139443635940552, 76, 52]}