{"head": [0.8587638139724731, 24, 48], "l_wrist": [0.9449936151504517, 84, 68], "r_shoulder": [1.019745111465454, 40, 36], "neck": [0.9287362098693848, 40, 48], "l_shoulder": [0.9456923007965088, 40, 60], "r_hip": [0.854228675365448, 60, 40], "l_ankle": [0.29393479228019714, 75, 49], "r_elbow": [1.0337305068969727, 60, 32], "l_hip": [0.8985357284545898, 60, 52], "l_elbow": [0.9075798988342285, 60, 64], "r_knee": [0.802239716053009, 72, 40], "r_ankle": [0.16446956992149353, 68, 44], "l_knee": [0.8546145558357239, 72, 52], "r_wrist": [1.0209169387817383, 84, 32]}