{"head": [0.8948845267295837, 20, 56], "r_ankle": [0.8007737994194031, 68, 44], "r_knee": [0.3033559322357178, 64, 44], "r_wrist": [1.0563147068023682, 80, 32], "r_shoulder": [1.0199620723724365, 40, 40], "neck": [0.9582183361053467, 40, 52], "l_shoulder": [0.9914532899856567, 40, 64], "r_hip": [0.7330870032310486, 56, 44], "l_wrist": [1.0035725831985474, 84, 68], "l_hip": [0.8173462152481079, 60, 56], "r_elbow": [1.021644115447998, 60, 36], "l_elbow": [0.8161051273345947, 60, 68], "l_ankle": [0.2856048047542572, 72, 56], "l_knee": [1.015397548675537, 76, 52]}