{"head": [1.0691841840744019, 28, 48], "r_ankle": [0.10721578449010849, 72, 48], "neck": [1.0872712135314941, 40, 48], "l_shoulder": [0.9809322357177734, 44, 56], "r_shoulder": [0.8839267492294312, 40, 40], "r_knee": [0.7845130562782288, 72, 44], "r_elbow": [0.84246826171875, 52, 36], "l_elbow": [0.8484095335006714, 52, 56], "l_wrist": [0.5982608795166016, 56, 60], "r_hip": [0.8585819005966187, 60, 44], "l_hip": [0.9472947120666504, 60, 52], "r_wrist": [0.9414658546447754, 60, 40], "l_ankle": [0.13859900832176208, 68, 52], "l_knee": [0.9379907846450806, 72, 52]}