{"head": [0.8965975642204285, 20, 48], "r_knee": [0.8308488130569458, 72, 44], "r_elbow": [0.9317324161529541, 56, 36], "l_wrist": [0.7985148429870605, 80, 68], "neck": [0.8074600100517273, 36, 48], "r_shoulder": [0.8840129375457764, 40, 40], "l_shoulder": [0.9715313911437988, 40, 60], "l_elbow": [0.8722217082977295, 60, 64], "r_wrist": [0.9227466583251953, 48, 48], "r_ankle": [0.2787933349609375, 68, 32], "r_hip": [0.5686554908752441, 60, 44], "l_hip": [0.5216383337974548, 64, 52], "l_ankle": [0.21388745307922363, 68, 52], "l_knee": [0.005669489502906799, 68, 68]}