{"head": [0.7856603860855103, 24, 52], "r_shoulder": [1.0058598518371582, 40, 40], "neck": [0.9310692548751831, 40, 52], "l_shoulder": [1.0090796947479248, 40, 64], "r_hip": [0.7638959288597107, 56, 44], "r_knee": [0.23797786235809326, 64, 42], "r_elbow": [1.0255619287490845, 60, 36], "l_elbow": [0.8666818737983704, 60, 64], "l_hip": [0.8536874651908875, 56, 56], "l_knee": [0.6083987951278687, 64, 52], "r_ankle": [0.7780501842498779, 68, 44], "l_ankle": [0.5800078511238098, 68, 52], "l_wrist": [0.9318323135375977, 84, 68], "r_wrist": [0.9938360452651978, 80, 32]}