{"head": [1.0123772621154785, 24, 52], "r_elbow": [0.7773268818855286, 60, 36], "r_shoulder": [0.7886313796043396, 40, 40], "neck": [0.7877848744392395, 44, 52], "l_shoulder": [1.005544900894165, 44, 64], "r_hip": [0.6292809247970581, 56, 44], "r_knee": [0.4691944718360901, 68, 40], "l_hip": [0.7355864644050598, 60, 56], "r_ankle": [0.5398768186569214, 68, 44], "l_elbow": [0.8867942094802856, 64, 68], "l_knee": [0.5307583808898926, 68, 56], "l_ankle": [0.5355923175811768, 68, 48], "r_wrist": [0.9428857564926147, 80, 32], "l_wrist": [1.0694419145584106, 84, 68]}