{"head": [0.9165616631507874, 32, 48], "r_ankle": [0.028721816837787628, 68, 44], "r_elbow": [0.8227537274360657, 64, 32], "l_knee": [0.9625346660614014, 72, 52], "r_shoulder": [0.8440394997596741, 44, 40], "l_shoulder": [0.8299959301948547, 48, 60], "neck": [0.7366806268692017, 44, 48], "r_hip": [0.8272160291671753, 60, 44], "r_knee": [0.8373605608940125, 72, 44], "l_wrist": [0.9002774953842163, 84, 68], "l_hip": [0.9807600975036621, 60, 52], "l_elbow": [0.9835538864135742, 64, 64], "l_ankle": [0.04268980026245117, 68, 48], "r_wrist": [1.0495524406433105, 84, 32]}