{"head": [0.9807513356208801, 20, 52], "r_ankle": [0.5860193967819214, 68, 44], "r_knee": [0.4174255132675171, 65, 44], "r_wrist": [1.0173527002334595, 80, 32], "l_elbow": [0.8672601580619812, 60, 64], "neck": [0.9267981052398682, 40, 52], "r_shoulder": [0.9918934106826782, 40, 40], "l_shoulder": [0.9967294931411743, 40, 64], "r_hip": [0.6271651387214661, 56, 44], "r_elbow": [1.038804531097412, 60, 36], "l_wrist": [0.891304612159729, 84, 68], "l_hip": [0.6347916722297668, 60, 56], "l_knee": [0.48551279306411743, 64, 56], "l_ankle": [0.5862393975257874, 68, 52]}