{"head": [0.9058634638786316, 20, 52], "r_ankle": [0.6698569059371948, 68, 44], "r_knee": [0.397536039352417, 64, 44], "r_elbow": [0.964102029800415, 60, 36], "l_wrist": [1.0476000308990479, 84, 68], "r_shoulder": [0.9743334054946899, 40, 40], "neck": [0.8623940944671631, 40, 52], "l_shoulder": [0.993376612663269, 40, 64], "r_hip": [0.7971320152282715, 56, 44], "l_hip": [0.8634148836135864, 56, 56], "l_elbow": [0.871202290058136, 60, 64], "l_knee": [0.6231878399848938, 64, 56], "l_ankle": [0.4237062335014343, 68, 52], "r_wrist": [1.0808144807815552, 80, 32]}