{"head": [0.43155425786972046, 80, 52], "l_knee": [0.007987495511770248, 90, 12], "r_knee": [0.05211617052555084, 48, 20], "r_hip": [0.10001765191555023, 68, 16], "l_ankle": [0.005019344389438629, 24, 18], "r_ankle": [0.007048577070236206, 24, 16], "l_elbow": [0.5169273018836975, 64, 72], "l_wrist": [0.8748130798339844, 84, 68], "r_shoulder": [0.5752310752868652, 64, 36], "l_hip": [0.02151978760957718, 76, 24], "l_shoulder": [0.4066036343574524, 76, 64], "neck": [0.559872031211853, 72, 52], "r_elbow": [0.8487892746925354, 68, 28], "r_wrist": [0.7870645523071289, 80, 32]}