{"head": [0.7805323600769043, 20, 52], "r_ankle": [0.6792759299278259, 68, 44], "l_wrist": [0.8509416580200195, 84, 68], "neck": [0.8672797679901123, 36, 52], "r_shoulder": [0.9515568017959595, 40, 40], "l_shoulder": [1.0055323839187622, 40, 64], "r_hip": [0.6217747330665588, 56, 44], "l_hip": [0.635172426700592, 60, 56], "r_knee": [0.2469910979270935, 64, 42], "r_elbow": [0.9780867099761963, 60, 36], "l_elbow": [0.9255775213241577, 60, 64], "l_knee": [0.5473336577415466, 64, 56], "l_ankle": [0.5906543135643005, 68, 52], "r_wrist": [1.002741813659668, 80, 32]}