{"head": [0.836995542049408, 24, 52], "l_elbow": [0.8033944964408875, 60, 64], "l_wrist": [0.8645563125610352, 84, 68], "r_shoulder": [0.9385597705841064, 40, 40], "neck": [0.7351734042167664, 40, 48], "l_shoulder": [0.739073634147644, 40, 60], "r_knee": [0.8437080383300781, 72, 44], "r_hip": [0.7000188231468201, 60, 40], "r_elbow": [1.097174882888794, 56, 32], "l_hip": [0.7675802111625671, 60, 52], "r_wrist": [0.9992201328277588, 72, 32], "l_ankle": [0.3120199143886566, 72, 52], "l_knee": [0.017598114907741547, 68, 68], "r_ankle": [0.07129252701997757, 80, 28]}