{"head": [0.9831412434577942, 12, 52], "r_ankle": [0.15449786186218262, 74, 46], "r_shoulder": [0.8401761054992676, 40, 40], "neck": [0.8989572525024414, 36, 52], "l_shoulder": [0.9205683469772339, 40, 68], "l_wrist": [0.1743169128894806, 64, 68], "l_elbow": [0.4860185980796814, 60, 68], "r_wrist": [1.0832138061523438, 80, 32], "r_hip": [0.7317313551902771, 60, 44], "r_knee": [0.877946138381958, 72, 40], "r_elbow": [1.1217701435089111, 60, 36], "l_hip": [0.7267036437988281, 60, 60], "l_knee": [0.9442392587661743, 76, 52], "l_ankle": [0.3655165433883667, 72, 68]}