{"head": [0.635300874710083, 56, 56], "l_ankle": [0.004022970795631409, 20, 16], "r_hip": [0.1111537516117096, 68, 16], "l_knee": [0.01292198896408081, 56, 72], "r_ankle": [0.00901089608669281, 92, 15], "l_elbow": [0.4688677191734314, 68, 72], "r_knee": [0.037679389119148254, 48, 20], "l_shoulder": [0.3751305639743805, 76, 64], "r_shoulder": [0.5559096336364746, 68, 40], "l_wrist": [0.650194525718689, 80, 68], "r_wrist": [0.8862417936325073, 80, 32], "l_hip": [0.007622845470905304, 52, 28], "r_elbow": [0.7724753022193909, 64, 28], "neck": [0.5540322065353394, 76, 52]}