{"head": [0.9782248139381409, 20, 52], "r_ankle": [0.5523698329925537, 68, 44], "r_knee": [0.4524436295032501, 66, 44], "neck": [0.9042540788650513, 40, 52], "r_shoulder": [0.9830974340438843, 40, 40], "l_shoulder": [0.9859942197799683, 40, 64], "r_hip": [0.6610729098320007, 60, 44], "r_elbow": [1.030064582824707, 60, 36], "l_hip": [0.6498146057128906, 60, 56], "l_elbow": [0.8872122168540955, 60, 64], "l_knee": [0.5317535400390625, 64, 56], "l_ankle": [0.5502389073371887, 68, 52], "r_wrist": [0.983195424079895, 80, 32], "l_wrist": [0.8865698575973511, 84, 68]}