{"head": [0.5715637803077698, 52, 52], "l_knee": [0.012592844665050507, 56, 72], "r_hip": [0.0823674201965332, 72, 20], "l_ankle": [0.0033810436725616455, 24, 16], "r_ankle": [0.005347847938537598, 91, 12], "r_knee": [0.04114699363708496, 48, 20], "l_elbow": [0.5632283687591553, 64, 72], "l_wrist": [0.9331345558166504, 84, 68], "l_hip": [0.004982344806194305, 48, 32], "l_shoulder": [0.47211140394210815, 76, 64], "neck": [0.6355522274971008, 76, 52], "r_shoulder": [0.7827516794204712, 64, 36], "r_elbow": [0.887432336807251, 68, 28], "r_wrist": [0.8535025119781494, 80, 32]}