{"head": [0.8759978413581848, 20, 52], "l_elbow": [0.8686832785606384, 64, 68], "r_shoulder": [1.0115994215011597, 40, 40], "neck": [0.9267275333404541, 40, 52], "l_shoulder": [0.9085386991500854, 40, 64], "r_hip": [0.6498010158538818, 60, 44], "r_knee": [0.4630953371524811, 68, 42], "r_ankle": [0.579450249671936, 68, 44], "r_elbow": [0.9875285625457764, 60, 36], "l_hip": [0.717974066734314, 60, 56], "l_knee": [0.498295396566391, 68, 53], "l_ankle": [0.5556952357292175, 68, 52], "l_wrist": [1.0470372438430786, 84, 68], "r_wrist": [0.9828221797943115, 80, 32]}