{"head": [0.5380939245223999, 52, 56], "l_knee": [0.01301034539937973, 60, 72], "r_hip": [0.10760855674743652, 68, 16], "l_ankle": [0.0023105889558792114, 24, 16], "r_knee": [0.1385549157857895, 52, 36], "l_elbow": [0.43959611654281616, 68, 72], "l_wrist": [0.7043749094009399, 84, 68], "r_elbow": [0.6980958580970764, 68, 28], "l_hip": [0.008597642183303833, 52, 28], "r_ankle": [0.00817558541893959, 91, 16], "l_shoulder": [0.31212109327316284, 76, 64], "r_wrist": [0.9457467794418335, 80, 32], "r_shoulder": [0.547779381275177, 64, 40], "neck": [0.5725558400154114, 72, 52]}