{"head": [1.1080918312072754, 28, 48], "r_ankle": [0.0965082123875618, 68, 32], "r_shoulder": [0.9623563289642334, 40, 40], "neck": [1.025351881980896, 40, 48], "l_shoulder": [1.051426887512207, 40, 56], "r_knee": [0.8656196594238281, 72, 44], "r_elbow": [0.9690064191818237, 52, 36], "l_elbow": [1.0401079654693604, 52, 60], "r_hip": [0.8155531883239746, 60, 44], "l_hip": [0.8521732687950134, 60, 52], "l_wrist": [0.8992129564285278, 60, 56], "r_wrist": [1.002060890197754, 60, 40], "l_ankle": [0.11604100465774536, 68, 52], "l_knee": [0.9539549350738525, 72, 52]}