{"head": [0.9748517870903015, 20, 52], "r_ankle": [0.7322387099266052, 68, 44], "r_knee": [0.21902896463871002, 66, 41], "l_elbow": [0.8220487833023071, 60, 64], "r_shoulder": [1.042348027229309, 40, 40], "neck": [1.010032296180725, 40, 52], "l_shoulder": [1.0073769092559814, 40, 64], "r_hip": [0.5847880840301514, 56, 44], "r_elbow": [0.9672542810440063, 60, 36], "l_wrist": [0.911338210105896, 84, 68], "l_hip": [0.6735471487045288, 60, 56], "l_knee": [0.456803560256958, 64, 52], "l_ankle": [0.6370368003845215, 68, 52], "r_wrist": [0.9995375871658325, 80, 32]}