{"head": [1.1586109399795532, 28, 48], "r_ankle": [0.1561509072780609, 72, 48], "neck": [1.081313967704773, 40, 48], "l_shoulder": [0.9999338388442993, 40, 56], "r_shoulder": [0.9641047716140747, 44, 40], "r_knee": [0.782409131526947, 72, 44], "l_elbow": [0.9467791318893433, 52, 56], "r_elbow": [0.964629054069519, 52, 36], "l_wrist": [0.9057357311248779, 56, 60], "r_wrist": [0.8256230354309082, 60, 36], "r_hip": [0.909745991230011, 60, 44], "l_hip": [0.9660589694976807, 60, 52], "l_ankle": [0.14302009344100952, 68, 52], "l_knee": [0.879483699798584, 76, 52]}