{"head": [0.9364053606987, 20, 52], "r_ankle": [0.6754955053329468, 68, 44], "r_knee": [0.20175597071647644, 66, 41], "l_elbow": [0.8511756658554077, 60, 64], "r_shoulder": [1.0692164897918701, 40, 40], "neck": [0.9805614948272705, 40, 52], "l_shoulder": [1.0177998542785645, 40, 64], "r_hip": [0.6433034539222717, 56, 44], "r_elbow": [0.9547277688980103, 60, 36], "l_hip": [0.6558640599250793, 60, 56], "l_wrist": [0.9378259181976318, 84, 68], "l_knee": [0.5296228528022766, 64, 56], "l_ankle": [0.5990862846374512, 68, 52], "r_wrist": [0.9909200668334961, 80, 32]}