{"head": [0.3953220248222351, 56, 56], "l_knee": [0.012085555121302605, 52, 23], "r_hip": [0.05097299814224243, 68, 16], "l_ankle": [0.0037231743335723877, 24, 16], "r_ankle": [0.0034934040158987045, 49, 72], "r_knee": [0.11839142441749573, 52, 36], "l_elbow": [0.3009166419506073, 72, 72], "r_shoulder": [0.3281285762786865, 64, 40], "r_elbow": [0.5303764939308167, 68, 28], "l_shoulder": [0.23456859588623047, 76, 64], "l_hip": [0.011828389018774033, 48, 30], "neck": [0.36651208996772766, 72, 52], "r_wrist": [0.9118862152099609, 80, 32], "l_wrist": [0.5661152601242065, 80, 68]}