{"head": [1.111823558807373, 28, 48], "r_ankle": [0.007020138204097748, 92, 16], "r_knee": [0.6273384094238281, 76, 44], "neck": [1.0753048658370972, 40, 48], "r_shoulder": [1.0371100902557373, 44, 40], "l_shoulder": [0.9975224733352661, 44, 56], "r_elbow": [1.10907781124115, 56, 36], "l_elbow": [1.0676496028900146, 56, 60], "r_hip": [0.9481959342956543, 60, 44], "l_hip": [0.9083812236785889, 60, 52], "l_wrist": [0.9034955501556396, 68, 60], "r_wrist": [1.0345048904418945, 68, 36], "l_ankle": [0.0396256223320961, 68, 50], "l_knee": [0.9724540710449219, 76, 52]}