{"head": [0.6059110760688782, 52, 56], "l_knee": [0.009267857298254967, 57, 72], "r_hip": [0.030840933322906494, 56, 44], "l_ankle": [0.0020055770874023438, 20, 20], "r_ankle": [0.004599027335643768, 91, 16], "r_knee": [0.04337593913078308, 48, 20], "l_elbow": [0.4538133144378662, 68, 72], "l_shoulder": [0.44142746925354004, 72, 64], "l_wrist": [1.0602093935012817, 84, 68], "r_shoulder": [0.6577310562133789, 64, 36], "neck": [0.707252562046051, 72, 52], "r_elbow": [0.8336731195449829, 68, 28], "r_wrist": [0.864639401435852, 80, 32]}