{"head": [0.8337981104850769, 24, 52], "r_ankle": [0.03123142570257187, 68, 44], "l_wrist": [0.9763649702072144, 84, 68], "r_shoulder": [0.839708685874939, 40, 36], "neck": [0.7061699628829956, 40, 52], "l_shoulder": [0.7431627511978149, 44, 64], "r_hip": [0.7346018552780151, 60, 44], "r_knee": [0.7437922954559326, 76, 44], "r_elbow": [0.8178517818450928, 60, 36], "l_hip": [0.8866081833839417, 60, 52], "l_elbow": [0.9624757766723633, 60, 64], "l_ankle": [0.06349939107894897, 68, 48], "l_knee": [0.9826174974441528, 72, 52], "r_wrist": [1.025919795036316, 84, 32]}