{"head": [0.7419191598892212, 16, 52], "r_ankle": [0.6510579586029053, 68, 44], "l_elbow": [0.9137458801269531, 60, 64], "neck": [0.8780386447906494, 36, 52], "r_shoulder": [0.9625029563903809, 40, 40], "l_shoulder": [1.0094369649887085, 40, 64], "r_hip": [0.552216112613678, 60, 44], "l_hip": [0.6125110983848572, 60, 56], "r_knee": [0.3030124604701996, 68, 41], "r_elbow": [0.968022346496582, 60, 36], "l_knee": [0.4508664011955261, 68, 56], "l_ankle": [0.5589323043823242, 68, 52], "l_wrist": [0.8646107912063599, 84, 68], "r_wrist": [0.9388202428817749, 80, 32]}