{"head": [0.8970238566398621, 20, 52], "r_ankle": [0.5065300464630127, 68, 44], "r_knee": [0.40725409984588623, 66, 44], "neck": [0.8620795607566833, 36, 52], "r_shoulder": [0.9613620042800903, 40, 40], "l_shoulder": [1.014664649963379, 40, 64], "r_hip": [0.6184433698654175, 60, 44], "l_hip": [0.564602792263031, 60, 56], "r_elbow": [1.0167385339736938, 60, 36], "l_elbow": [0.9340307712554932, 60, 64], "l_knee": [0.5236614942550659, 64, 56], "l_ankle": [0.5375564694404602, 68, 52], "l_wrist": [0.8452246189117432, 84, 68], "r_wrist": [0.9800794124603271, 80, 32]}