{"head": [0.5983259081840515, 56, 56], "l_knee": [0.013350620865821838, 56, 72], "r_hip": [0.1099315881729126, 68, 16], "l_ankle": [0.003071911633014679, 24, 17], "r_ankle": [0.008426927030086517, 92, 12], "r_knee": [0.04108057916164398, 84, 16], "l_elbow": [0.3290863335132599, 72, 72], "r_elbow": [0.765019416809082, 68, 28], "r_wrist": [0.9070495367050171, 80, 32], "l_wrist": [0.7645224332809448, 84, 68], "r_shoulder": [0.4411698579788208, 64, 40], "l_shoulder": [0.3744208514690399, 76, 60], "neck": [0.5149361491203308, 72, 52]}