{"head": [0.8383539319038391, 24, 48], "l_wrist": [0.9249579906463623, 80, 68], "r_shoulder": [1.0107282400131226, 40, 36], "neck": [0.9299443960189819, 40, 48], "l_shoulder": [0.9991142749786377, 40, 60], "r_knee": [0.7757372260093689, 72, 44], "r_elbow": [0.8898516893386841, 60, 32], "r_hip": [0.7156559824943542, 60, 40], "r_ankle": [0.09621229022741318, 68, 44], "l_hip": [0.8706616759300232, 60, 52], "l_elbow": [1.019597053527832, 60, 64], "l_ankle": [0.30880266427993774, 72, 49], "l_knee": [0.88640296459198, 72, 52], "r_wrist": [1.0112173557281494, 80, 32]}