{"head": [0.8675457835197449, 20, 52], "r_ankle": [0.7257346510887146, 68, 44], "r_elbow": [1.0215870141983032, 60, 36], "r_shoulder": [0.9671555757522583, 40, 40], "neck": [0.8666853308677673, 40, 52], "l_shoulder": [0.9709290266036987, 40, 64], "r_hip": [0.7910410761833191, 56, 44], "r_knee": [0.3547811210155487, 64, 45], "l_elbow": [0.8586183190345764, 60, 64], "l_hip": [0.824629008769989, 56, 56], "l_wrist": [1.0165740251541138, 84, 68], "l_knee": [0.5733972787857056, 68, 56], "l_ankle": [0.5385813117027283, 68, 52], "r_wrist": [1.0797765254974365, 80, 32]}