{"head": [0.8947874903678894, 24, 48], "l_wrist": [0.752360463142395, 80, 68], "r_shoulder": [0.9963856935501099, 40, 36], "neck": [0.9714949131011963, 40, 48], "l_shoulder": [0.9707167148590088, 40, 60], "r_knee": [0.7646217346191406, 76, 44], "r_elbow": [0.9027293920516968, 60, 32], "r_hip": [0.7266848683357239, 60, 44], "l_hip": [0.8762829303741455, 60, 52], "l_elbow": [0.9675028324127197, 60, 64], "l_ankle": [0.2536087930202484, 71, 49], "r_ankle": [0.10027749091386795, 68, 44], "l_knee": [0.8687351942062378, 72, 52], "r_wrist": [1.0490620136260986, 84, 32]}