{"head": [0.4429752826690674, 48, 52], "l_knee": [0.013922683894634247, 16, 16], "l_ankle": [0.005113959312438965, 80, 52], "r_hip": [0.19013439118862152, 76, 44], "r_ankle": [0.0022531673312187195, 92, 16], "r_knee": [0.02651892602443695, 48, 20], "l_elbow": [0.7325787544250488, 72, 72], "l_wrist": [1.078433871269226, 84, 68], "l_shoulder": [0.540098249912262, 68, 68], "l_hip": [0.05628632754087448, 76, 56], "r_shoulder": [0.9340367317199707, 60, 36], "neck": [0.7541651725769043, 68, 52], "r_elbow": [0.8971606492996216, 68, 32], "r_wrist": [0.8704365491867065, 80, 32]}