{"head": [0.9024717211723328, 20, 52], "r_ankle": [0.6784812808036804, 68, 44], "r_knee": [0.31920120120048523, 64, 43], "r_elbow": [0.9498639106750488, 60, 36], "l_wrist": [1.038130760192871, 84, 68], "r_shoulder": [0.9744603633880615, 40, 40], "neck": [0.8715687394142151, 40, 52], "l_shoulder": [0.9900960922241211, 40, 64], "r_hip": [0.826687753200531, 56, 44], "l_hip": [0.8720269799232483, 56, 56], "l_elbow": [0.8828375339508057, 60, 64], "l_knee": [0.6509625911712646, 64, 56], "l_ankle": [0.46346038579940796, 68, 52], "r_wrist": [1.0850075483322144, 80, 32]}