{"head": [1.1262651681900024, 28, 48], "r_ankle": [0.1612463891506195, 72, 48], "neck": [1.1060532331466675, 40, 48], "l_shoulder": [0.9875729084014893, 40, 56], "r_shoulder": [0.918987512588501, 40, 40], "r_knee": [0.8648078441619873, 72, 44], "r_elbow": [0.7823898196220398, 52, 40], "l_elbow": [0.8658869862556458, 52, 56], "l_wrist": [0.8836984634399414, 56, 60], "r_wrist": [1.0191447734832764, 56, 36], "r_hip": [0.8692677617073059, 60, 44], "l_hip": [0.9564639329910278, 60, 52], "l_ankle": [0.13022607564926147, 68, 52], "l_knee": [0.8870676159858704, 76, 52]}