{"head": [0.7441993951797485, 20, 48], "l_wrist": [0.9292130470275879, 84, 68], "r_shoulder": [1.0303318500518799, 40, 36], "neck": [0.8253589868545532, 40, 48], "l_shoulder": [0.8517325520515442, 40, 60], "l_ankle": [0.4513508677482605, 72, 52], "l_elbow": [0.7658865451812744, 60, 64], "r_knee": [0.751399576663971, 72, 44], "r_elbow": [0.869523823261261, 60, 36], "r_hip": [0.8183284401893616, 60, 40], "l_hip": [0.8302162885665894, 60, 52], "l_knee": [0.4135010540485382, 67, 52], "r_ankle": [0.2729470729827881, 68, 44], "r_wrist": [1.1049317121505737, 80, 32]}