{"head": [0.8647597432136536, 32, 48], "r_ankle": [0.10852249711751938, 72, 48], "l_elbow": [1.030872106552124, 60, 64], "r_hip": [0.9200599193572998, 60, 44], "r_shoulder": [0.8318372964859009, 44, 40], "neck": [0.9052575826644897, 44, 48], "l_shoulder": [1.021729588508606, 44, 60], "r_knee": [0.853759229183197, 72, 44], "r_wrist": [0.8052463531494141, 76, 32], "l_wrist": [0.9075970649719238, 76, 64], "r_elbow": [0.9421627521514893, 60, 36], "l_hip": [0.9775922298431396, 60, 52], "l_ankle": [0.06845039129257202, 68, 48], "l_knee": [0.9475102424621582, 72, 52]}