{"head": [0.967164933681488, 20, 52], "r_ankle": [0.7597253322601318, 68, 44], "l_elbow": [0.8437032103538513, 60, 64], "r_shoulder": [1.0551263093948364, 40, 40], "neck": [0.974455714225769, 40, 52], "l_shoulder": [1.0039777755737305, 40, 64], "r_hip": [0.6206638216972351, 56, 44], "r_knee": [0.20157578587532043, 65, 41], "r_elbow": [0.950617790222168, 60, 36], "l_hip": [0.7059948444366455, 60, 56], "l_wrist": [0.9196597337722778, 84, 68], "l_knee": [0.48478806018829346, 64, 56], "l_ankle": [0.6259275078773499, 68, 52], "r_wrist": [1.0040448904037476, 80, 32]}