{"head": [1.011553168296814, 24, 52], "r_elbow": [0.77772456407547, 60, 36], "r_shoulder": [0.7895382046699524, 40, 40], "neck": [0.787263810634613, 44, 52], "l_shoulder": [1.0045193433761597, 44, 64], "r_hip": [0.6267040967941284, 56, 44], "r_knee": [0.474895179271698, 68, 40], "l_hip": [0.7325268387794495, 60, 56], "l_elbow": [0.8883737325668335, 64, 68], "l_knee": [0.5295718908309937, 68, 56], "r_ankle": [0.5385631322860718, 68, 44], "l_ankle": [0.5335476994514465, 68, 48], "r_wrist": [0.9407167434692383, 80, 32], "l_wrist": [1.0697736740112305, 84, 68]}