{"head": [0.5977144837379456, 56, 56], "l_ankle": [0.004018932580947876, 28, 16], "r_hip": [0.10521768033504486, 68, 16], "l_knee": [0.015041284263134003, 56, 72], "r_ankle": [0.009815588593482971, 92, 15], "r_knee": [0.04115279018878937, 80, 20], "l_elbow": [0.4417763352394104, 68, 72], "l_shoulder": [0.37636569142341614, 76, 64], "r_shoulder": [0.5004581212997437, 68, 40], "l_wrist": [0.7018325328826904, 80, 68], "r_wrist": [0.871923565864563, 80, 32], "l_hip": [0.007273823022842407, 52, 28], "neck": [0.5679408311843872, 76, 52], "r_elbow": [0.7108752131462097, 64, 28]}