{"head": [0.7421613931655884, 24, 52], "r_ankle": [0.29666680097579956, 68, 31], "l_elbow": [0.74974125623703, 60, 64], "l_wrist": [0.821872353553772, 80, 68], "neck": [0.6711756587028503, 40, 52], "r_shoulder": [0.9631469249725342, 40, 40], "l_shoulder": [0.756602942943573, 40, 60], "r_elbow": [0.9854525327682495, 56, 32], "r_knee": [0.6212538480758667, 72, 44], "r_hip": [0.5995066165924072, 60, 40], "l_hip": [0.5588527321815491, 64, 48], "r_wrist": [0.3617108166217804, 68, 32], "l_ankle": [0.33544209599494934, 72, 48], "l_knee": [0.011692658066749573, 68, 68]}