{"head": [0.8379451632499695, 20, 48], "l_wrist": [0.7968720197677612, 84, 68], "neck": [0.7787134051322937, 40, 48], "r_shoulder": [0.9003599882125854, 40, 36], "l_shoulder": [0.8520063161849976, 40, 60], "l_elbow": [0.8443949818611145, 60, 64], "r_ankle": [0.18227499723434448, 68, 32], "r_knee": [0.20615114271640778, 60, 20], "r_elbow": [0.8829599022865295, 56, 32], "r_hip": [0.29429787397384644, 64, 36], "l_hip": [0.27805718779563904, 66, 48], "r_wrist": [0.8792351484298706, 64, 44], "l_knee": [0.5313894748687744, 72, 44], "l_ankle": [0.09599098563194275, 72, 48]}