{"head": [0.8943856358528137, 20, 52], "r_ankle": [0.7604522109031677, 68, 44], "r_knee": [0.41918420791625977, 64, 44], "neck": [0.8300443291664124, 40, 52], "r_shoulder": [0.9608896970748901, 40, 40], "l_shoulder": [1.0223485231399536, 40, 64], "r_hip": [0.7500240206718445, 56, 44], "r_elbow": [0.9153637886047363, 60, 36], "l_hip": [0.8214148283004761, 56, 56], "l_elbow": [0.8770739436149597, 60, 64], "l_knee": [0.7639297246932983, 64, 56], "l_ankle": [0.5144729614257812, 68, 52], "l_wrist": [1.0291085243225098, 84, 68], "r_wrist": [1.0824873447418213, 80, 32]}