{"head": [0.9701264500617981, 20, 52], "r_ankle": [0.5826987624168396, 68, 44], "neck": [0.8693630695343018, 40, 52], "r_shoulder": [0.9813740253448486, 40, 40], "l_shoulder": [1.006152629852295, 40, 64], "r_hip": [0.6387110948562622, 60, 44], "r_knee": [0.4375733733177185, 65, 44], "l_hip": [0.6105750799179077, 60, 56], "r_elbow": [1.0448085069656372, 60, 36], "l_elbow": [0.9363689422607422, 60, 64], "l_knee": [0.5439490079879761, 64, 56], "l_ankle": [0.5899472236633301, 68, 52], "r_wrist": [0.9770652055740356, 80, 32], "l_wrist": [0.8770643472671509, 84, 68]}