{"head": [0.800889790058136, 20, 48], "r_knee": [0.8111092448234558, 72, 44], "l_wrist": [0.9165126085281372, 84, 68], "r_shoulder": [0.9418987035751343, 40, 36], "neck": [0.835504412651062, 40, 48], "l_shoulder": [0.8258114457130432, 40, 60], "l_ankle": [0.36335819959640503, 72, 52], "r_elbow": [0.8866114616394043, 60, 36], "r_hip": [0.7247553467750549, 60, 44], "r_ankle": [0.152177631855011, 68, 43], "l_hip": [0.8294616937637329, 60, 52], "l_elbow": [0.8087559938430786, 60, 64], "l_knee": [0.17252561450004578, 66, 52], "r_wrist": [1.0913214683532715, 80, 32]}