{"head": [1.0850130319595337, 28, 48], "r_ankle": [0.08709780126810074, 68, 32], "neck": [1.0815033912658691, 40, 48], "l_shoulder": [0.9907461404800415, 44, 56], "r_shoulder": [0.8893212080001831, 40, 40], "r_knee": [0.725665807723999, 72, 44], "r_elbow": [0.8310638070106506, 52, 40], "l_elbow": [0.8307284712791443, 52, 56], "l_wrist": [0.5989902019500732, 56, 60], "r_hip": [0.8446844816207886, 60, 44], "l_hip": [0.854903519153595, 60, 52], "r_wrist": [0.922270655632019, 64, 40], "l_ankle": [0.13271445035934448, 68, 52], "l_knee": [0.9042025804519653, 72, 52]}