{"head": [0.8015458583831787, 20, 48], "r_knee": [0.8086044788360596, 72, 44], "l_wrist": [0.9212223291397095, 84, 68], "r_shoulder": [0.9436670541763306, 40, 36], "neck": [0.834004819393158, 40, 48], "l_shoulder": [0.8194904327392578, 40, 60], "l_ankle": [0.3680446147918701, 72, 52], "r_elbow": [0.8827437162399292, 60, 36], "r_hip": [0.7275570034980774, 60, 44], "r_ankle": [0.18417519330978394, 68, 44], "l_hip": [0.8306592106819153, 60, 52], "l_elbow": [0.8180279731750488, 60, 64], "l_knee": [0.19163554906845093, 66, 52], "r_wrist": [1.090114712715149, 80, 32]}