{"head": [1.079890489578247, 28, 48], "r_ankle": [0.10098064690828323, 68, 32], "r_shoulder": [0.9128080606460571, 40, 40], "neck": [1.0636358261108398, 40, 48], "l_shoulder": [0.9953711032867432, 44, 56], "r_knee": [0.755351185798645, 76, 44], "r_elbow": [0.896476149559021, 52, 40], "l_elbow": [0.8517295718193054, 52, 60], "l_wrist": [0.5968849658966064, 60, 56], "r_hip": [0.7752034664154053, 60, 44], "l_hip": [0.8499681353569031, 60, 52], "r_wrist": [0.8770647048950195, 60, 40], "l_ankle": [0.1357612907886505, 68, 52], "l_knee": [0.8959378600120544, 72, 52]}