{"head": [0.9722051024436951, 20, 52], "r_ankle": [0.6380733251571655, 68, 44], "r_wrist": [1.0288571119308472, 80, 32], "l_elbow": [0.8887633681297302, 60, 64], "neck": [0.9329279661178589, 40, 52], "r_shoulder": [0.9995385408401489, 40, 40], "l_shoulder": [0.9969614744186401, 40, 64], "r_hip": [0.6263609528541565, 56, 44], "r_knee": [0.41836294531822205, 65, 44], "r_elbow": [1.0286418199539185, 60, 36], "l_hip": [0.6096774935722351, 60, 52], "l_knee": [0.5179856419563293, 64, 56], "l_ankle": [0.6201123595237732, 68, 52], "l_wrist": [0.9025676250457764, 84, 68]}