{"head": [0.6258095502853394, 52, 56], "l_knee": [0.007002007216215134, 32, 75], "r_hip": [0.10353632271289825, 68, 16], "l_ankle": [0.003358781337738037, 24, 16], "r_ankle": [0.008596904575824738, 92, 12], "r_knee": [0.0346926748752594, 84, 16], "l_elbow": [0.4732930064201355, 72, 72], "r_shoulder": [0.4556185007095337, 64, 40], "r_elbow": [0.7076495885848999, 68, 28], "r_wrist": [0.9639691114425659, 80, 32], "l_shoulder": [0.590470552444458, 76, 64], "l_hip": [0.005504496395587921, 52, 24], "neck": [0.602626621723175, 72, 52], "l_wrist": [0.6893692016601562, 84, 68]}