{"head": [0.4547661542892456, 60, 56], "l_ankle": [0.002328053116798401, 20, 16], "r_hip": [0.06704071164131165, 80, 44], "r_shoulder": [0.22273166477680206, 64, 40], "l_knee": [0.008746564388275146, 32, 76], "r_knee": [0.15199999511241913, 52, 36], "l_elbow": [0.33388450741767883, 68, 72], "r_ankle": [0.0004931092262268066, 40, 12], "l_shoulder": [0.2660433351993561, 68, 68], "neck": [0.3145929276943207, 68, 56], "l_wrist": [0.7894200086593628, 80, 68], "r_elbow": [0.7705801725387573, 64, 28], "r_wrist": [0.8404378890991211, 80, 32], "l_hip": [0.12801748514175415, 84, 56]}