{"head": [0.7778148651123047, 24, 52], "r_ankle": [0.7865375876426697, 68, 44], "r_shoulder": [1.003085970878601, 40, 40], "neck": [0.9292466640472412, 40, 52], "l_shoulder": [1.006345510482788, 40, 64], "r_hip": [0.7701407670974731, 56, 44], "r_knee": [0.2333645522594452, 64, 42], "r_elbow": [1.0220967531204224, 60, 36], "l_elbow": [0.8664737939834595, 60, 64], "l_hip": [0.8600890636444092, 56, 56], "l_knee": [0.6141594052314758, 64, 52], "l_ankle": [0.5900940299034119, 68, 52], "l_wrist": [0.9264155626296997, 84, 68], "r_wrist": [0.9957557916641235, 80, 32]}