{"head": [0.7401341199874878, 52, 56], "l_knee": [0.009977543726563454, 59, 72], "r_hip": [0.041003644466400146, 56, 44], "l_ankle": [0.0021082907915115356, 20, 20], "r_ankle": [0.0005227923393249512, 28, 20], "l_elbow": [0.6555848121643066, 68, 72], "r_knee": [0.040582120418548584, 48, 20], "l_hip": [0.0025435984134674072, 48, 32], "l_shoulder": [0.5053315758705139, 72, 64], "l_wrist": [1.0989458560943604, 84, 68], "r_shoulder": [0.6783146858215332, 64, 36], "neck": [0.7492625713348389, 72, 52], "r_elbow": [0.787530779838562, 68, 28], "r_wrist": [0.8469376564025879, 80, 32]}