{"head": [0.99400395154953, 20, 52], "r_ankle": [0.06879178434610367, 76, 48], "r_elbow": [0.8429809808731079, 60, 36], "l_wrist": [1.0289018154144287, 84, 68], "r_shoulder": [0.9065237045288086, 40, 40], "neck": [0.9524242877960205, 40, 52], "l_shoulder": [1.0195554494857788, 40, 64], "r_hip": [0.7342410683631897, 60, 44], "r_knee": [0.7584815621376038, 72, 44], "l_hip": [0.7838441729545593, 60, 52], "l_elbow": [0.9348618984222412, 60, 64], "l_ankle": [0.2895445227622986, 72, 49], "l_knee": [0.8262813687324524, 72, 52], "r_wrist": [1.0305945873260498, 80, 32]}