{"head": [0.9401941895484924, 20, 52], "r_ankle": [0.5604037642478943, 68, 44], "r_knee": [0.4460643231868744, 66, 44], "r_wrist": [0.9766702651977539, 80, 32], "l_wrist": [0.8869061470031738, 84, 68], "neck": [0.8825003504753113, 40, 52], "r_shoulder": [0.9864557981491089, 40, 40], "l_shoulder": [0.9825048446655273, 40, 64], "r_hip": [0.624131441116333, 56, 44], "r_elbow": [1.0201605558395386, 60, 36], "l_hip": [0.6635004878044128, 60, 56], "l_elbow": [0.8528472781181335, 60, 64], "l_knee": [0.5210109353065491, 68, 56], "l_ankle": [0.5243308544158936, 68, 52]}