{"head": [0.9090668559074402, 20, 52], "r_ankle": [0.08019711822271347, 76, 48], "l_elbow": [0.922191858291626, 60, 64], "l_wrist": [1.0093376636505127, 84, 68], "r_shoulder": [0.8955872058868408, 40, 40], "neck": [0.912705659866333, 40, 52], "l_shoulder": [1.008608102798462, 40, 64], "r_hip": [0.7490410804748535, 60, 44], "r_knee": [0.736306369304657, 72, 44], "r_elbow": [0.8486494421958923, 60, 36], "l_hip": [0.7668724060058594, 60, 52], "l_ankle": [0.32352644205093384, 69, 52], "l_knee": [0.8297299146652222, 72, 52], "r_wrist": [1.0439808368682861, 80, 32]}