{"head": [0.5116801261901855, 56, 56], "l_ankle": [0.002400871366262436, 23, 16], "r_hip": [0.11886252462863922, 68, 16], "r_ankle": [0.008859314024448395, 92, 12], "l_knee": [0.015820495784282684, 60, 72], "r_knee": [0.032368212938308716, 84, 16], "l_elbow": [0.398038387298584, 68, 72], "r_elbow": [0.7500154972076416, 68, 28], "r_wrist": [0.9128400087356567, 80, 32], "r_shoulder": [0.44418662786483765, 64, 40], "l_shoulder": [0.44499921798706055, 76, 64], "l_wrist": [0.6847549676895142, 84, 68], "neck": [0.5591350197792053, 76, 52]}