{"head": [0.9852253794670105, 12, 52], "r_ankle": [0.16549548506736755, 76, 44], "l_elbow": [0.600055992603302, 56, 68], "r_hip": [0.7017003297805786, 56, 44], "r_shoulder": [0.8380921483039856, 40, 40], "neck": [0.964301586151123, 36, 52], "l_shoulder": [0.8434009552001953, 40, 68], "l_wrist": [0.2529750168323517, 68, 68], "r_knee": [0.8846237659454346, 72, 40], "r_wrist": [1.0868301391601562, 80, 32], "r_elbow": [1.1226344108581543, 60, 36], "l_hip": [0.7153242230415344, 60, 56], "l_knee": [0.9457207918167114, 76, 52], "l_ankle": [0.38090139627456665, 72, 64]}