{"head": [0.7967402935028076, 16, 52], "r_ankle": [0.654574453830719, 68, 44], "r_knee": [0.34309202432632446, 68, 41], "l_elbow": [0.909356951713562, 60, 64], "neck": [0.8600913882255554, 36, 52], "r_shoulder": [0.9639571905136108, 40, 40], "l_shoulder": [1.0033369064331055, 40, 64], "r_hip": [0.5983891487121582, 60, 44], "r_elbow": [0.9478529691696167, 60, 36], "l_hip": [0.6567012071609497, 60, 52], "l_knee": [0.47797322273254395, 68, 56], "l_ankle": [0.577207088470459, 68, 52], "r_wrist": [0.9019744396209717, 80, 32], "l_wrist": [0.8762208223342896, 84, 68]}