{"head": [0.5090782046318054, 56, 52], "l_knee": [0.010227091610431671, 48, 24], "r_hip": [0.1275247186422348, 68, 16], "l_ankle": [0.005637273192405701, 24, 20], "r_ankle": [0.006229927763342857, 91, 16], "r_knee": [0.04917512834072113, 48, 20], "l_elbow": [0.4079328775405884, 64, 68], "l_hip": [0.022325851023197174, 76, 24], "l_wrist": [0.9166572093963623, 84, 68], "r_wrist": [0.8019812107086182, 80, 32], "l_shoulder": [0.41089725494384766, 76, 64], "r_shoulder": [0.6251723170280457, 64, 36], "r_elbow": [0.8347676992416382, 68, 28], "neck": [0.5491365194320679, 76, 52]}