{"head": [0.4502146244049072, 48, 56], "l_knee": [0.015959419310092926, 12, 16], "r_ankle": [0.014654360711574554, 80, 48], "r_hip": [0.21075619757175446, 72, 44], "r_knee": [0.024212241172790527, 84, 16], "l_shoulder": [0.6471468210220337, 64, 68], "r_shoulder": [0.9445816278457642, 60, 36], "l_wrist": [1.1145148277282715, 84, 68], "neck": [0.7305224537849426, 68, 52], "l_hip": [0.49512550234794617, 76, 56], "r_elbow": [1.030621886253357, 68, 32], "l_elbow": [0.7807115912437439, 68, 72], "r_wrist": [0.836633563041687, 80, 32], "l_ankle": [0.04883824288845062, 80, 52]}