{"head": [1.078610897064209, 28, 48], "r_ankle": [0.07381590455770493, 68, 32], "neck": [1.0686367750167847, 40, 48], "r_shoulder": [0.8970388174057007, 40, 40], "l_shoulder": [0.9876078367233276, 44, 56], "r_knee": [0.7652426362037659, 76, 44], "r_elbow": [0.8872784376144409, 52, 40], "l_elbow": [0.8679991960525513, 52, 60], "l_wrist": [0.5967053174972534, 60, 56], "r_hip": [0.7601929903030396, 60, 44], "l_hip": [0.8243410587310791, 60, 52], "r_wrist": [0.8805735111236572, 60, 40], "l_ankle": [0.14469140768051147, 68, 52], "l_knee": [0.8674964308738708, 72, 52]}