{"head": [0.8915980458259583, 24, 52], "l_wrist": [0.9922289848327637, 84, 68], "r_shoulder": [0.8939553499221802, 40, 36], "neck": [0.7145122289657593, 40, 52], "l_shoulder": [0.8616855144500732, 40, 64], "r_hip": [0.7599948644638062, 60, 44], "r_knee": [0.7591021656990051, 72, 44], "r_elbow": [0.8799280524253845, 60, 32], "l_hip": [0.8295578360557556, 60, 52], "l_elbow": [1.0463218688964844, 60, 64], "l_ankle": [0.31426557898521423, 68, 52], "r_ankle": [0.22865891456604004, 72, 48], "l_knee": [0.9489412307739258, 72, 52], "r_wrist": [1.0094226598739624, 80, 32]}