{"head": [0.8765243887901306, 20, 52], "r_ankle": [0.685962438583374, 68, 44], "r_knee": [0.31392985582351685, 64, 43], "r_elbow": [1.0326467752456665, 60, 36], "l_elbow": [0.832804262638092, 60, 64], "r_shoulder": [1.0349304676055908, 40, 40], "neck": [0.9689933061599731, 40, 52], "l_shoulder": [0.9813717603683472, 40, 64], "r_hip": [0.7205782532691956, 56, 44], "l_hip": [0.667986273765564, 60, 56], "l_knee": [0.5774766802787781, 64, 56], "l_ankle": [0.6552295684814453, 68, 52], "r_wrist": [0.9979110956192017, 80, 32], "l_wrist": [0.9562269449234009, 84, 68]}