{"head": [0.877657949924469, 20, 52], "r_ankle": [0.6785928606987, 68, 44], "r_knee": [0.2857586443424225, 64, 46], "r_elbow": [0.9581896066665649, 60, 36], "r_shoulder": [0.9604597091674805, 40, 40], "neck": [0.8471189737319946, 40, 52], "l_shoulder": [0.986556887626648, 40, 64], "r_hip": [0.7858390212059021, 56, 44], "l_wrist": [1.0304553508758545, 84, 68], "l_hip": [0.8665004372596741, 56, 56], "l_elbow": [0.8983412981033325, 60, 64], "l_knee": [0.5863227248191833, 68, 56], "l_ankle": [0.3783612847328186, 68, 51], "r_wrist": [1.0833337306976318, 80, 32]}