{"head": [0.8673862814903259, 24, 48], "l_elbow": [0.8931443095207214, 60, 64], "l_wrist": [0.9282962083816528, 84, 68], "r_shoulder": [1.0184398889541626, 40, 36], "neck": [0.9412295818328857, 40, 48], "l_shoulder": [0.9455031156539917, 40, 60], "r_knee": [0.7621960639953613, 72, 40], "r_hip": [0.8652827739715576, 60, 40], "r_elbow": [1.0196019411087036, 60, 32], "l_hip": [0.9132797718048096, 60, 52], "l_ankle": [0.39422863721847534, 70, 48], "r_ankle": [0.20025435090065002, 69, 44], "l_knee": [0.8984355926513672, 72, 52], "r_wrist": [1.028340458869934, 84, 32]}