{"head": [1.1274758577346802, 28, 48], "r_ankle": [0.05753941088914871, 68, 32], "neck": [1.0912643671035767, 40, 48], "r_shoulder": [1.03480064868927, 44, 40], "l_shoulder": [1.033273458480835, 44, 56], "r_knee": [0.7879632115364075, 72, 44], "r_elbow": [1.1480973958969116, 56, 36], "l_elbow": [0.9626604318618774, 56, 60], "r_hip": [0.8592799305915833, 60, 44], "l_hip": [0.8185967803001404, 60, 52], "r_wrist": [0.9276348352432251, 68, 40], "l_wrist": [0.9781148433685303, 68, 56], "l_ankle": [0.0020062774419784546, 84, 76], "l_knee": [0.9982640743255615, 76, 52]}