{"head": [0.8881294131278992, 20, 52], "r_knee": [0.3883439302444458, 64, 44], "neck": [0.8749901652336121, 40, 52], "r_shoulder": [0.9641767740249634, 40, 40], "l_shoulder": [1.0041003227233887, 40, 64], "r_hip": [0.7605153918266296, 56, 44], "r_elbow": [0.9797381162643433, 60, 36], "l_hip": [0.8252114653587341, 56, 56], "r_ankle": [0.6897278428077698, 68, 44], "l_elbow": [0.873141884803772, 60, 64], "l_knee": [0.7342623472213745, 64, 56], "l_ankle": [0.4229399561882019, 68, 52], "l_wrist": [1.0579756498336792, 84, 68], "r_wrist": [1.085594654083252, 80, 32]}