{"head": [0.5076016783714294, 56, 52], "l_knee": [0.008216485381126404, 32, 74], "r_hip": [0.05724531412124634, 72, 20], "l_ankle": [0.003558143973350525, 24, 20], "r_knee": [0.04598529636859894, 48, 20], "r_ankle": [0.004982560873031616, 91, 12], "l_elbow": [0.39467528462409973, 76, 72], "r_shoulder": [0.5929343700408936, 64, 36], "l_wrist": [0.9769573211669922, 84, 68], "l_shoulder": [0.35638517141342163, 76, 64], "r_elbow": [0.8761270642280579, 68, 28], "neck": [0.6483087539672852, 76, 52], "r_wrist": [0.8101474046707153, 80, 32]}