{"head": [0.6130372881889343, 56, 56], "r_hip": [0.1202649176120758, 68, 16], "l_ankle": [0.003102913498878479, 24, 16], "r_ankle": [0.00887037068605423, 92, 16], "r_knee": [0.09012635052204132, 52, 36], "l_knee": [0.01562248170375824, 56, 72], "l_elbow": [0.5127217769622803, 68, 72], "l_wrist": [0.7267725467681885, 84, 68], "l_shoulder": [0.3308718800544739, 80, 64], "l_hip": [0.007944377139210701, 51, 28], "r_wrist": [0.9098374843597412, 80, 32], "r_shoulder": [0.47731220722198486, 68, 40], "r_elbow": [0.7001644968986511, 64, 28], "neck": [0.45022106170654297, 76, 52]}