{"head": [0.9393218159675598, 20, 52], "r_ankle": [0.7587089538574219, 68, 44], "r_knee": [0.30296552181243896, 68, 40], "r_wrist": [0.9355660676956177, 80, 32], "r_shoulder": [0.9630857706069946, 40, 40], "neck": [0.9825191497802734, 40, 52], "l_shoulder": [0.9849995374679565, 40, 64], "r_hip": [0.7088847160339355, 60, 44], "r_elbow": [1.0234748125076294, 60, 36], "l_hip": [0.691236674785614, 60, 52], "l_elbow": [0.8606694340705872, 60, 68], "l_knee": [0.5163218975067139, 68, 56], "l_ankle": [0.6262156963348389, 68, 52], "l_wrist": [0.9844890832901001, 84, 68]}