{"head": [0.34362441301345825, 60, 56], "l_knee": [0.008579913526773453, 90, 12], "l_ankle": [0.0038492530584335327, 20, 16], "r_hip": [0.053338631987571716, 72, 20], "r_shoulder": [0.1491856724023819, 64, 40], "r_wrist": [0.6856832504272461, 80, 32], "r_knee": [0.16164587438106537, 52, 36], "r_ankle": [0.011341005563735962, 91, 16], "l_elbow": [0.2962401509284973, 72, 72], "l_wrist": [0.7085224390029907, 80, 68], "neck": [0.24243125319480896, 68, 56], "l_shoulder": [0.22686246037483215, 68, 68], "r_elbow": [0.614856481552124, 64, 28], "l_hip": [0.06783174723386765, 84, 56]}