{"head": [0.9697331786155701, 20, 52], "r_knee": [0.4011383056640625, 65, 44], "r_wrist": [1.0229604244232178, 80, 32], "l_elbow": [0.9243258237838745, 60, 64], "neck": [0.9375816583633423, 40, 52], "r_shoulder": [0.9927079677581787, 40, 40], "l_shoulder": [0.9971507787704468, 40, 64], "r_hip": [0.6281044483184814, 56, 44], "r_elbow": [1.0059762001037598, 60, 36], "l_hip": [0.6118882894515991, 60, 52], "r_ankle": [0.6236847043037415, 68, 44], "l_knee": [0.5125508904457092, 64, 56], "l_ankle": [0.588914155960083, 68, 52], "l_wrist": [0.8844619989395142, 84, 68]}