{"head": [0.9572822451591492, 20, 52], "neck": [0.9602718353271484, 40, 52], "r_shoulder": [0.9781514406204224, 40, 40], "l_shoulder": [1.0024861097335815, 40, 64], "r_hip": [0.6254845857620239, 60, 44], "r_knee": [0.4143125116825104, 68, 42], "r_ankle": [0.5767255425453186, 68, 44], "l_hip": [0.6528517603874207, 60, 56], "r_elbow": [0.9949532747268677, 60, 36], "l_elbow": [0.7928810715675354, 60, 68], "l_knee": [0.585337221622467, 68, 52], "l_ankle": [0.46289798617362976, 68, 51], "l_wrist": [1.0189417600631714, 84, 68], "r_wrist": [0.9808839559555054, 80, 32]}