{"head": [0.832150399684906, 24, 48], "l_wrist": [0.9568278789520264, 84, 68], "r_shoulder": [1.0256686210632324, 40, 36], "neck": [0.9200900793075562, 40, 48], "l_shoulder": [0.9205571413040161, 40, 60], "l_elbow": [0.8885849714279175, 60, 64], "r_hip": [0.8479709029197693, 60, 40], "r_elbow": [1.0280983448028564, 60, 32], "l_hip": [0.842963457107544, 60, 52], "r_knee": [0.824592649936676, 72, 40], "l_knee": [0.7194805145263672, 68, 52], "r_ankle": [0.14352428913116455, 68, 44], "l_ankle": [0.7063771486282349, 72, 52], "r_wrist": [1.0092952251434326, 84, 32]}