{"head": [0.8965813517570496, 28, 48], "r_ankle": [0.019688449800014496, 68, 44], "neck": [0.916583776473999, 44, 48], "r_hip": [0.9615473747253418, 60, 44], "r_shoulder": [0.9284342527389526, 44, 40], "l_shoulder": [0.980676531791687, 44, 60], "r_knee": [0.8571293354034424, 72, 44], "l_wrist": [0.9083712100982666, 76, 64], "r_elbow": [1.0184873342514038, 60, 36], "l_hip": [0.9975816011428833, 60, 52], "l_elbow": [1.0543196201324463, 60, 64], "l_ankle": [0.07840967178344727, 68, 48], "r_wrist": [1.0397166013717651, 72, 36], "l_knee": [0.9135036468505859, 72, 52]}