{"head": [1.1329388618469238, 28, 48], "r_ankle": [0.052945591509342194, 68, 32], "r_knee": [0.7018158435821533, 72, 44], "neck": [1.0906164646148682, 40, 48], "r_shoulder": [1.0354588031768799, 44, 40], "l_shoulder": [1.0252476930618286, 44, 56], "r_elbow": [1.1379400491714478, 56, 36], "l_elbow": [1.0317463874816895, 56, 60], "r_hip": [0.9092186689376831, 60, 44], "l_hip": [0.8178679943084717, 60, 52], "r_wrist": [0.8631962537765503, 68, 40], "l_wrist": [0.990559458732605, 68, 56], "l_ankle": [0.0003589242696762085, 68, 72], "l_knee": [0.9676800966262817, 76, 52]}