{"head": [0.8564224243164062, 28, 52], "r_elbow": [1.0216244459152222, 64, 32], "r_shoulder": [0.886883020401001, 44, 40], "neck": [0.7331266403198242, 48, 52], "r_hip": [0.5265714526176453, 64, 44], "l_shoulder": [0.9030914306640625, 48, 64], "r_knee": [0.43658447265625, 68, 44], "l_hip": [0.5921750068664551, 64, 56], "l_knee": [0.313152939081192, 72, 56], "l_elbow": [0.9768276214599609, 64, 68], "r_ankle": [0.042856089770793915, 72, 28], "l_ankle": [0.07637493312358856, 75, 52], "r_wrist": [0.8789081573486328, 84, 32], "l_wrist": [1.0808857679367065, 84, 68]}