{"head": [0.984943687915802, 20, 52], "r_ankle": [0.7405961155891418, 68, 44], "r_knee": [0.2240828275680542, 66, 41], "l_elbow": [0.856891930103302, 60, 64], "r_shoulder": [1.0324686765670776, 40, 40], "neck": [1.0175622701644897, 40, 52], "l_shoulder": [0.9984767436981201, 40, 64], "r_hip": [0.5697911977767944, 56, 44], "r_elbow": [0.9660109281539917, 60, 36], "l_wrist": [0.9162023067474365, 84, 68], "l_hip": [0.6643681526184082, 60, 56], "l_knee": [0.4567735195159912, 64, 52], "l_ankle": [0.6400965452194214, 68, 52], "r_wrist": [0.9931128025054932, 80, 32]}