{"head": [0.9592971205711365, 24, 52], "r_ankle": [0.13803119957447052, 73, 48], "l_wrist": [1.0116130113601685, 84, 68], "r_shoulder": [0.8907463550567627, 40, 40], "neck": [0.7924321889877319, 40, 52], "l_shoulder": [0.8620017170906067, 44, 64], "r_hip": [0.7030354738235474, 60, 44], "r_knee": [0.7518724203109741, 72, 44], "r_elbow": [0.8329327702522278, 60, 36], "l_hip": [0.7952585816383362, 60, 52], "l_elbow": [0.9826897382736206, 60, 64], "l_ankle": [0.16002368927001953, 72, 48], "l_knee": [0.9397827386856079, 72, 52], "r_wrist": [1.0314955711364746, 80, 32]}