{"head": [0.7706512808799744, 24, 52], "l_elbow": [1.0455104112625122, 64, 68], "r_shoulder": [0.8751182556152344, 40, 40], "neck": [0.8110397458076477, 44, 52], "l_shoulder": [0.8441379070281982, 44, 64], "r_hip": [0.544619083404541, 60, 44], "r_knee": [0.47921717166900635, 68, 40], "r_elbow": [0.8318751454353333, 60, 32], "l_hip": [0.5720040202140808, 64, 52], "l_knee": [0.41186755895614624, 68, 60], "r_ankle": [0.3452377915382385, 68, 44], "l_ankle": [0.45140570402145386, 68, 48], "l_wrist": [1.079755425453186, 84, 68], "r_wrist": [0.8827471733093262, 80, 32]}