{"head": [0.9428911805152893, 20, 52], "r_ankle": [0.5889535546302795, 68, 44], "l_elbow": [0.9032183885574341, 60, 64], "r_wrist": [0.9821083545684814, 80, 32], "l_wrist": [0.8523508310317993, 84, 68], "neck": [0.9157497882843018, 40, 52], "r_shoulder": [1.0035213232040405, 40, 40], "l_shoulder": [1.003616213798523, 40, 64], "r_hip": [0.5841338634490967, 56, 44], "r_knee": [0.3591160774230957, 64, 44], "r_elbow": [1.0070669651031494, 60, 36], "l_hip": [0.613907516002655, 60, 56], "l_knee": [0.47966939210891724, 64, 56], "l_ankle": [0.5570470690727234, 68, 52]}