{"head": [0.8567466735839844, 16, 52], "r_ankle": [0.7103008031845093, 68, 44], "r_knee": [0.41059666872024536, 64, 44], "neck": [0.8418786525726318, 36, 52], "r_shoulder": [0.9559519290924072, 40, 40], "l_shoulder": [0.9933013916015625, 40, 64], "r_hip": [0.6875429153442383, 60, 44], "r_elbow": [1.0312758684158325, 60, 36], "l_wrist": [1.0142443180084229, 84, 68], "l_hip": [0.8321837782859802, 60, 56], "l_elbow": [0.8840732574462891, 60, 68], "l_ankle": [0.4473623037338257, 72, 56], "l_knee": [0.912466287612915, 76, 52], "r_wrist": [1.074580430984497, 80, 32]}