{"head": [0.9156205058097839, 28, 48], "r_ankle": [0.017796017229557037, 76, 28], "neck": [0.8959488868713379, 44, 48], "r_hip": [0.9455387592315674, 60, 44], "r_shoulder": [1.0083215236663818, 44, 40], "l_shoulder": [0.9902310371398926, 44, 60], "r_knee": [0.7858668565750122, 76, 44], "l_wrist": [0.9021018743515015, 72, 64], "r_elbow": [0.9758434295654297, 60, 36], "l_hip": [0.997557520866394, 60, 52], "l_elbow": [1.0298123359680176, 60, 64], "r_wrist": [1.2058894634246826, 72, 36], "l_ankle": [0.049012720584869385, 68, 48], "l_knee": [0.9012723565101624, 72, 52]}