{"head": [0.42350852489471436, 56, 56], "r_hip": [0.12031698226928711, 68, 16], "l_ankle": [0.0008084811270236969, 21, 16], "r_ankle": [0.007335931062698364, 91, 12], "l_knee": [0.012291282415390015, 56, 72], "r_knee": [0.039326757192611694, 84, 16], "l_elbow": [0.41288065910339355, 68, 72], "r_elbow": [0.755082368850708, 68, 28], "r_wrist": [0.8596609830856323, 80, 32], "r_shoulder": [0.45710289478302, 64, 40], "l_shoulder": [0.4100537896156311, 76, 64], "l_wrist": [0.6952555179595947, 84, 68], "neck": [0.5219523906707764, 76, 52]}