{"head": [0.9466633200645447, 20, 52], "r_ankle": [0.6767955422401428, 68, 44], "r_knee": [0.3319161832332611, 64, 45], "r_elbow": [0.9506996870040894, 60, 36], "l_wrist": [1.0120905637741089, 84, 68], "r_shoulder": [0.9840506315231323, 40, 40], "neck": [0.8727453351020813, 40, 52], "l_shoulder": [0.9968960285186768, 40, 64], "r_hip": [0.7742851972579956, 56, 44], "l_hip": [0.8340855240821838, 56, 56], "l_elbow": [0.8789809942245483, 60, 64], "l_knee": [0.6803181767463684, 64, 56], "l_ankle": [0.46641969680786133, 68, 52], "r_wrist": [1.0932320356369019, 80, 32]}