{"head": [1.0783778429031372, 28, 48], "r_ankle": [0.1265726089477539, 72, 48], "neck": [1.0832465887069702, 40, 48], "l_shoulder": [0.9707801342010498, 44, 56], "r_shoulder": [0.895706295967102, 40, 40], "r_knee": [0.8287894129753113, 72, 44], "r_elbow": [0.8638696670532227, 52, 36], "l_elbow": [0.8661150336265564, 52, 56], "l_wrist": [0.6466394662857056, 56, 60], "r_wrist": [0.8909517526626587, 60, 40], "r_hip": [0.8557956218719482, 60, 44], "l_hip": [0.9470975399017334, 60, 52], "l_ankle": [0.12419509887695312, 68, 52], "l_knee": [0.9049742817878723, 76, 52]}