{"head": [0.6115764379501343, 52, 52], "l_knee": [0.00397462397813797, 56, 72], "r_ankle": [0.0032767727971076965, 24, 16], "l_ankle": [0.003238365054130554, 24, 20], "r_hip": [0.11053887009620667, 68, 16], "r_knee": [0.04960179328918457, 80, 20], "l_elbow": [0.6486126780509949, 68, 72], "l_wrist": [1.0295441150665283, 84, 68], "neck": [0.7055509090423584, 72, 52], "r_shoulder": [0.8299738168716431, 64, 36], "l_shoulder": [0.5339570045471191, 68, 68], "l_hip": [0.03075016289949417, 84, 60], "r_elbow": [0.8264397382736206, 68, 28], "r_wrist": [0.7299134731292725, 84, 32]}