{"head": [0.8317010998725891, 24, 52], "r_ankle": [0.02094096690416336, 76, 48], "r_knee": [0.7964651584625244, 72, 44], "l_elbow": [0.8069440126419067, 64, 64], "l_wrist": [0.8682084083557129, 84, 68], "r_shoulder": [0.932786226272583, 40, 40], "neck": [0.7207376956939697, 40, 52], "l_shoulder": [0.7399661540985107, 40, 64], "r_hip": [0.7508097290992737, 60, 44], "r_elbow": [1.0927484035491943, 56, 32], "l_hip": [0.7875096797943115, 60, 52], "r_wrist": [0.8764867782592773, 76, 32], "l_knee": [0.03370943292975426, 66, 56], "l_ankle": [0.28041911125183105, 72, 52]}