{"head": [1.1017509698867798, 28, 48], "r_ankle": [0.07413012534379959, 68, 32], "r_shoulder": [0.9091936349868774, 40, 40], "neck": [1.0549445152282715, 40, 48], "l_shoulder": [0.9967538118362427, 40, 56], "r_knee": [0.8145217895507812, 72, 44], "r_elbow": [0.9275739192962646, 52, 36], "l_elbow": [0.9351978302001953, 52, 60], "r_hip": [0.8231699466705322, 60, 44], "l_hip": [0.8245475888252258, 60, 52], "l_wrist": [0.7206482887268066, 60, 56], "r_wrist": [0.9708746671676636, 60, 40], "l_ankle": [0.134380042552948, 68, 52], "l_knee": [0.9008175134658813, 72, 52]}