{"head": [1.0818796157836914, 28, 48], "r_ankle": [0.13947075605392456, 68, 32], "neck": [1.0886446237564087, 40, 48], "l_shoulder": [0.9743010997772217, 40, 56], "r_shoulder": [0.887581467628479, 40, 40], "r_knee": [0.8440058827400208, 72, 44], "r_elbow": [0.8668773770332336, 52, 40], "l_elbow": [0.8608852028846741, 52, 56], "l_wrist": [0.7879126071929932, 56, 60], "r_hip": [0.8602993488311768, 60, 44], "l_hip": [0.9323474168777466, 60, 52], "r_wrist": [0.7491716146469116, 60, 40], "l_ankle": [0.13730859756469727, 68, 52], "l_knee": [0.9425427913665771, 72, 52]}