{"head": [0.8919444680213928, 20, 52], "r_knee": [0.42125868797302246, 64, 44], "neck": [0.8375236392021179, 40, 52], "r_shoulder": [0.9617438316345215, 40, 40], "l_shoulder": [1.0231328010559082, 40, 64], "r_hip": [0.7518285512924194, 56, 44], "r_elbow": [0.9221535921096802, 60, 36], "l_hip": [0.8270640969276428, 56, 56], "l_elbow": [0.8809280395507812, 60, 64], "l_knee": [0.7671275734901428, 64, 56], "r_ankle": [0.7638419270515442, 68, 44], "l_ankle": [0.513742983341217, 68, 52], "l_wrist": [1.0287948846817017, 84, 68], "r_wrist": [1.0810704231262207, 80, 32]}