{"head": [0.8821279406547546, 20, 52], "r_elbow": [0.9315356016159058, 60, 36], "neck": [0.9381660223007202, 40, 52], "l_wrist": [0.9773060083389282, 84, 68], "r_shoulder": [0.9475038051605225, 40, 40], "l_shoulder": [1.0582799911499023, 40, 64], "r_hip": [0.8172809481620789, 56, 44], "r_knee": [0.4779737591743469, 64, 44], "l_hip": [0.8319699764251709, 56, 56], "l_elbow": [0.8724954724311829, 60, 68], "l_knee": [0.6935279369354248, 64, 56], "l_ankle": [0.5065083503723145, 68, 52], "r_wrist": [1.0785645246505737, 80, 32], "r_ankle": [0.7195389866828918, 68, 44]}