{"head": [1.0151188373565674, 28, 48], "r_ankle": [0.08344914019107819, 71, 48], "neck": [0.9900515079498291, 40, 48], "r_shoulder": [1.0499157905578613, 44, 40], "l_shoulder": [0.9397512674331665, 44, 56], "r_knee": [0.8771110773086548, 72, 44], "l_elbow": [0.7595905065536499, 56, 64], "r_elbow": [0.8572143316268921, 60, 36], "r_hip": [0.9206974506378174, 60, 44], "l_hip": [1.0147321224212646, 60, 52], "l_wrist": [0.8521897792816162, 72, 60], "r_wrist": [1.1342406272888184, 72, 36], "l_ankle": [0.0904076099395752, 68, 52], "l_knee": [0.9291707277297974, 76, 52]}