{"head": [0.7176882028579712, 32, 48], "r_ankle": [0.09761527180671692, 74, 48], "r_elbow": [0.754413366317749, 60, 32], "l_shoulder": [0.8818442821502686, 44, 60], "l_elbow": [0.8254050016403198, 64, 64], "l_hip": [0.7732782363891602, 60, 52], "r_shoulder": [0.8502075672149658, 44, 40], "neck": [0.7347292304039001, 44, 48], "r_hip": [0.6538615226745605, 56, 44], "r_knee": [0.7767667174339294, 72, 44], "l_wrist": [1.0073702335357666, 84, 68], "l_ankle": [0.052959516644477844, 68, 48], "l_knee": [0.9552351236343384, 72, 52], "r_wrist": [1.0589512586593628, 84, 32]}