{"head": [0.9094515442848206, 20, 52], "r_ankle": [0.6783211827278137, 68, 44], "r_knee": [0.32154688239097595, 64, 43], "r_elbow": [0.9489085674285889, 60, 36], "l_wrist": [1.0380779504776, 84, 68], "r_shoulder": [0.9756066799163818, 40, 40], "neck": [0.8706461787223816, 40, 52], "l_shoulder": [0.9873679876327515, 40, 64], "r_hip": [0.8267719745635986, 56, 44], "l_hip": [0.8706281781196594, 56, 56], "l_elbow": [0.8810105919837952, 60, 64], "l_knee": [0.6519542336463928, 64, 56], "r_wrist": [1.0814279317855835, 80, 32], "l_ankle": [0.46211129426956177, 68, 52]}