{"head": [1.091878890991211, 28, 48], "r_ankle": [0.07536231726408005, 68, 32], "r_shoulder": [0.9722847938537598, 40, 40], "neck": [1.0385768413543701, 40, 48], "l_shoulder": [1.0704089403152466, 40, 56], "r_knee": [0.8681038618087769, 72, 44], "r_elbow": [0.9852123260498047, 52, 36], "l_elbow": [1.0298629999160767, 52, 60], "r_hip": [0.8228018283843994, 60, 44], "l_hip": [0.8640967607498169, 60, 52], "l_wrist": [0.7377339601516724, 60, 56], "r_wrist": [0.9874876737594604, 60, 40], "l_ankle": [0.12252315878868103, 68, 52], "l_knee": [0.9245177507400513, 72, 52]}