{"head": [0.7799909710884094, 24, 48], "r_ankle": [0.11502852290868759, 72, 48], "l_elbow": [0.8769856095314026, 60, 64], "l_wrist": [0.9972463846206665, 84, 68], "l_shoulder": [0.7651476263999939, 44, 64], "r_shoulder": [0.8155264258384705, 40, 40], "neck": [0.7430186867713928, 40, 48], "r_hip": [0.7259108424186707, 56, 44], "r_knee": [0.7995356917381287, 72, 44], "r_elbow": [0.8142010569572449, 60, 32], "l_hip": [0.8928015232086182, 60, 52], "l_ankle": [0.07434436678886414, 70, 48], "l_knee": [0.9632241725921631, 72, 52], "r_wrist": [1.0213608741760254, 84, 32]}