{"head": [0.8346816301345825, 28, 48], "r_ankle": [0.02932368963956833, 68, 44], "r_elbow": [0.8274518847465515, 60, 32], "l_shoulder": [0.9197710752487183, 44, 60], "l_knee": [0.9705088138580322, 72, 52], "l_hip": [0.7579544186592102, 60, 52], "neck": [0.8317849040031433, 44, 48], "r_shoulder": [0.8094415068626404, 44, 36], "r_hip": [0.6893863081932068, 56, 44], "r_knee": [0.8043920993804932, 76, 44], "l_wrist": [1.0158448219299316, 84, 68], "l_elbow": [0.8396657705307007, 60, 64], "l_ankle": [0.023627281188964844, 68, 48], "r_wrist": [1.0844935178756714, 84, 32]}