{"head": [0.9894245266914368, 24, 48], "r_shoulder": [0.938569188117981, 40, 36], "neck": [0.9627983570098877, 40, 48], "l_shoulder": [0.9095964431762695, 40, 60], "l_wrist": [0.983393669128418, 84, 68], "r_knee": [0.7959189414978027, 76, 44], "r_elbow": [1.0002235174179077, 60, 32], "r_hip": [0.7360137701034546, 60, 44], "l_hip": [0.9053457975387573, 60, 52], "l_elbow": [0.977599024772644, 60, 64], "l_ankle": [0.25594496726989746, 72, 48], "r_ankle": [0.07003597170114517, 68, 44], "l_knee": [0.8774271011352539, 72, 52], "r_wrist": [1.041642665863037, 84, 32]}