{"head": [1.0107073783874512, 20, 52], "r_ankle": [0.5754103064537048, 68, 44], "l_elbow": [0.8793646097183228, 64, 68], "r_shoulder": [0.9965142011642456, 40, 40], "neck": [0.972832202911377, 40, 52], "l_shoulder": [0.9208011627197266, 40, 64], "r_hip": [0.7241641283035278, 60, 44], "r_knee": [0.3524966239929199, 68, 41], "r_elbow": [0.9719762802124023, 60, 36], "l_hip": [0.6287129521369934, 60, 52], "l_knee": [0.47796952724456787, 68, 60], "l_ankle": [0.46489208936691284, 68, 52], "r_wrist": [0.9870004653930664, 80, 32], "l_wrist": [1.0325486660003662, 84, 68]}