{"head": [0.8100188374519348, 24, 56], "r_shoulder": [1.0157794952392578, 40, 40], "r_hip": [0.7578300833702087, 56, 44], "neck": [0.9047627449035645, 40, 52], "l_shoulder": [0.9325547218322754, 40, 64], "r_knee": [0.2890821695327759, 64, 44], "r_elbow": [1.0652083158493042, 60, 36], "r_wrist": [1.0485138893127441, 80, 32], "l_elbow": [0.8001565337181091, 60, 64], "l_wrist": [0.9754105806350708, 84, 68], "l_hip": [0.7599325776100159, 60, 56], "r_ankle": [0.589137852191925, 68, 44], "l_ankle": [0.14563676714897156, 68, 52], "l_knee": [0.8382677435874939, 72, 52]}