{"head": [1.1425753831863403, 28, 48], "r_ankle": [0.06741570681333542, 68, 32], "neck": [1.1080983877182007, 40, 48], "r_shoulder": [1.0286945104599, 44, 40], "l_shoulder": [1.0091818571090698, 44, 56], "r_knee": [0.7000598907470703, 72, 44], "l_elbow": [0.9695265293121338, 52, 60], "r_elbow": [0.8923475742340088, 56, 36], "r_hip": [0.7948604822158813, 60, 44], "l_hip": [0.7881173491477966, 60, 52], "l_wrist": [0.9020555019378662, 64, 56], "r_wrist": [1.0410709381103516, 64, 40], "l_ankle": [0.014695301651954651, 68, 64], "l_knee": [0.8887211084365845, 76, 52]}