{"head": [0.9431657195091248, 20, 52], "r_ankle": [0.7587699890136719, 68, 44], "r_wrist": [0.93535315990448, 80, 32], "r_shoulder": [0.961695671081543, 40, 40], "neck": [0.9826952219009399, 40, 52], "l_shoulder": [0.9894207715988159, 40, 64], "r_hip": [0.7093119621276855, 60, 44], "r_knee": [0.30471861362457275, 68, 40], "r_elbow": [1.024318814277649, 60, 36], "l_hip": [0.6901490688323975, 60, 52], "l_elbow": [0.8623456954956055, 60, 68], "l_knee": [0.5204552412033081, 68, 56], "l_ankle": [0.6289287805557251, 68, 52], "l_wrist": [0.9787838459014893, 84, 68]}