{"head": [0.8167961835861206, 36, 52], "r_elbow": [0.9806373119354248, 64, 32], "r_hip": [0.7359309196472168, 68, 44], "r_knee": [0.04643571376800537, 72, 40], "r_shoulder": [0.8146350979804993, 52, 36], "neck": [0.7432995438575745, 52, 52], "l_shoulder": [0.8047372102737427, 52, 64], "l_hip": [0.6797090768814087, 68, 60], "l_elbow": [0.9617326259613037, 68, 68], "l_ankle": [0.036127954721450806, 76, 52], "l_knee": [0.0008151084184646606, 72, 64], "r_wrist": [0.8096860647201538, 80, 32], "r_ankle": [0.011116676032543182, 76, 48], "l_wrist": [1.1447603702545166, 84, 68]}