{"head": [0.6058093905448914, 56, 56], "l_knee": [0.013675237074494362, 59, 72], "r_hip": [0.10076069831848145, 68, 16], "l_ankle": [0.003909513354301453, 24, 16], "r_elbow": [0.800955057144165, 68, 28], "r_ankle": [0.009700238704681396, 91, 15], "r_knee": [0.04299718141555786, 84, 16], "l_elbow": [0.3859168291091919, 72, 72], "r_wrist": [0.8527947664260864, 80, 32], "l_shoulder": [0.3732101321220398, 76, 64], "r_shoulder": [0.4014967083930969, 64, 36], "neck": [0.4838036298751831, 72, 52], "l_wrist": [0.8533326387405396, 84, 68]}