{"head": [1.0713263750076294, 28, 48], "r_ankle": [0.0990002378821373, 68, 32], "r_shoulder": [0.8992178440093994, 40, 40], "neck": [1.0655903816223145, 40, 48], "l_shoulder": [0.9942972660064697, 44, 56], "r_knee": [0.7588488459587097, 72, 44], "r_elbow": [0.9010684490203857, 52, 40], "l_elbow": [0.8226060271263123, 52, 60], "l_wrist": [0.5420345067977905, 56, 60], "r_hip": [0.8135823011398315, 60, 44], "l_hip": [0.8459637761116028, 60, 52], "r_wrist": [0.8984253406524658, 60, 40], "l_ankle": [0.14537179470062256, 68, 52], "l_knee": [0.9238004684448242, 72, 52]}