{"head": [0.7175902128219604, 44, 56], "l_knee": [0.00638774037361145, 16, 16], "r_hip": [0.5699455142021179, 72, 44], "r_knee": [0.029064714908599854, 84, 16], "r_shoulder": [0.8858218193054199, 56, 36], "l_wrist": [1.070062518119812, 84, 68], "neck": [0.6119316220283508, 64, 52], "l_shoulder": [0.871964693069458, 60, 68], "l_hip": [0.6405691504478455, 76, 56], "r_elbow": [0.9362483024597168, 68, 28], "l_elbow": [0.8670322895050049, 68, 72], "r_wrist": [0.7902818918228149, 80, 32], "r_ankle": [0.006154470145702362, 80, 48], "l_ankle": [0.003665812313556671, 87, 60]}