{"head": [1.1654518842697144, 28, 48], "r_ankle": [0.06607135385274887, 70, 48], "neck": [1.076856255531311, 40, 48], "l_shoulder": [0.9843088388442993, 40, 56], "r_shoulder": [1.0287227630615234, 44, 40], "r_knee": [0.7528190612792969, 76, 44], "l_elbow": [0.8065921664237976, 52, 56], "r_elbow": [0.8588036894798279, 52, 36], "l_wrist": [0.5046861171722412, 56, 60], "r_hip": [0.8419808149337769, 60, 44], "l_hip": [0.7965335249900818, 60, 52], "r_wrist": [0.9151118993759155, 64, 40], "l_ankle": [0.16908887028694153, 68, 52], "l_knee": [0.7369691133499146, 72, 52]}