{"head": [0.9387039542198181, 20, 52], "r_ankle": [0.12262061983346939, 75, 48], "r_elbow": [0.8389456272125244, 60, 36], "l_elbow": [0.9756580591201782, 60, 64], "l_wrist": [1.0045490264892578, 84, 68], "r_shoulder": [0.888128399848938, 40, 40], "neck": [0.8479783535003662, 40, 52], "l_shoulder": [1.0215702056884766, 40, 64], "r_hip": [0.7769038081169128, 60, 44], "r_knee": [0.7483873963356018, 72, 44], "l_hip": [0.7833181619644165, 60, 52], "l_ankle": [0.37463459372520447, 69, 52], "l_knee": [0.8362833261489868, 72, 52], "r_wrist": [1.0286791324615479, 80, 32]}