{"head": [0.7841830849647522, 20, 48], "l_wrist": [0.8954849243164062, 84, 68], "r_shoulder": [1.0100457668304443, 40, 36], "neck": [0.8805503845214844, 40, 48], "l_shoulder": [0.8923289775848389, 40, 60], "r_knee": [0.7837151885032654, 72, 44], "r_elbow": [1.1049140691757202, 60, 32], "r_hip": [0.7721738815307617, 60, 40], "l_hip": [0.7662251591682434, 60, 52], "l_elbow": [0.8719807863235474, 60, 64], "l_knee": [0.326702743768692, 68, 52], "l_ankle": [0.32175391912460327, 72, 52], "r_ankle": [0.01707201451063156, 72, 36], "r_wrist": [1.0171051025390625, 80, 32]}