{"head": [1.1514896154403687, 28, 48], "r_ankle": [0.1575758457183838, 72, 48], "neck": [1.09756600856781, 40, 48], "l_shoulder": [1.0018768310546875, 40, 56], "r_shoulder": [0.955213189125061, 44, 40], "r_knee": [0.8191419839859009, 72, 44], "l_elbow": [0.9623364210128784, 52, 56], "r_elbow": [1.0336095094680786, 52, 36], "l_wrist": [0.8834179639816284, 56, 60], "r_wrist": [0.6763515472412109, 60, 36], "r_hip": [0.9003537893295288, 60, 44], "l_hip": [0.9347028732299805, 60, 52], "l_ankle": [0.16265636682510376, 68, 52], "l_knee": [0.8874691128730774, 76, 52]}