{"head": [0.8990795016288757, 32, 48], "r_ankle": [0.14991483092308044, 72, 48], "r_elbow": [0.8176218867301941, 64, 36], "neck": [0.7547391057014465, 44, 48], "l_shoulder": [0.9315997362136841, 48, 60], "r_hip": [0.8789374828338623, 60, 44], "r_shoulder": [0.7804110050201416, 48, 40], "r_knee": [0.8094388842582703, 72, 44], "l_wrist": [1.005168080329895, 84, 68], "l_hip": [0.9558619260787964, 60, 52], "l_elbow": [1.023836612701416, 64, 64], "l_ankle": [0.10307817161083221, 70, 48], "l_knee": [0.9769186973571777, 72, 52], "r_wrist": [1.0496464967727661, 84, 32]}