{"head": [0.8772032856941223, 20, 52], "r_ankle": [0.0656861886382103, 76, 48], "r_elbow": [0.8513206839561462, 60, 36], "l_elbow": [0.8944782614707947, 60, 64], "l_wrist": [1.0304477214813232, 84, 68], "r_shoulder": [0.9062796831130981, 40, 40], "neck": [0.9709252119064331, 40, 52], "l_shoulder": [0.9989705085754395, 40, 64], "r_hip": [0.7781434655189514, 60, 44], "r_knee": [0.7738958597183228, 76, 44], "l_hip": [0.7765445113182068, 60, 52], "l_ankle": [0.22214245796203613, 68, 52], "l_knee": [0.8669926524162292, 72, 52], "r_wrist": [1.063325047492981, 80, 32]}