{"head": [0.9411042332649231, 20, 52], "r_ankle": [0.1277260035276413, 75, 48], "r_elbow": [0.8173578381538391, 60, 36], "r_shoulder": [0.8736083507537842, 40, 40], "neck": [0.8410601019859314, 40, 52], "l_shoulder": [1.0027968883514404, 40, 64], "r_hip": [0.7879696488380432, 60, 44], "r_knee": [0.7512280344963074, 76, 44], "l_wrist": [0.9991003274917603, 84, 68], "l_hip": [0.7848838567733765, 60, 52], "l_elbow": [0.9821853637695312, 60, 64], "l_ankle": [0.3027888536453247, 68, 52], "l_knee": [0.879802942276001, 72, 52], "r_wrist": [1.0393881797790527, 80, 32]}