{"head": [0.8278904557228088, 24, 52], "r_ankle": [0.01207878440618515, 84, 28], "l_elbow": [0.8067001700401306, 64, 64], "l_wrist": [0.8957506418228149, 84, 68], "r_shoulder": [0.9004648923873901, 40, 40], "neck": [0.7432853579521179, 40, 48], "l_shoulder": [0.7735179662704468, 40, 60], "r_hip": [0.745630145072937, 60, 40], "r_knee": [0.7698933482170105, 72, 44], "r_elbow": [0.9502947330474854, 56, 32], "l_hip": [0.7969133853912354, 60, 52], "r_wrist": [0.9964315891265869, 76, 32], "l_ankle": [0.317720502614975, 72, 52], "l_knee": [0.015376470983028412, 72, 68]}