{"head": [0.9804770350456238, 20, 52], "r_ankle": [0.7345516681671143, 68, 44], "r_knee": [0.2102435827255249, 65, 41], "r_elbow": [0.9849344491958618, 60, 36], "l_elbow": [0.8086987137794495, 60, 64], "neck": [0.9576274156570435, 40, 52], "r_shoulder": [1.0487316846847534, 40, 40], "l_shoulder": [1.008175015449524, 40, 64], "r_hip": [0.6172435879707336, 56, 44], "l_hip": [0.6866198182106018, 60, 56], "l_knee": [0.48268383741378784, 64, 56], "l_ankle": [0.6182531714439392, 68, 52], "l_wrist": [0.8969981670379639, 84, 68], "r_wrist": [1.0183789730072021, 80, 32]}