{"head": [0.4266245365142822, 56, 56], "r_hip": [0.12324252724647522, 68, 16], "l_ankle": [0.0019896328449249268, 22, 16], "r_ankle": [0.007554642856121063, 92, 12], "l_knee": [0.01237335056066513, 56, 72], "r_knee": [0.046337731182575226, 50, 20], "l_elbow": [0.40509384870529175, 68, 72], "r_elbow": [0.7578187584877014, 68, 28], "r_wrist": [0.8591029644012451, 80, 32], "r_shoulder": [0.46430182456970215, 64, 40], "l_shoulder": [0.4089358448982239, 76, 64], "l_wrist": [0.6865655183792114, 84, 68], "neck": [0.5267367959022522, 76, 52]}