{"head": [0.9694448113441467, 12, 52], "r_ankle": [0.2675558924674988, 72, 46], "r_wrist": [1.0809593200683594, 80, 32], "r_hip": [0.7664070725440979, 60, 44], "neck": [0.9008016586303711, 36, 52], "r_shoulder": [0.8260587453842163, 36, 40], "l_shoulder": [0.7706544399261475, 36, 68], "l_elbow": [0.902021050453186, 60, 68], "l_wrist": [0.9379439353942871, 84, 72], "r_elbow": [1.0238573551177979, 60, 36], "r_knee": [0.605299711227417, 68, 44], "l_hip": [0.7850704193115234, 60, 56], "l_knee": [0.9467029571533203, 76, 52], "l_ankle": [0.3527596592903137, 72, 55]}