{"head": [0.9784228205680847, 20, 52], "r_ankle": [0.7719044089317322, 68, 44], "r_knee": [0.1965227872133255, 65, 41], "l_elbow": [0.8544830083847046, 60, 64], "r_shoulder": [1.043928623199463, 40, 40], "neck": [0.9923427104949951, 40, 52], "l_shoulder": [1.0194365978240967, 40, 64], "r_hip": [0.6206188201904297, 56, 44], "r_elbow": [0.971523642539978, 60, 36], "l_hip": [0.6528068780899048, 60, 56], "l_wrist": [0.8899232149124146, 84, 68], "l_knee": [0.5000945329666138, 64, 56], "l_ankle": [0.671622097492218, 68, 52], "r_wrist": [0.9962105751037598, 80, 32]}