{"head": [0.5292690992355347, 56, 56], "l_ankle": [0.004655107855796814, 28, 16], "r_hip": [0.10065078735351562, 68, 16], "r_ankle": [0.002980262041091919, 32, 16], "r_shoulder": [0.5448271036148071, 68, 40], "l_knee": [0.013656266033649445, 48, 40], "l_elbow": [0.38568809628486633, 72, 72], "r_knee": [0.102137491106987, 52, 36], "l_shoulder": [0.3826046586036682, 76, 64], "l_hip": [0.006464280188083649, 52, 28], "l_wrist": [0.6118066310882568, 84, 68], "r_elbow": [0.7518196702003479, 64, 28], "neck": [0.6241804957389832, 76, 52], "r_wrist": [0.9204667806625366, 80, 32]}