{"head": [0.940258800983429, 28, 52], "r_elbow": [1.0337731838226318, 64, 32], "r_shoulder": [0.9209131002426147, 44, 40], "neck": [0.7656674385070801, 48, 52], "l_shoulder": [0.8627737760543823, 48, 64], "r_hip": [0.5492838621139526, 64, 44], "r_knee": [0.3887803554534912, 68, 40], "l_hip": [0.6253892183303833, 64, 56], "l_wrist": [1.0916309356689453, 84, 68], "l_knee": [0.4133538603782654, 68, 60], "l_elbow": [0.9308465719223022, 64, 68], "r_wrist": [0.8410345315933228, 84, 32], "l_ankle": [0.05346590280532837, 75, 52], "r_ankle": [0.0036217737942934036, 76, 43]}