{"head": [1.0805649757385254, 28, 48], "r_ankle": [0.13984861969947815, 68, 32], "neck": [1.1333293914794922, 40, 48], "l_shoulder": [0.9791786670684814, 44, 56], "r_shoulder": [0.9862710237503052, 44, 40], "r_knee": [0.694834291934967, 76, 44], "l_elbow": [0.9992430210113525, 52, 60], "r_elbow": [0.869606077671051, 52, 36], "r_hip": [0.7145742177963257, 60, 44], "l_hip": [0.7674143314361572, 60, 52], "l_wrist": [0.8655253648757935, 60, 56], "r_wrist": [0.9110217094421387, 64, 40], "l_ankle": [0.15092602372169495, 68, 52], "l_knee": [0.8655909299850464, 72, 52]}